time_years,Ca,Si,Al,Mg,S,C
1.0,1.7079123020410298,0.041325494619084795,0.04414629097097513,2.1188690584315217e-06,1.0342046759910966,0.08922247875967709
2.0,1.7141498311175376,0.04124354478871626,0.044006062094249,2.1248669393403758e-06,1.0262942465385128,0.08856985828141888
3.0,1.7203832037757152,0.04116249213398167,0.043866903871224654,2.1308541751319848e-06,1.0184798218484508,0.08792520478044046
4.0,1.7266124127572882,0.04108232397037749,0.04372880427769469,2.1368308038245756e-06,1.0107598231869297,0.08728838708026537
5.0,1.7328399996671733,0.04100298362696519,0.04359169958555375,2.1427987839201264e-06,1.0031335954195335,0.08665940346682992
6.0,1.739063491261711,0.04092450178160094,0.043455629009123434,2.148756293348567e-06,0.9955987390718231,0.08603800108722073
7.0,1.7452837235031815,0.040846851854736396,0.043320564111230135,2.1547040030726006e-06,0.9881540577367447,0.0854240971468823
8.0,1.7515007123346336,0.04077002173276611,0.043186493435058516,2.1606419663011394e-06,0.9807980950392097,0.08481756994349923
9.0,1.757714473166991,0.040693999568416635,0.043053405776797386,2.1665702343052444e-06,0.9735294244248337,0.08421830017569619
10.0,1.763925057919796,0.0406187730060611,0.04292128920092459,2.1724888887216334e-06,0.9663466589182743,0.08362617274440871
11.0,1.77013241632159,0.040544331768290295,0.04279013414977108,2.1783979289243894e-06,0.959248407552165,0.08304107007632025
12.0,1.7763365929152082,0.04047066410052195,0.04265992927240333,2.184297428643895e-06,0.9522333377212883,0.08246288139214346
13.0,1.7825376069388204,0.04039775888691526,0.042530663883055514,2.1901874415659665e-06,0.9453001348894313,0.08189149694754322
14.0,1.7887354726115392,0.04032560530129542,0.042402327556125344,2.196068017036071e-06,0.9384475095099534,0.08132680897017021
15.0,1.794929299100812,0.040254211476190425,0.04227493181804416,2.201938459635381e-06,0.9316740553843857,0.08076867123475426
16.0,1.8011210000962883,0.04018352465121115,0.04214841681165929,2.2078004392883807e-06,0.9249787125958119,0.08021706823945043
17.0,1.8073094081213548,0.040113567803550694,0.04202281280489348,2.2136528555638134e-06,0.9183604420059367,0.07967183835523439
18.0,1.8134949886757892,0.0400443120196189,0.04189808634971217,2.2194963230455234e-06,0.9118177453706562,0.07913290887402738
19.0,1.8196780799128995,0.039975745980309396,0.041774227458211265,2.225331039062598e-06,0.9053496654360905,0.07860019173714546
20.0,1.8258573848393171,0.039907884705068675,0.04165125433885857,2.231156029710452e-06,0.8989548174999993,0.0780735372737894
21.0,1.832032671830463,0.039840724307007934,0.04152916411796343,2.2369711241950406e-06,0.8926320611257141,0.07755284276939824
22.0,1.8382068133813825,0.03977419668343228,0.04140788055643628,2.2427787135463012e-06,0.8863807119476766,0.07703813250632205
23.0,1.8443760521648804,0.03970837008149977,0.04128748281766976,2.248575748498954e-06,0.8801991428162039,0.07652916408936426
24.0,1.8505432217201934,0.03964317410083744,0.0411678914223219,2.2543646595624483e-06,0.8740865663166202,0.07602596410980175
25.0,1.8567075113652367,0.039578623968453255,0.041049126408367075,2.260144667129924e-06,0.868042108213279,0.07552840794999728
26.0,1.862868612030052,0.03951471637927555,0.04093118496236247,2.265915574288868e-06,0.8620646555194172,0.0750363990057426
27.0,1.869027833308872,0.03945141057653312,0.04081402108728984,2.271678605854832e-06,0.8561531646272078,0.07454990561451211
28.0,1.875182331537866,0.03938875858803095,0.0406976947074329,2.277431421539267e-06,0.8503063693063975,0.07406873816993181
29.0,1.881335476896725,0.03932668614274246,0.040582124128842496,2.2831767544634115e-06,0.8445238008914168,0.07359293886415406
30.0,1.8874849002362377,0.039265231092287155,0.04046735195532096,2.288912757925395e-06,0.8388041533636632,0.07312234288089994
31.0,1.8936314077799907,0.03920437006354658,0.04035335310057987,2.2946401041626035e-06,0.8331466188602169,0.07265690139158766
32.0,1.8997750120073535,0.03914409516608204,0.040240119551445096,2.3003588351420414e-06,0.8275502868708436,0.07219653837358778
33.0,1.9059157244947782,0.0390843986319352,0.04012764339553927,2.3060689924149877e-06,0.8220142629504339,0.07174117921290697
34.0,1.912052729524415,0.03902528875276996,0.04001593422839618,2.3117699601007634e-06,0.816537552644571,0.0712907232789532
35.0,1.9181876122222123,0.03896672559808007,0.03990494849738378,2.317463069247922e-06,0.811119421528988,0.07084515233698921
36.0,1.924319369169996,0.03890872342203567,0.03979470230893374,2.323147521792908e-06,0.8057590198532673,0.07040436049862998
37.0,1.9304486249836352,0.038851265432468855,0.03968517895747547,2.3288237860349424e-06,0.800455612940812,0.06996829787697376
38.0,1.9365750475209864,0.03879434890607268,0.03957637509741681,2.3344916787189183e-06,0.7952082833138754,0.06953688604057391
39.0,1.9427004265639358,0.038737942314056854,0.039468259751672584,2.340152440266525e-06,0.7900167398983318,0.06911010945987556
40.0,1.9488194357091089,0.03868211231328206,0.03936089690509395,2.345802504884811e-06,0.7848786664057761,0.06868774860929269
41.0,1.9549389267077273,0.03862675595734913,0.03925418579217192,2.3514465804525206e-06,0.7797952312461008,0.06826993548887104
42.0,1.9610526387018572,0.03857195863036016,0.03914821051239119,2.357080322390084e-06,0.7747639381625904,0.06785642846384997
43.0,1.967165060510613,0.03851764643175104,0.039042897035890964,2.3627069396449336e-06,0.7697852653965872,0.06744729202058113
44.0,1.973274719175303,0.03846383520633739,0.03893826082242415,2.368325419436452e-06,0.7648580757123393,0.06704242315802159
45.0,1.9793816155068324,0.038410518742395296,0.0388342953181007,2.37393579170815e-06,0.7599816475186052,0.06664176162054039
46.0,1.9854872821180898,0.03835766796612664,0.03873097135825171,2.379539170753858e-06,0.7551556717224899,0.06624528883473428
47.0,1.9915887698849448,0.038305320988337,0.03862832620136669,2.3851335008315435e-06,0.7503786724812294,0.06585286804094302
48.0,1.9976874502699198,0.038253451519293026,0.03852633339826095,2.390719778268787e-06,0.7456503375371625,0.0654644788788766
49.0,2.0037833331688524,0.038202053682642255,0.038424986715003016,2.396298037501506e-06,0.7409700005329467,0.06508006552899054
50.0,2.0098766056652293,0.03815111864129402,0.038324276891328425,2.4018684450130846e-06,0.7363370315187654,0.06469957777349282
51.0,2.015965703702243,0.038100664356606584,0.03822422110487115,2.4074299183542816e-06,0.7317503976721684,0.06432292232985261
52.0,2.0220537568000534,0.03805063671290733,0.03812476524199676,2.412984735366918e-06,0.7272101798824826,0.0639501247861671
53.0,2.028140343877161,0.03800104166136452,0.03802591588461011,2.4185325268752593e-06,0.7227158322789657,0.06358111925207403
54.0,2.034222881474045,0.03795190742778107,0.03792769896617077,2.4240715904916974e-06,0.7182659057931763,0.0632157931184424
55.0,2.040301150042388,0.03790323358742195,0.03783011378777282,2.429601769097674e-06,0.7138598161804361,0.06285409127053683
56.0,2.046378666503831,0.03785496248527404,0.037733103471098345,2.4351255726794303e-06,0.7094978128345295,0.062496047585522164
57.0,2.052452943876287,0.03780712631074478,0.037636698915688035,2.440641268537067e-06,0.7051787207560746,0.06214155406121361
58.0,2.0585248875936357,0.037759706274708434,0.037540881136228374,2.4461495275462015e-06,0.7009021686989632,0.06179058391238923
59.0,2.0645957987263572,0.03771267821909791,0.037445626076468196,2.451651291694757e-06,0.6966678983380046,0.06144311892034859
60.0,2.070660912399127,0.03766610796110426,0.037350997040655684,2.45714322841448e-06,0.6924742331112081,0.06109900537665581
61.0,2.076725010934052,0.0376199197372009,0.03725691980509247,2.4626287351472254e-06,0.688321748978246,0.06075830528077216
62.0,2.082786511711919,0.03757413229826381,0.03716341194046227,2.4681067222826585e-06,0.6842095354419119,0.0604209381042477
63.0,2.088845749217246,0.037528735918268954,0.037070463347748425,2.473577453401614e-06,0.6801371346278801,0.06008686691594015
64.0,2.0949017642619827,0.037483740528602816,0.036978083058269474,2.479040272513819e-06,0.6761038198382212,0.05975602759075965
65.0,2.1009558325172613,0.03743912230062004,0.03688624724187412,2.484496111233009e-06,0.6721093503058413,0.059428404811657676
66.0,2.1070067152388203,0.037394895581225114,0.03679496922166716,2.489944113688115e-06,0.6681529613832125,0.059103930286168484
67.0,2.113055351929565,0.037351041714661366,0.0367042301857977,2.4953849736606674e-06,0.6642343540705757,0.05878258252573777
68.0,2.1191014400137975,0.03730756098464471,0.036614029755290003,2.5008185006011177e-06,0.6603529773450886,0.05846431451090853
69.0,2.1251466484990953,0.03726442434043925,0.036524339195070525,2.5062458963051765e-06,0.656508712018591,0.05814911968423041
70.0,2.1311861125058327,0.03722170006568377,0.03643522387910307,2.5116637481887827e-06,0.652700033410916,0.05783686132519162
71.0,2.137224602628591,0.03717931277628523,0.036346610080789314,2.517075456564416e-06,0.6489275101098073,0.05752759621720627
72.0,2.1432620018486648,0.03713726192672863,0.03625849730976973,2.5224809151033273e-06,0.6451906597383797,0.05722128293589826
73.0,2.14929547181132,0.03709558249458949,0.036170917425378896,2.5278782304108262e-06,0.6414884146592503,0.056917828987146965
74.0,2.1553264391726494,0.037054250933356354,0.03608384760412006,2.533268390140342e-06,0.6378206442145866,0.05661722533989057
75.0,2.1613537679488464,0.03701327849542471,0.03599729731007743,2.5386506624223805e-06,0.6341866677550348,0.05631941454570193
76.0,2.167379390149599,0.03697263631065612,0.035911239428790744,2.544026337569547e-06,0.63058648259193,0.05602439720905058
77.0,2.1734029034294022,0.03693232452476844,0.03582567260433814,2.5493952081347656e-06,0.6270195635023957,0.055732130510221405
78.0,2.1794242278568796,0.03689234047401888,0.035740593505334414,2.5547572434063675e-06,0.6234854747485009,0.05544257822291636
79.0,2.1854427946604567,0.03685268944144847,0.035656006694385914,2.56011205430602e-06,0.6199837046152243,0.055155695878142744
80.0,2.191458892796019,0.03681336328912373,0.03557190354791051,2.565459872333745e-06,0.6165139029808638,0.05487145533989181
81.0,2.1974722356178735,0.03677436297115468,0.035488284349646224,2.570800512420869e-06,0.6130756232279312,0.054589818584971604
82.0,2.2034837368316462,0.03673567065570638,0.03540513097066285,2.576134657464306e-06,0.6096686391227618,0.05431076931726418
83.0,2.209493707018518,0.03669728062749776,0.03532243809139661,2.5814624884847346e-06,0.6062926519348518,0.05403428038217664
84.0,2.21550008055606,0.036659216829201306,0.035240226755476764,2.5867826608003006e-06,0.6029468569082569,0.05376028493986568
85.0,2.221503987859574,0.036621460446873595,0.03515847862722064,2.5920959566309166e-06,0.5996311088313273,0.05348877165582707
86.0,2.227504200403961,0.036584024785558805,0.035077205044653316,2.5974015779293087e-06,0.5963447974106781,0.05321968975523007
87.0,2.2335045726884233,0.036546854680579464,0.034996354732371955,2.602702112589025e-06,0.5930883334605124,0.05295307287462347
88.0,2.239501240829228,0.036509998918510964,0.03491597135572347,2.607995010391098e-06,0.5898605886911407,0.05268882766246323
89.0,2.2454955540742514,0.03647343617904688,0.034836034659750825,2.6132811901626305e-06,0.5866614821173648,0.05242694726685984
90.0,2.2514860273324877,0.03643718338616299,0.03475655890076464,2.6185596845883216e-06,0.5834903797162632,0.05216737954027385
91.0,2.2574756603380335,0.036401196728033075,0.03467750355969269,2.623832518334821e-06,0.5803475306032282,0.051910143899017006
92.0,2.263462581913832,0.036365498921944614,0.03459888846295873,2.629098451133109e-06,0.5772322278052634,0.05165518286687786
93.0,2.269448687813989,0.03633006076669676,0.03452068648511909,2.6343587825074053e-06,0.5741445132823086,0.05140249817621211
94.0,2.275430954989193,0.03629492048852361,0.03444293079176184,2.63961151278211e-06,0.5710834787798401,0.05115201636949304
95.0,2.2814109567195224,0.03626005384653422,0.034365598906435806,2.644857710700493e-06,0.5680491076119338,0.0509037351647499
96.0,2.287387471802736,0.03622547429278117,0.034288701394121164,2.6500965906682814e-06,0.5650408548647013,0.05065761027432486
97.0,2.2933625901678405,0.03619115123293414,0.03421221082595508,2.655329547111436e-06,0.5620588058955285,0.05041364709017916
98.0,2.2993355226146295,0.03615709199150838,0.03413613255721936,2.6605560907687283e-06,0.5591025040607938,0.05017180830793441
99.0,2.305306113903981,0.036123296090184824,0.034060465213006756,2.665776133516372e-06,0.5561716192524747,0.04993206663495159
100.0,2.3112755680584756,0.03608974301454942,0.03398519012523871,2.670990533408776e-06,0.553266074388263,0.04969441441259406
101.0,2.3172402720538003,0.03605648340622675,0.03391034990154977,2.6761967950523193e-06,0.5503849169298265,0.04945877639160855
102.0,2.323205196348215,0.03602343924467265,0.03383587555395789,2.6813984366911434e-06,0.5475287263858187,0.049225198607598754
103.0,2.329166460399714,0.03599066939816553,0.033761818985309236,2.6865926949548185e-06,0.5446965932618528,0.048993602829182324
104.0,2.3351254292275354,0.03595814885171177,0.0336881563094977,2.6917805841430584e-06,0.5418884432311982,0.04876398516342952
105.0,2.3410820892370863,0.03592587538912856,0.033614884782265333,2.696962111185175e-06,0.5391039993289023,0.04853632251487539
106.0,2.3470364794982412,0.03589384583379847,0.033542000809932145,2.702137324432486e-06,0.5363429936907043,0.048310592855800034
107.0,2.352988537560613,0.03586205882778373,0.03346950211554714,2.7073061950081726e-06,0.5336051541234522,0.04808677309101722
108.0,2.3589383021453196,0.03583051126123998,0.03339738515848333,2.712468770815336e-06,0.5308902202250496,0.047864841845423244
109.0,2.364885753742768,0.035799201183466314,0.033325647373016846,2.7176250538154418e-06,0.5281979311127111,0.04764477725325317
110.0,2.3708309068952707,0.0357681259344111,0.03325428547794491,2.7227750738351716e-06,0.525528031269527,0.047426558239789196
111.0,2.3767724924927194,0.03573730436395613,0.033183311368619725,2.7279179221173528e-06,0.5228800901681832,0.04721014803882662
112.0,2.382714489377386,0.03570666712769473,0.033112674718179864,2.7330565339652672e-06,0.5202544060504593,0.046995575511588276
113.0,2.388651817762254,0.035676300549347555,0.03304243396988511,2.7381871452625376e-06,0.5176501154765938,0.04678275706463583
114.0,2.3945889613566442,0.035646118485333486,0.03297253149618096,2.7433132224117554e-06,0.5150673627519009,0.04657172816940897
115.0,2.4005228207862888,0.035616179167268884,0.032903002664965916,2.7484323516682353e-06,0.5125057090941082,0.04636243068452844
116.0,2.4064530565485853,0.03558648177156597,0.0328338392536083,2.7535443855314017e-06,0.5099648045752161,0.046154842128457184
117.0,2.4123837683172957,0.03555696004185535,0.03276501690224723,2.7586522534245688e-06,0.5074449621778314,0.04594899016219599
118.0,2.4183108692313104,0.03552767574068852,0.0326965543670685,2.7637530699526305e-06,0.5049454089225048,0.045744809022985354
119.0,2.424234716409305,0.03549862195693117,0.03262843900265767,2.7688470829655748e-06,0.5024660427005218,0.04554228468494936
120.0,2.4301572016207573,0.03546976095088016,0.03256066990223431,2.773935786485042e-06,0.5000066615831588,0.045341419543466994
121.0,2.436077723498925,0.035441109501330684,0.0324932457577748,2.7790185792929927e-06,0.4975672054045335,0.04514218840235991
122.0,2.441995760219429,0.035412668038947215,0.03242616083603604,2.784095214922157e-06,0.49514729334396756,0.04494456791901444
123.0,2.4479118266651394,0.03538442952334518,0.03235941731541758,2.7891660264425427e-06,0.49274680097347606,0.044748545626969456
124.0,2.4538265787276794,0.03535638909661469,0.032293027216019725,2.7942313616015095e-06,0.4903656234271484,0.04455411032598585
125.0,2.4597378979606916,0.03532855841826801,0.03222695490112571,2.799290100218934e-06,0.4880032057341812,0.04436122370325401
126.0,2.4656473258832836,0.035300926422648815,0.03216122358674138,2.8043430616165356e-06,0.48565957391109493,0.04416988425119926
127.0,2.471553531224187,0.035273491563925924,0.03209577164504592,2.809389642917848e-06,0.483334359745387,0.043980063972932984
128.0,2.477458423365552,0.035246250205861265,0.03203068034047685,2.814430792362265e-06,0.4810276317113631,0.043791762128690244
129.0,2.483361102115939,0.035219201925096144,0.03196591071451989,2.81946607887663e-06,0.4787390582433255,0.043604954830605
130.0,2.489261591149381,0.0351923449462872,0.031901461634653315,2.824495528708135e-06,0.4764684494088938,0.04341962616966637
131.0,2.495159918261396,0.035165677719423985,0.03183733259068198,2.8295191681961244e-06,0.47421561936187184,0.043235760472040405
132.0,2.5010558533549494,0.035139192667318096,0.03177349348679591,2.834536979744514e-06,0.47198034389251703,0.04305334084530018
133.0,2.506949998056134,0.03511290423197572,0.03171001804281566,2.8395490535040677e-06,0.46976252384104233,0.04287235496496242
134.0,2.5128424174639163,0.03508682288582849,0.031646939425135405,2.8445552713786143e-06,0.46756199517244906,0.04269278708956244
135.0,2.5187321240900684,0.03506091078709562,0.031584108362564575,2.8495556671679895e-06,0.46537840104778533,0.04251461787638984
136.0,2.524619558069788,0.03503515562275576,0.031521503331858255,2.854550582079244e-06,0.4632116738081957,0.04233783703144212
137.0,2.5305040733061244,0.035009545968672964,0.03145908661488329,2.859539876011191e-06,0.46106149381100325,0.042162424576910454
138.0,2.5363873368047494,0.034984171634094986,0.03139717320613071,2.864523151358185e-06,0.4589279618479863,0.04198837234900565
139.0,2.5422682464250426,0.034958956245289816,0.031335504418127054,2.869500869190971e-06,0.4568107353147012,0.04181566345133814
140.0,2.5481470178920587,0.03493391633781167,0.03127413872788279,2.874472917206856e-06,0.45470967773602994,0.0416442840556288
141.0,2.5540240996888857,0.03490909504958156,0.03121321212104036,2.8794389745548265e-06,0.45262469012000106,0.04147422116608785
142.0,2.559898068158204,0.034884351341261596,0.031152290342578392,2.8844000859786916e-06,0.4505553909315487,0.04130545871901046
143.0,2.5657703676329033,0.034859831131542396,0.031091826857330623,2.889355142435576e-06,0.4485018370538771,0.04113798598181522
144.0,2.5716406551942215,0.034835504003366234,0.031031726470488744,2.894304333476787e-06,0.4464638530855351,0.040971790813293295
145.0,2.5775088497136327,0.034811324713040756,0.03097186484117299,2.8992482736656563e-06,0.4444411056568289,0.04080685339621395
146.0,2.5833746990179147,0.034787315035639664,0.03091229497723093,2.9041864005068525e-06,0.4424336781354991,0.04064317046011393
147.0,2.58923795860906,0.03476339414122402,0.03085279595256939,2.9091197267464884e-06,0.44044109629669265,0.04048071609500496
148.0,2.5950994781957215,0.034739713075853454,0.030793803367901017,2.914046697973371e-06,0.4384636021705687,0.040319493998533136
149.0,2.600960226161432,0.034716182535255984,0.030735088507839365,2.918969159250164e-06,0.4365007479866582,0.040159474039842935
150.0,2.606816263117651,0.03469280270468766,0.030676581545674396,2.92388458771695e-06,0.4345526016711734,0.04000066668280671
151.0,2.6126715890050716,0.03466956312278181,0.0306183332029849,2.928795710515133e-06,0.43261870692157967,0.0398430328188215
152.0,2.6185231515620995,0.034646524088488,0.03056045051453601,2.933699669595813e-06,0.4306994326406625,0.03968659421206887
153.0,2.6243739029140847,0.034623517908271124,0.030502571276864145,2.9385982995216605e-06,0.4287843384375401,0.03953131684701286
154.0,2.6302311964139427,0.034600792706744404,0.030445258997490295,2.943501617949607e-06,0.42690571181080544,0.03937712917430255
155.0,2.617117031063067,0.03485965769454857,0.030788000551383067,2.9325901219107473e-06,0.4268864440942837,0.03937809140452841
156.0,2.57461967390825,0.03556988716370091,0.03178270299695159,2.897110711068438e-06,0.42984964044648893,0.039622785688215256
157.0,2.5330428832595127,0.03628999851869608,0.03280669176110874,2.8622137293485943e-06,0.4328578344485488,0.03986974068884299
158.0,2.492259568767574,0.03701970699271533,0.03386093850658694,2.827865328181014e-06,0.43584596202316184,0.04011730481209979
159.0,2.452284274482323,0.037759242544444474,0.03494611430758111,2.7940641388123806e-06,0.438856094933832,0.040366015513091075
160.0,2.4130957815119736,0.03850884704676455,0.03606351797807198,2.7607951480412247e-06,0.4418809956696031,0.04061595239741777
161.0,2.3746710085249116,0.03926854618247708,0.03721375846823479,2.728046519060006e-06,0.4449213949282586,0.04086716819898414
162.0,2.336990808037926,0.04003862598018344,0.03839823766975734,2.6958055882832144e-06,0.44797764130747875,0.04111970600119347
163.0,2.300035684687708,0.04081912736947869,0.039617677142314164,2.6640625066258013e-06,0.45105043311881204,0.04137360732074654
164.0,2.263785953406143,0.041610243525853664,0.04087324726388885,2.632805685437107e-06,0.454139812750431,0.04162890418627888
165.0,2.228222905545154,0.04241210108352755,0.04216591236705354,2.60202482024128e-06,0.4572461851828168,0.041885630625833566
166.0,2.1933327686467132,0.04322493127718593,0.043497140168100315,2.571710807687908e-06,0.4603708769725041,0.042143861667121314
167.0,2.1590985963801934,0.0440488490208513,0.04486795808304491,2.5418545238362503e-06,0.46351419903462115,0.04240363683805601
168.0,2.125500976821766,0.04488401273568784,0.04627942247652182,2.5124453454744485e-06,0.46667592006974973,0.042664960920938265
169.0,2.0925249387214784,0.04573061291418512,0.04773284292685928,2.483474388517747e-06,0.46985666674940846,0.04292787786122317
170.0,2.0601595989070827,0.04658880141615677,0.049229615594186864,2.4549352109694813e-06,0.473057645981704,0.04319247065568405
171.0,2.0283868459349255,0.047458774681446665,0.050770963839449866,2.4268176674086917e-06,0.47627864967895855,0.04345873710679248
172.0,1.9971951713713125,0.04834069155073149,0.052358289817276554,2.399115126129112e-06,0.4795205704179722,0.04372674230325542
173.0,1.9665699887191899,0.04923474564066596,0.05399298780187585,2.371819252414326e-06,0.4827835402087444,0.04399651054472278
174.0,1.9364987255598571,0.0501411175203187,0.055676507823025856,2.3449229281043925e-06,0.4860680808716039,0.04426808362568204
175.0,1.906969267925911,0.05105999366667512,0.057410344407319264,2.318419194846892e-06,0.4893747603510081,0.044541502956327056
176.0,1.8779695773348852,0.051991562444078966,0.05919603168724972,2.2923012575857896e-06,0.49270399557993294,0.04481680553648219
177.0,1.8494880448811573,0.05293601781197486,0.061035154473868716,2.266562503976819e-06,0.49605616246806983,0.04509402857290882
178.0,1.821513505663644,0.05389355598872347,0.06292934372587411,2.241196617065758e-06,0.49943175507937576,0.045373208988686804
179.0,1.794035176637599,0.05486437609430113,0.06488027877919772,2.2161975118011064e-06,0.5028312896291396,0.0456543833123089
180.0,1.7670425946245794,0.05584867966924848,0.0668896893586777,2.1915592615821965e-06,0.5062550925117232,0.04593758794823891
181.0,1.7405256469012202,0.056846671313017544,0.06895935610941467,2.167276158655487e-06,0.5097035358942874,0.04622285872738346
182.0,1.7144745705655873,0.05785855889746495,0.07109111145861795,2.143342727891335e-06,0.5131771223478675,0.04651023072356132
183.0,1.688879909919386,0.05888455305465781,0.0732868413352773,2.1197536736910844e-06,0.5166763246460018,0.046799738546630644
184.0,1.6637324832886424,0.059924866716374675,0.07554848685649342,2.0965038397513684e-06,0.5202014567703674,0.04709141654962759
185.0,1.6390234182359829,0.06097971594998287,0.07787804458785252,2.0735882777312055e-06,0.523752959548882,0.04738529827673411
186.0,1.6147440857180904,0.06204931883754467,0.08027756896024671,2.051002153465355e-06,0.5273310646844361,0.04768141704940485
187.0,1.590886183969917,0.06313389728923087,0.08274917114570464,2.0287408937300926e-06,0.5309363968637867,0.04797980483631525
188.0,1.5674416076396227,0.06423367461245892,0.08529502323422754,2.0067999864784493e-06,0.5345692151734421,0.04828049361866192
189.0,1.544402508046604,0.06534887677183333,0.08791735769077863,1.985175087731732e-06,0.5382298520109472,0.04858351454642431
190.0,1.5217612909720577,0.0664797325322473,0.09061846821176596,1.9638620291424724e-06,0.5419187777864007,0.04888889779725767
191.0,1.4995105556803874,0.0676264722308547,0.09340071242564643,1.942856727541779e-06,0.5456362489844637,0.04919667317533675
192.0,1.477643128036751,0.06878932855241687,0.09626651176759507,1.922155248281549e-06,0.5493825897043698,0.04950686956271592
193.0,1.4561520400713996,0.06996853619778029,0.09921835297500595,1.9017537807864512e-06,0.5531581163920137,0.04981951502866604
194.0,1.4350305363183544,0.0711643320953627,0.10225878856031263,1.8816486578491862e-06,0.5569632432326496,0.05013463660264101
195.0,1.414272038814749,0.07237695463937958,0.10539043884179859,1.8618363055940147e-06,0.5607982888158007,0.05045226057798952
196.0,1.3938701360552617,0.07360664340278356,0.10861599320825249,1.8423132322229324e-06,0.5646634378686421,0.050772412527293635
197.0,1.373818614975559,0.07485364001668628,0.11193820948949636,1.823076089927985e-06,0.5685590443414376,0.05109511674684103
198.0,1.3541114234870744,0.07611818723754782,0.11535991610049116,1.804121618831796e-06,0.572485400414981,0.05142039661524586
199.0,1.3347426597696164,0.07740052863797676,0.11888401311899227,1.7854466361298216e-06,0.5764427023740997,0.05174827458531326
200.0,1.3157065891016093,0.0787009091051728,0.12251347220941308,1.7670480700986413e-06,0.5804312276506204,0.05207877190755913
201.0,1.2969976230777263,0.08001957420271785,0.12625133762967802,1.7489229344220567e-06,0.5844512447980265,0.05241190860319209
202.0,1.2786103030159077,0.0813567698647057,0.13010072894262673,1.731068295253497e-06,0.5885028385501286,0.052747704172167835
203.0,1.260539328091013,0.08271274270059957,0.13406483653642706,1.713481351006716e-06,0.5925863969435577,0.0530861756162735
204.0,1.2427795274624873,0.0840877401838993,0.13814692954590577,1.6961593433356279e-06,0.5967020694904765,0.053427340448691824
205.0,1.2253256975577704,0.08548199986169927,0.1423503391978951,1.6790994597210122e-06,0.6008496625967679,0.053771207816856056
206.0,1.2081732862808616,0.08689579586271078,0.14667852258056557,1.662299385723077e-06,0.6050302172430997,0.054117809895788724
207.0,1.1913169264108001,0.08832931860037842,0.15113489139451972,1.6457561283923034e-06,0.6092425488585064,0.054467126948962157
208.0,1.1747523510919435,0.08978289230139948,0.15572313492723955,1.6294675964709884e-06,0.6134883446971524,0.05481920794302606
209.0,1.158474755284439,0.09125669478515887,0.1604468016227362,1.6134311090329773e-06,0.6177666027557837,0.055174035038888083
210.0,1.142479698124294,0.09275097057926152,0.16530961970836822,1.5976443009390952e-06,0.6220774631290734,0.05553161879669136
211.0,1.1267628201937139,0.09426602251627898,0.17031547963440383,1.5821049904157536e-06,0.6264219721170237,0.055891987680474896
212.0,1.1113195654867358,0.09580201486267112,0.1754681467168692,1.566810570472646e-06,0.6307987210960306,0.056255116169927843
213.0,1.096145841203918,0.09735922395952122,0.1807716315503073,1.5517589617569565e-06,0.6352087052609116,0.056621022237055604
214.0,1.0812375489281456,0.09893787859996489,0.18622995647825022,1.5369479387925498e-06,0.6396516082708162,0.05698970895461009
215.0,1.0665906773265397,0.10053822048373204,0.19184723777377463,1.5223753894795826e-06,0.6441277618253732,0.05736118004456908
216.0,1.0522011528411417,0.1021604684787579,0.19762763975458006,1.50803908322593e-06,0.6486368790594221,0.057735427964285796
217.0,1.0380652253503628,0.10380487083827855,0.20357544980272926,1.4939370512174635e-06,0.6531793694472835,0.05811246160176865
218.0,1.0241785914380361,0.10547158776206936,0.20969489873390637,1.4800667803635728e-06,0.657753926325495,0.05849224054633933
219.0,1.0105378439304065,0.10716089084185135,0.2159904712890326,1.4664265269701965e-06,0.662361377223665,0.0588747873515616
220.0,0.9971392680198079,0.10887298915894592,0.22246662400241152,1.4530142601255548e-06,0.6670017080796272,0.059260090320623245
221.0,0.983979108021504,0.11060808255077301,0.22912788737108708,1.4398278410940247e-06,0.6716744119983384,0.059648132566999926
222.0,0.9710538322905886,0.11236638218975525,0.23597887714190896,1.426865325745703e-06,0.6763795530802419,0.06003890479999616
223.0,0.9583598113874259,0.11414807850954316,0.24302426047657236,1.4141246194411762e-06,0.6811166373747113,0.060432386432482485
224.0,0.9458938435268879,0.11595339786144832,0.2502688166705225,1.401604036154515e-06,0.6858863691853415,0.06082857988252281
225.0,0.9336519991806147,0.11778247537398628,0.25771729818987904,1.3893010646450489e-06,0.6906868542159891,0.06122743377421552
226.0,0.9216312995608548,0.11963553760315458,0.2653746179162205,1.377214183825759e-06,0.6955192261248867,0.06162895388674918
227.0,0.9098283226299799,0.12151275298750827,0.2732456991553233,1.3653413429407117e-06,0.7003829332771134,0.06203311237267124
228.0,0.8982396578551993,0.12341428017788354,0.2813355257752433,1.3536804464112333e-06,0.7052771930908598,0.062439877627363936
229.0,0.8868621823231237,0.12534029656707163,0.2896491547407261,1.3422296918685428e-06,0.7102021944230666,0.06284923128002243
230.0,0.8756927506225171,0.12729096647132757,0.2981916923268344,1.330987205548762e-06,0.7151578297375906,0.06326114961956389
231.0,0.8647279255977804,0.12926641060816632,0.3069682782303637,1.3199507133740679e-06,0.7201426968380579,0.06367558445609951
232.0,0.8539647948141796,0.13126679552038026,0.31598413179067913,1.3091185227172596e-06,0.7251571926068233,0.06409251895842305
233.0,0.8434001992238436,0.13329224880692087,0.3252445022439649,1.298488601862094e-06,0.730200710862778,0.06451191436870937
234.0,0.8330310924368731,0.13534289904643024,0.3347546892126743,1.2880590046343277e-06,0.735272804747874,0.06493373630964289
235.0,0.822854446410005,0.13741886460319358,0.34452003268749,1.277827764570515e-06,0.7403730412324622,0.0653579466822678
236.0,0.8128672699295897,0.13952025615656893,0.35454591345858893,1.2677929117394057e-06,0.7455009302064102,0.0657845062493301
237.0,0.8030666107963407,0.1416471767099945,0.3648377484261782,1.2579524804180782e-06,0.7506560003607616,0.06621337445889637
238.0,0.7934495254156166,0.14379971793472862,0.375400989755413,1.2483044661691003e-06,0.7558376745458131,0.06664450727120692
239.0,0.7840131236539988,0.1459779654189977,0.3862411197217573,1.2388468889731965e-06,0.7610454444335955,0.06707786070330857
240.0,0.7747545343181325,0.14818199460779996,0.39736364949299474,1.2295777457182832e-06,0.7662787336910797,0.06751338837795527
241.0,0.7656709166592653,0.15041187197313163,0.40877411519745877,1.2204950269292296e-06,0.7715369580708714,0.06795104234315102
242.0,0.7567594617223966,0.1526676551230619,0.42047807429795975,1.2115967210052527e-06,0.7768195716541455,0.06839077302588732
243.0,0.7480173768187217,0.15494939141991784,0.43248110680366986,1.2028807858320657e-06,0.7821258286831327,0.0688325294635956
244.0,0.739441908882333,0.15725711972641446,0.44478880495338213,1.1943451936682477e-06,0.7874551848031037,0.06927625884033164
245.0,0.7310303229130756,0.159590868750243,0.4574067772177405,1.185987890473345e-06,0.7928069248673059,0.06972190709906498
246.0,0.722779923496931,0.16195065895957042,0.4703406376232133,1.1778068378442393e-06,0.7981804994693699,0.07016941885991985
247.0,0.7146880267775024,0.16433649974003312,0.48359601226553584,1.1697999604330543e-06,0.8035751569960609,0.07061873716971961
248.0,0.7067519756001579,0.16674839115235252,0.4971785310773238,1.1619651758193475e-06,0.8089900989538772,0.07106980408380373
249.0,0.698969146940688,0.16918632421467908,0.5110938224498502,1.1543004080105251e-06,0.8144246699642583,0.07152256012577037
250.0,0.6913369411320227,0.17165028017587636,0.5253475133253173,1.146803568620702e-06,0.819878148350038,0.07197694474778615
251.0,0.683852785336825,0.1741402308313012,0.5399452255764243,1.1394725635539866e-06,0.825349822321598,0.07243289625051486
252.0,0.6765141289015169,0.17665613812905961,0.5548925745037718,1.1323052851426297e-06,0.8308388932811034,0.07289035199434371
253.0,0.6693184503555396,0.17919795481038073,0.5701951642003259,1.1252996248935176e-06,0.8363446110036724,0.07334924826113759
254.0,0.6622632517901459,0.1817656241338918,0.5858585856337707,1.1184534658217296e-06,0.841866183044497,0.0738095204026019
255.0,0.6553460631858894,0.18435907985835898,0.6018884134535691,1.1117646870281361e-06,0.8474027974481343,0.07427110305531957
256.0,0.6485644394028608,0.18697824686891432,0.6182902033945936,1.1052311646602107e-06,0.8529536688609564,0.07473392975848238
257.0,0.6419159694810911,0.18962304080450684,0.6350694872656937,1.0988507805232192e-06,0.858518050624904,0.07519793372020331
258.0,0.6353982571337157,0.19229336839869654,0.652231776826287,1.0926214002108208e-06,0.8640950982382268,0.0756630469258475
259.0,0.6290089342299451,0.19498912699245702,0.6697825586742381,1.0865408856553476e-06,0.869683896511204,0.07612920118769141
260.0,0.622745672899323,0.1977102057281412,0.6877272833567952,1.0806071198692758e-06,0.8752837258390334,0.07659632787875183
261.0,0.6166061539599115,0.2004564855955254,0.7060713787488266,1.0748179652489283e-06,0.8808937239842135,0.07706435681816956
262.0,0.6105880977103415,0.20322783763627772,0.724820235450811,1.069171291373593e-06,0.8865129657761613,0.07753321899829588
263.0,0.6046892392899385,0.20602412711790263,0.7439792143443803,1.063664969090794e-06,0.8921406629088808,0.07800284272419472
264.0,0.5989073686383696,0.20884520984723806,0.7635536248082301,1.0582969001994924e-06,0.8977761604645218,0.07847315797732515
265.0,0.5932402892365352,0.21169093017935922,0.7835487451183963,1.0530649518991297e-06,0.9034182597495652,0.07894409661983938
266.0,0.5876858236159795,0.21456113059913498,0.8039698159422793,1.0479670189421511e-06,0.9090663003872962,0.07941558557121074
267.0,0.5822418307092982,0.21745564330085967,0.8248220315283026,1.0430009972304158e-06,0.9147194025674931,0.07988755395327957
268.0,0.5769062070694072,0.22037429446576887,0.846110534402358,1.0381648104535558e-06,0.9203769320350824,0.08035993018338214
269.0,0.5716768523310055,0.22331690057416337,0.8678404417343166,1.0334563397957416e-06,0.9260376674699198,0.08083264350601496
270.0,0.56655171557628,0.22628327302925327,0.8900168069923713,1.0288735158764192e-06,0.9317008292279075,0.0813056226091917
271.0,0.5615287769366282,0.22927321636836137,0.9126446355927379,1.024414280024878e-06,0.937365688331536,0.08177879620579029
272.0,0.5566060115723345,0.2322865251698904,0.9357290162282826,1.020076414768448e-06,0.9430303521785527,0.08225210163358321
273.0,0.5517815051422044,0.2353230136017369,0.9592744446567147,1.0158583037211204e-06,0.9486965454870676,0.08272545482168035
274.0,0.5470533216069536,0.23838242077314328,0.9832861881086834,1.0117576425165337e-06,0.9543617678535325,0.08319877171219595
275.0,0.5424195102594439,0.24146456484449355,1.007768800091992,1.0077723993372574e-06,0.9600246100909533,0.08367201518430518
276.0,0.5378781926174775,0.24456921261462414,1.0327272705019854,1.0039005520417997e-06,0.9656849872510197,0.08414509821555625
277.0,0.5334275491348386,0.24769612649304446,1.0581661561086733,1.00014017284801e-06,0.9713416737596351,0.08461795301075899
278.0,0.5290657584139851,0.2508450644278388,1.0840899500499042,9.964893440706692e-07,0.9769946741459198,0.08509050471527708
279.0,0.5247910160502706,0.25401580351343256,1.110503593260492,9.929460089732346e-07,0.982642475878326,0.08556269023219573
280.0,0.5206015526665326,0.257208081281099,1.1374111975062973,9.895083253100687e-07,0.9882836150417807,0.08603444103438067
281.0,0.5164957298381487,0.26042166195593913,1.1648173351515188,9.861744785599658e-07,0.9939193755128753,0.08650568823116875
282.0,0.5124716930055488,0.2636562541917788,1.1927266316023748,9.829422639827812e-07,0.9995465832229226,0.08697634961760936
283.0,0.5085277135713396,0.2669115647385085,1.2211432511751208,9.798097353588474e-07,1.005164058160401,0.08744634802929178
284.0,0.5046626498638762,0.27018752395014217,1.2500711877992132,9.767760468936747e-07,1.0107754074761648,0.08791569476470623
285.0,0.5008743617495816,0.27348366223366927,1.2795151055430534,9.738382764364194e-07,1.016375321885444,0.088384237220424
286.0,0.499659698828359,0.27531598919323275,1.29798295216521,9.736623156938444e-07,1.0136378732876183,0.08803469111283362
287.0,0.5003634140832537,0.276023306668164,1.3078316007025867,9.75536580343713e-07,1.0046759164823298,0.08707672144569911
288.0,0.5010141174721252,0.27676212451873483,1.317948388450872,9.773529451156878e-07,0.9960359458655341,0.08615330232862944
289.0,0.5016126604988751,0.2775317776991598,1.3283331854744882,9.791124339734903e-07,0.9877056902669271,0.08526318684733968
290.0,0.5021582301501815,0.278331946170807,1.3389847893311155,9.80815761444062e-07,0.9796737187968553,0.08440521532178252
291.0,0.5026533728476118,0.2791631709398362,1.3499210304946099,9.8246233177576e-07,0.9719449894589242,0.08357922837266363
292.0,0.5030957330307562,0.28002470450881695,1.361132025000981,9.840533925306724e-07,0.9645004454693459,0.08278362977316181
293.0,0.503486313796058,0.28091664717141945,1.3726263728897756,9.855890160667618e-07,0.9573370741391356,0.08201781991649762
294.0,0.50382532465047,0.28183888265408147,1.384407559662108,9.87069804244281e-07,0.9504470678772745,0.08128097424844954
295.0,0.5041131125744572,0.2827913019079312,1.3964795726301698,9.884963370502853e-07,0.9438249142097402,0.08057229226947835
296.0,0.5043499939419183,0.2837737647005503,1.4088465252331206,9.898690432333903e-07,0.9374632308099234,0.0798909884069237
297.0,0.5045363883304413,0.28478615484879066,1.4215118325711307,9.911887627920084e-07,0.9313552877398268,0.07923630399227811
298.0,0.5046727571037515,0.2858283318523765,1.4344793289299669,9.924561901261443e-07,0.9254950542426572,0.07860749139031846
299.0,0.5047596231694603,0.2869001619347207,1.4477527739804976,9.9367209974078e-07,0.919875896267439,0.07800382970695442
300.0,0.5047975722258876,0.2880014976146082,1.4613361740758937,9.948372431003671e-07,0.9144921332195981,0.07742460906781015
301.0,0.5047872198049116,0.28913219227210224,1.4752330635849713,9.959525487293742e-07,0.9093374478927376,0.07686914164023169
302.0,0.5047292314549681,0.2902920915914364,1.4894469344240997,9.970189832934117e-07,0.904405908330408,0.07633675658080909
303.0,0.5046243464340022,0.2914810364410067,1.5039817643296223,9.980374470071096e-07,0.8996918778037507,0.07582679704331875
304.0,0.5044733182544859,0.2926988610571348,1.5188412092512131,9.990089110397611e-07,0.8951899141549025,0.07533862288903782
305.0,0.5042769501969805,0.2939454011362222,1.534028436743758,9.999345664796536e-07,0.8908937145407837,0.07487161796651515
306.0,0.5040360946150864,0.29522047455080674,1.5495475183510024,1.0008153337255727e-06,0.8867985527030452,0.07442516526609626
307.0,0.5037516422262242,0.29652388564683446,1.565401718022247,1.0016523480030966e-06,0.8828989515797941,0.07399867827013448
308.0,0.5034245008161373,0.29785545301870964,1.5815946234178142,1.0024467414016829e-06,0.8791895566197517,0.07359157583168842
309.0,0.5030556503672019,0.2992150067917535,1.598129552044833,1.0031998371217886e-06,0.8756657813335145,0.07320329702776504
310.0,0.5026460425261349,0.3006023267728854,1.6150100786530737,1.0039126763087669e-06,0.8723215509006835,0.07283329209225982
311.0,0.5021967131275619,0.30201722474249887,1.632239575220255,1.004586537805046e-06,0.8691526297303347,0.07248102829746011
312.0,0.5017086948246227,0.3034594692623633,1.6498214724911993,1.0052225840747692e-06,0.8661544206355979,0.07214597405824538
313.0,0.5011830278756818,0.3049288558346438,1.6677586630503596,1.0058221783396614e-06,0.863321499755933,0.07182762689652701
314.0,0.5006208156995189,0.3064251658678697,1.6860549514762628,1.0063864784901541e-06,0.8606497471720128,0.0715254879850149
315.0,0.5000189857566849,0.3079480346463355,1.7047122260150638,1.006914602020274e-06,0.8581230478417674,0.0712388588377507
316.0,0.4993911209483102,0.3094976439934036,1.723736561301309,1.0074145459082707e-06,0.8557711552346302,0.07096790553198559
317.0,0.498725865193735,0.31107334331622544,1.7431281594592771,1.0078808818142779e-06,0.8535552218159631,0.07071152992763126
318.0,0.49802853895108623,0.31267502532246744,1.762891186036285,1.0083171325294412e-06,0.8514833077510872,0.07046949175148096
319.0,0.49730027213739203,0.3143024473248963,1.7830287918103018,1.0087245710458296e-06,0.8495506528683922,0.07024135307963242
320.0,0.4965421919541418,0.3159553616000325,1.8035437285881972,1.00910453773428e-06,0.8477528695911579,0.07002668738155446
321.0,0.4957554660647816,0.317633498230651,1.8244388357352166,1.00945832052967e-06,0.8460863504815381,0.06982507682294566
322.0,0.49494122831313825,0.31933661181347384,1.8457169806938316,1.009787241009206e-06,0.8445469036829666,0.06963611588300034
323.0,0.4941006521814622,0.3210644326121539,1.8673815691517883,1.010092464506269e-06,0.8431310500525825,0.06945940259191316
324.0,0.493234868347436,0.3228166877635661,1.8894347761589367,1.0103753690934896e-06,0.8418347323158717,0.06929455481202634
325.0,0.49234502165546623,0.32459310218776877,1.9118793141643702,1.010637215640155e-06,0.8406544440842528,0.06914119404958974
326.0,0.4914322276608344,0.3263934043946065,1.9347179689246483,1.0108792387872286e-06,0.8395863491693605,0.068998951103265
327.0,0.4904976317401805,0.32821732480603877,1.9579535797772938,1.0111026671235582e-06,0.8386268134211976,0.06886747099875225
328.0,0.4895423667265163,0.3300645329310645,1.9815887595144883,1.011308593735699e-06,0.837773611222931,0.06874639209759346
329.0,0.4885674772404122,0.33193478922083824,2.0056254670716096,1.011498427579351e-06,0.8370215769076241,0.06863538685201055
330.0,0.48757409151230213,0.33382778175568195,2.0300667501268186,1.011673205294295e-06,0.8363684063760282,0.06853411560368428
331.0,0.48656327493228363,0.3357432108743646,2.0549147686466456,1.0118341144562133e-06,0.8358106373188332,0.06844225505339996
332.0,0.4855360906339527,0.337680791154329,2.0801721244026465,1.0119822905064117e-06,0.8353453916435586,0.06835948863367332
333.0,0.4844935572002663,0.33964021060781185,2.105840531135032,1.0121189068676218e-06,0.8349689832573783,0.06828551018546522
334.0,0.4834367199753671,0.34162117997740715,2.1319230284088753,1.0122449722103544e-06,0.8346790235602729,0.06822001644171467
335.0,0.48236657411183,0.34362338265604786,2.158421806754932,1.012361482242794e-06,0.8344711661384221,0.06816271808376027
336.0,0.48128408189245286,0.34564650043002976,2.1853378204342273,1.0124697367399273e-06,0.8343454677356389,0.06811332174568134
337.0,0.48019018569062716,0.3476902179786944,2.2126755596141505,1.0125701627490016e-06,0.83429524791299,0.06807154668396592
338.0,0.47908593834155283,0.34975429702314276,2.240433486589305,1.01266486146777e-06,0.834321906093422,0.06803714969060312
339.0,0.4779721494439299,0.3518383372636507,2.2686170374132826,1.0127536767641033e-06,0.8344188455652698,0.06800983652710163
340.0,0.47684972503349426,0.35394205275660773,2.29722604528183,1.01283814705233e-06,0.8345864681136348,0.06798935922618071
341.0,0.47571956376732116,0.3560651346699532,2.3262635002121557,1.0129189342450603e-06,0.8348201338690933,0.06797546762337946
342.0,0.4745824404610642,0.3582072591536858,2.355729758899433,1.0129972078773739e-06,0.8351184113477536,0.06796791915635299
343.0,0.47343936653051893,0.36036808725216046,2.385630625601444,1.0130729962247854e-06,0.8354778399165236,0.06796646614030533
344.0,0.4722909705603924,0.3625473091219458,2.415964330173438,1.0131478093024655e-06,0.8358967064462509,0.06797088321961277
345.0,0.4711380878020074,0.364744644653429,2.4467322827909714,1.0132226973242e-06,0.8363734984954366,0.06798094897531859
346.0,0.46998143641293566,0.3669597368764328,2.477937428075759,1.01329794472968e-06,0.8369039332034371,0.06799644083231395
347.0,0.4688218214868403,0.3691922375209764,2.5095817410176977,1.0133742587824858e-06,0.8374878847005416,0.06801713393982213
348.0,0.4676598679331525,0.3714418611377725,2.5416657509419496,1.0134525727075228e-06,0.8381215169060793,0.06804283160315727
349.0,0.46649630948969517,0.3737082843146441,2.574191631130897,1.0135335009218009e-06,0.8388035480333452,0.0680733253856588
350.0,0.4653317867723542,0.37599116120746184,2.6071607631039027,1.01361761067425e-06,0.8395316727165604,0.06810841802158799
351.0,0.46416694846975937,0.37829018449253865,2.6405746491592748,1.0137056052240246e-06,0.8403039896177531,0.06814791444525677
352.0,0.4630023742848593,0.38060503462329276,2.6744341013826554,1.0137981304376422e-06,0.841118035893275,0.06819163159244891
353.0,0.46183874564635347,0.3829354029617535,2.7087421911429828,1.0138955238950249e-06,0.8419726471494237,0.0682393828762409
354.0,0.4606764501938959,0.385280897440776,2.743496954515774,1.0139987896031835e-06,0.8428654809646461,0.0682909865501016
355.0,0.45951620417257305,0.38764125924453374,2.7787027149325905,1.0141080016875848e-06,0.8437948139062468,0.06834627360786685
356.0,0.4583584554422314,0.3900161736192413,2.8143595934933208,1.0142238701492501e-06,0.8447587535500878,0.06840507693630096
357.0,0.4572037098958502,0.39240528568931793,2.8504683639759927,1.0143468328979346e-06,0.8457552661548035,0.06846723086952343
358.0,0.4560524564024581,0.39480828256376804,2.8870308132692624,1.0144772787083086e-06,0.8467827753747973,0.06853257293546774
359.0,0.4549051813951711,0.39722490354565926,2.9240425948246673,1.0146156212352393e-06,0.8478385999289902,0.06860099907271461
360.0,0.45376228262596696,0.39965467292747503,2.9615200624600124,1.0147625517907698e-06,0.8489262869087457,0.06867220402838138
361.0,0.4526241779746958,0.402097414841469,2.999449362979014,1.0149180904823768e-06,0.8500379260384818,0.06874619096912213
362.0,0.45149123063616764,0.40455277920633786,3.037835500355257,1.0150830276335097e-06,0.8511745231677119,0.06882277791439179
363.0,0.4503639789524597,0.40702046105649947,3.0766790492318523,1.0152570692595545e-06,0.8523337417552662,0.06890182523616774
364.0,0.4492426778762542,0.40950011511606427,3.1159833809835518,1.0154407286871116e-06,0.8535152949576497,0.06898316223540327
365.0,0.4481276695975084,0.41199143899459234,3.155747265368831,1.015634672438234e-06,0.8547175871760077,0.06906669220184046
366.0,0.44701926385850965,0.41449412820475173,3.1959719543834773,1.0158389348721331e-06,0.85593829667243,0.0691522768873245
367.0,0.4459178201799507,0.41700785646150235,3.236658061622825,1.0160538072411775e-06,0.8571768417561108,0.06923979001006679
368.0,0.4448235962297527,0.4195323394345035,3.277806489059881,1.0162795471175762e-06,0.858431643748392,0.06932910860899547
369.0,0.44373690829765905,0.4220672482284088,3.319418024376026,1.0165163179638578e-06,0.8597014002433045,0.06942011547884637
370.0,0.44265797826909703,0.42461227394328993,3.361492323899601,1.016764433885726e-06,0.8609845746847296,0.06951269447242722
371.0,0.4415871015535502,0.4271671416184984,3.4040307174452935,1.017024110719303e-06,0.8622810337577278,0.06960673382157363
372.0,0.4405245092134386,0.42973150387473014,3.447034562909755,1.017295265596405e-06,0.8635886976909909,0.06970212110908595
373.0,0.4394704078548612,0.4323050958504322,3.4905033904501948,1.0175783177628097e-06,0.8649067224297758,0.0697987520264478
374.0,0.4384249906442467,0.43488759386339776,3.5344370811324555,1.017873363610051e-06,0.8662333575531687,0.06989652584409763
375.0,0.437388488399971,0.43747871255278714,3.578837869334425,1.0181804090105553e-06,0.8675681718850036,0.06999533745314566
376.0,0.4363610523045397,0.44007815361574404,3.6237043078562468,1.018499765788426e-06,0.8689098970530147,0.07009509031690937
377.0,0.4353426975776035,0.44268567371680934,3.6690358212693304,1.018831375964802e-06,0.8702563080602922,0.07019561135232291
378.0,0.4343341101947462,0.4453008122600958,3.714837208659267,1.0191756001697745e-06,0.8716099423760367,0.0702970455340048
379.0,0.4333349261580277,0.4479234680894332,3.7611045163860806,1.0195322812090842e-06,0.872966258590498,0.0703990684497361
380.0,0.4323454135916452,0.4505532381920504,3.807839860873104,1.0199014044955488e-06,0.8743254587671436,0.0705016566368133
381.0,0.4313657444542001,0.4531898908035453,3.855042575716129,1.0202832500925568e-06,0.8756865686816973,0.07060474156856124
382.0,0.43039601649061426,0.45583312386642466,3.9027129816907045,1.0206778010733186e-06,0.877048505247553,0.07070823583841093
383.0,0.4294363686589001,0.45848265049999726,3.9508512382923118,1.0210851552561492e-06,0.8784112657312454,0.07081205482630046
384.0,0.42848686588935203,0.4611381837404386,3.9994582267641205,1.0215051524979266e-06,0.8797726527321499,0.07091612337887851
385.0,0.427547621320194,0.4637994549478783,4.048532535672925,1.0219380681744915e-06,0.8811328967600476,0.07102036535012289
386.0,0.42661869792970514,0.4664661807799322,4.098075143980839,1.0223837406929668e-06,0.8824901952331535,0.07112470794996047
387.0,0.4257002010201051,0.4691380793625275,4.1480860768835335,1.0228422196260528e-06,0.8838446817685703,0.07122907462059166
388.0,0.4247922339102339,0.47181490458251235,4.198564692644956,1.0233136601386794e-06,0.8851961496438104,0.07133340107100349
389.0,0.4238947297789094,0.474496317623365,4.249510751204015,1.0237978015213183e-06,0.8865419885924676,0.07143760761930514
390.0,0.42300785570084554,0.477182117765085,4.3009243469763065,1.0242948342192843e-06,0.8878826884985587,0.07154164291817287
391.0,0.4221316258604578,0.4798720016852751,4.352806485258007,1.0248045074754598e-06,0.8892168814128535,0.0716454344618711
392.0,0.42126609876417853,0.4825657156540327,4.405155176846103,1.0253270670371384e-06,0.8905449269362026,0.07174892020406586
393.0,0.42041128115864296,0.4852629954690765,4.457970666653011,1.0258623401939728e-06,0.8918650179618709,0.0718520440403618
394.0,0.41956722727133394,0.4879635671160972,4.51125353893956,1.0264102331473426e-06,0.8931770495457803,0.07195474059427548
395.0,0.41873395243973716,0.4906671725813155,4.565003860480351,1.0269706428035652e-06,0.8944798415501016,0.07205695423204736
396.0,0.41791149885201895,0.4933735745295898,4.619218168781823,1.027543935772242e-06,0.8957743603584568,0.07215863282579763
397.0,0.4170998485219993,0.4960824891712875,4.673898744274898,1.0281296627427333e-06,0.8970585306426624,0.07225971661685902
398.0,0.416299017766463,0.49879367944221076,4.7290443843870555,1.0287278669747633e-06,0.898331731046862,0.07236016009379348
399.0,0.41550904205988165,0.5015068771176485,4.784656065871319,1.0293383880881572e-06,0.8995939773977158,0.07245990284780651
400.0,0.4147298895650075,0.5042218444781222,4.8407322397590775,1.0299612019132606e-06,0.9008438831361868,0.07255890404052366
401.0,0.41396158452515425,0.5069383421515161,4.897269852124828,1.0305965912648807e-06,0.9020826947658668,0.07265711253562854
402.0,0.4132041069566573,0.5096561127269462,4.954271202434691,1.0312441279658126e-06,0.9033083273424322,0.07275448133609087
403.0,0.41245746675665057,0.5123748927349965,5.011736750380112,1.0319036195400897e-06,0.9045207111625801,0.0728509599149863
404.0,0.4117216328547646,0.5150944775014838,5.069662410453089,1.032575374469558e-06,0.9057195965452158,0.07294651371477928
405.0,0.41099659746229217,0.5178146040943732,5.128049961260518,1.0332590319318953e-06,0.9069040449032132,0.07304109470117577
406.0,0.41028233256361646,0.5205350374534893,5.186899298596633,1.0339544334945238e-06,0.9080729434880349,0.07313466331484947
407.0,0.4095788472207582,0.5232555461218938,5.246206256338655,1.0346618980514158e-06,0.9092281829242419,0.07322717727270711
408.0,0.4088860963420945,0.5259758848797577,5.305975106750613,1.0353807875502192e-06,0.9103665979820524,0.07331859686659761
409.0,0.40820406651657165,0.5286957773068294,5.366200905393418,1.0361114672801143e-06,0.9114903308402094,0.0734088796806665
410.0,0.40753266504558977,0.5314150346654625,5.426884793069016,1.0368538227768575e-06,0.9125972074602543,0.0734979456686971
411.0,0.40687202211449397,0.5341336637815042,5.488018713744046,1.0376078246305602e-06,0.9136877165014821,0.07358593591836192
412.0,0.4062219629484013,0.5368510537386962,5.5496156087505755,1.0383726487753748e-06,0.9147599228192762,0.07367261929648515
413.0,0.40558249885782666,0.5395671539036194,5.611665726920475,1.0391489069314441e-06,0.9158151075411496,0.0737580333489466
414.0,0.40495357873661886,0.5422817643149347,5.674164430271912,1.0399368331749882e-06,0.9168536357552712,0.07384215234214218
415.0,0.4043352104762004,0.5449945769677446,5.737124782752385,1.040734930149077e-06,0.9178718156181201,0.07392492661818931
416.0,0.40372730614713703,0.5477054770376268,5.800529752201643,1.0415446953058741e-06,0.9188730933024033,0.07400634696010451
417.0,0.403129859769347,0.5504141771542717,5.864389455691464,1.0423649131231047e-06,0.9198543765014711,0.07408637089793753
418.0,0.40254287944774014,0.5531204379785456,5.928695093586527,1.0431966346844127e-06,0.9208181284713789,0.07416497913242853
419.0,0.40243984671921984,0.5541262538259658,5.952481464540885,1.044052426368197e-06,0.9206277452090669,0.07412760328209259
420.0,0.401438696121926,0.5573307862102054,5.932025189247839,1.0524895267705954e-06,0.9341017009223141,0.07435490836814514
421.0,0.40039234187251554,0.5605306238651895,5.9119630568462025,1.0609481892857594e-06,0.9475099038483975,0.07456289559276127
422.0,0.39938309307506964,0.5637362883501015,5.891705598308865,1.0694777555526993e-06,0.9611722172773225,0.07477869470173033
423.0,0.39838704523517793,0.5669466409280711,5.871642895990345,1.0780567366333995e-06,0.9749589691540135,0.07499385494069986
424.0,0.39740331554734826,0.5701633017562509,5.851633649583513,1.0866885015966155e-06,0.9888504971741271,0.0752090422348471
425.0,0.39643291737925807,0.5733812656769701,5.831806199064696,1.0953856861773453e-06,1.0029441891852025,0.07542250658927022
426.0,0.39547460832600845,0.5766053247388008,5.812028994349095,1.1041361917374032e-06,1.017144025851708,0.07563597568836093
427.0,0.39452860739109047,0.579833756421706,5.792334587712853,1.1129452653565502e-06,1.0314844582265958,0.0758488652864151
428.0,0.39359482421481234,0.5830664180295444,5.772728913271013,1.1218124491138081e-06,1.0459647870532052,0.07606115401972048
429.0,0.3926731349671743,0.5863032031685667,5.753213137299097,1.1307377477645534e-06,1.0605846561682912,0.07627282926182326
430.0,0.3917634732399428,0.5895439771111134,5.733780872501257,1.1397219350348466e-06,1.075347042076685,0.07648387588162296
431.0,0.39086565039078636,0.5927885877501379,5.7144337133044765,1.1487648696027576e-06,1.090250792982111,0.07669426749439492
432.0,0.38997962098050576,0.5960369718212638,5.695178195434523,1.157866124360664e-06,1.1052949745909897,0.07690400317668249
433.0,0.3891048449975694,0.5992888327749951,5.6760089200846195,1.167026222404471e-06,1.1204795783543455,0.07711292491103279
434.0,0.38824241809357607,0.6025445236995757,5.65690550510095,1.1762475623942602e-06,1.1358138381786735,0.07732145102227238
435.0,0.3873910550233209,0.605803450480669,5.637883568754521,1.185528507498071e-06,1.1512907476232421,0.07752913740704553
436.0,0.3865510521388602,0.6090656789616206,5.618954641340136,1.1948681992589735e-06,1.166908458344975,0.07773610310023917
437.0,0.38572226098969853,0.612330985133446,5.600098704736626,1.2042683694937044e-06,1.1826728831736038,0.07794233783901085
438.0,0.384904648045577,0.6155993417015502,5.58132422652982,1.2137287282262062e-06,1.1985819917006575,0.07814782760862332
439.0,0.38409826830222576,0.6188706911083973,5.562630705803536,1.2232494657739045e-06,1.2146363768718933,0.07835258248389161
440.0,0.38330244175183054,0.622144674684085,5.544002641269355,1.2328317813643363e-06,1.2308377917914437,0.0785565361435178
441.0,0.3825176491456795,0.6254214413397955,5.525458539866366,1.2424745278239723e-06,1.247184523112803,0.07875972530596488
442.0,0.38174364474940936,0.628700693760678,5.506994063010086,1.2521779275130925e-06,1.2636776440143949,0.07896211113605836
443.0,0.38098024291099936,0.6319823653178401,5.4885979812354195,1.2619433929813489e-06,1.2803195942989651,0.07916366727081178
444.0,0.38022749757333624,0.6352665165151408,5.470280570704059,1.2717700217892914e-06,1.2971067964984846,0.07936447698854134
445.0,0.3794851614188763,0.6385525335150317,5.452024102380493,1.2816596554435956e-06,1.3140470534394184,0.07956434741824583
446.0,0.37875323174135406,0.6418407760328312,5.433852245540628,1.291610256032707e-06,1.3311309695272528,0.07976340230688905
447.0,0.3780315950437284,0.6451307584898038,5.415745357628049,1.3016246341401625e-06,1.3483722985599325,0.079961491963331
448.0,0.37732018633542125,0.6484228642463173,5.397710746480907,1.3116993668048125e-06,1.3657518589159796,0.08015891599698037
449.0,0.37661889117823394,0.651716487592689,5.379744029788885,1.321838111573524e-06,1.383286607151604,0.08035533827683394
450.0,0.3759275881282753,0.6550117090050767,5.361847253937782,1.3320397735819723e-06,1.4009701356567479,0.08055085811956955
451.0,0.37524634722543326,0.6583083703023354,5.344019202480565,1.3423047328653071e-06,1.4188057711667938,0.08074546400906017
452.0,0.3745749063173528,0.6616063327155406,5.326260985912894,1.352632747860964e-06,1.43679087880473,0.0809391311534243
453.0,0.3739132751069424,0.6649054915825493,5.308564270438394,1.36302510167807e-06,1.4549282010784563,0.08113186180781744
454.0,0.3732613479116705,0.6682057242546178,5.290938024639819,1.373480933896015e-06,1.4732160206425764,0.0813236274838241
455.0,0.3726189109578236,0.6715070130822655,5.273377278429645,1.3840003537569818e-06,1.4916518720457859,0.08151448954865151
456.0,0.37294378289771696,0.6697339008565878,5.283816428235094,1.3780530830789663e-06,1.4817422883939677,0.08142823541712195
457.0,0.3729155234551462,0.6697773224168012,5.2842117646792,1.3780079589079027e-06,1.4819844152702577,0.08143911601063222
458.0,0.3728913122437871,0.6698245863692525,5.284611288620332,1.3779662061341599e-06,1.482225360335084,0.08145213450320878
459.0,0.37286706100543576,0.6698715961038496,5.2850067481441405,1.3779287976272194e-06,1.4824835923681885,0.08146463350231996
460.0,0.37284282639372973,0.6699185213077237,5.2854023051873655,1.377891150331786e-06,1.4827414871243356,0.08147712984708809
461.0,0.37281860130725253,0.6699654204547583,5.285797558434167,1.3778534905557091e-06,1.4829996702258705,0.08148962338723971
462.0,0.3727943833989712,0.6700123516755108,5.2861929783349115,1.3778158776348383e-06,1.4832575070878775,0.0815021263355899
463.0,0.37277007690185415,0.6700594001721443,5.2865889249345965,1.3777783642355853e-06,1.4835138741066092,0.08151464261660331
464.0,0.3727460046038962,0.6701061636451207,5.286984690497099,1.3777404951675296e-06,1.4837742730925676,0.08152712719865993
465.0,0.37272176740399193,0.6701530223868161,5.287380009781878,1.3777026421094411e-06,1.4840313839159451,0.08153962947830966
466.0,0.37269224252456645,0.6702001934501095,5.287775399402853,1.3776659709008045e-06,1.4842861649448957,0.08155212412492407
467.0,0.3726731777576447,0.6702471577440364,5.288170440071752,1.3776277900016282e-06,1.4845451945667043,0.08156468105255568
468.0,0.3726490049400548,0.6702940420058494,5.2885660723866526,1.3775899834534844e-06,1.4848031780625321,0.08157719615734373
469.0,0.3726249335050025,0.6703407810447224,5.288962097111939,1.377552097693424e-06,1.4850633089321466,0.08158967506898228
470.0,0.37260078072627517,0.6703876166524895,5.289358206560331,1.3775140973538446e-06,1.48532230858495,0.08160218635326202
471.0,0.37257660395800496,0.6704345378185357,5.28975441538666,1.3774763816811182e-06,1.4855802288105686,0.08161469908445103
472.0,0.3725524221473966,0.6704815108462892,5.290150719476448,1.377438629990475e-06,1.4858380313373187,0.08162723376065745
473.0,0.37252770532052687,0.6705274513919206,5.2905411994528375,1.377402406294516e-06,1.4861161483819576,0.08163934136272345
474.0,0.37250386773475386,0.670575222515562,5.290939261463017,1.3773634049280802e-06,1.4863610783517613,0.08165210483941486
475.0,0.3724795278790517,0.6706225221761415,5.291333865581211,1.3773257403709967e-06,1.4866069091143106,0.08166485956025046
476.0,0.37245566987170275,0.6706692774237719,5.29173414868956,1.377287572623762e-06,1.4868701515780773,0.08167734664068844
477.0,0.37243150731550756,0.6707161998879912,5.292128841709475,1.377250162441468e-06,1.4871301928311607,0.08168984779183643
478.0,0.3724072812182372,0.670763056460363,5.292525205654543,1.3772122240710796e-06,1.4873883310125375,0.08170235259339687
479.0,0.3723829656916413,0.6708102446639838,5.29291755030275,1.3771752128817306e-06,1.4876455142656773,0.08171492087661236
480.0,0.37235899213215523,0.6708570385938705,5.293317013764539,1.3771368544223613e-06,1.4879054240460547,0.08172744823038336
481.0,0.37233479683359355,0.6709039840576773,5.29371308847587,1.3770987942796845e-06,1.488162313631136,0.08174001119614882
482.0,0.3723106386463429,0.6709509489279165,5.294107607764229,1.3770615611343914e-06,1.4884224632793395,0.08175252041425808
483.0,0.372286426190056,0.6709981251665391,5.2945033094408895,1.3770245123592778e-06,1.4886826755405775,0.08176505527565907
484.0,0.37226230608654126,0.6710448704540978,5.294900201190179,1.3769858757493931e-06,1.4889396409804292,0.08177760982424925
485.0,0.37223813563705166,0.6710918882204363,5.295296204722423,1.376948162262302e-06,1.4891980151795277,0.08179016730242307
486.0,0.3722140273726096,0.6711387542423913,5.2956925416771705,1.3769102891692338e-06,1.4894573900308905,0.08180269437190994
487.0,0.3722024091898084,0.671190503960119,5.296070501666805,1.3768615356967755e-06,1.4897933690119405,0.08182186042421684
488.0,0.3721657277150688,0.6712329453733037,5.296485052401475,1.3768347594050252e-06,1.4899730985175992,0.08182787620814026
489.0,0.37215815608766856,0.6713004050900444,5.297008072051436,1.376839678160878e-06,1.4903075839426028,0.08184481804093552
490.0,0.3721142036985043,0.671337813114585,5.297210713246941,1.3768004784332914e-06,1.4905522727515035,0.08185290050829068
491.0,0.3712394854514949,0.6744831619145539,5.283810359561715,1.3857072334844031e-06,1.49380085899819,0.08207363976565522
492.0,0.3702380022437158,0.6781228670175637,5.268305999116101,1.3960832481406958e-06,1.497579614076453,0.08232644654834516
493.0,0.36924423405321544,0.6817711386291487,5.25287663500311,1.4065215699238618e-06,1.5013752851913842,0.08257936528329116
494.0,0.36825821329170305,0.6854263420609155,5.237528293589722,1.4170169801260285e-06,1.5051826136603896,0.08283231691446773
495.0,0.3672798789346338,0.689088891782838,5.222261005946758,1.4275707509499744e-06,1.5090023451747157,0.08308533858843496
496.0,0.3663091343235161,0.6927587991796958,5.207074053364398,1.438183140042922e-06,1.5128345437056847,0.08333843150784524
497.0,0.3653458893802029,0.6964359740353703,5.191966695019782,1.4488541346304166e-06,1.5166790609057845,0.0835915898436078
498.0,0.36439005070520186,0.700120393179692,5.176938169505192,1.4595839023033202e-06,1.5205358659968617,0.08384481265596103
499.0,0.3634415249341331,0.7038120965725626,5.161987803944914,1.4703727773604025e-06,1.5244050885145262,0.08409810308102415
500.0,0.3625002233033225,0.7075110184384437,5.147114828926093,1.4812208149539374e-06,1.5282866029613826,0.0843514572935136
501.0,0.36156605650684576,0.7112171277327429,5.132318486664205,1.4921281634987322e-06,1.5321803527529705,0.08460487391141994
502.0,0.3606389369352301,0.7149304613210974,5.117598177910643,1.5030951483967733e-06,1.5360864843724262,0.08485835562493692
503.0,0.35971877791281986,0.7186509455660925,5.102953071474584,1.514121807936155e-06,1.540004815666809,0.08511189848574473
504.0,0.35880548977652,0.722378453751431,5.088382086375134,1.5252080481329634e-06,1.5439349362871826,0.08536549607942127
505.0,0.3578989974762327,0.7261132538551982,5.073885417315943,1.5363547870586882e-06,1.547877811159463,0.08561916362846818
506.0,0.35699921442690963,0.729855169699398,5.059461915400195,1.5475618018473432e-06,1.551832894482968,0.08587289163450783
507.0,0.35610606545636797,0.7336042759224489,5.045111303180218,1.5588295104395793e-06,1.5558005450766197,0.08612668403860846
508.0,0.3552194598297913,0.7373603879179184,5.0308322003635,1.5701576782059641e-06,1.559780076559177,0.08638053200755383
509.0,0.3543393243811896,0.741123582375585,5.016624334121959,1.5815467300508278e-06,1.563771845815329,0.08663443967969878
510.0,0.3534655792415247,0.7448938195802393,5.002486928975547,1.5929967985990696e-06,1.5677757340802791,0.08688840552740844
511.0,0.35259814978602777,0.7486711024521688,4.988419441278413,1.6045081228433705e-06,1.5717918172924745,0.08714242987826738
512.0,0.35173696214199546,0.7524554266128226,4.9744213117443925,1.6160809225482485e-06,1.5758201427062484,0.08739651272827353
513.0,0.3508819381155701,0.7562467428164242,4.960491702382226,1.62771531063129e-06,1.579860532457607,0.08765065224584147
514.0,0.35003301224765904,0.7600450883560685,4.946630358790076,1.639411608265937e-06,1.5839132652975283,0.0879048498608801
515.0,0.3491901024631901,0.7638503816724603,4.93283616451456,1.6511698580975436e-06,1.5879779632642845,0.08815910290246463
516.0,0.3483531509854835,0.7676626679004347,4.919109320178093,1.6629903448542267e-06,1.5920549761874934,0.08841341221384168
517.0,0.34752207944852714,0.7714818753696068,4.905448933380135,1.674873102968248e-06,1.5961439490834033,0.0886677754534637
518.0,0.3466967585800323,0.7753080697364201,4.891843099262901,1.686820531557625e-06,1.6002454621696478,0.08892222462098685
519.0,0.3458772964767874,0.7791412532298411,4.878309885797039,1.6988297952850434e-06,1.604359648265099,0.08917673287815663
520.0,0.3450633866528915,0.7829808598307538,4.864867602526,1.710895624415222e-06,1.6084821050108788,0.08943112509180974
521.0,0.3442553200530714,0.7868282011025678,4.851444859135873,1.7230359661808073e-06,1.6126235233634236,0.08968585703941058
522.0,0.3434527186823007,0.7906820167931756,4.838109387999758,1.7352338779368895e-06,1.616773839658743,0.08994050209659922
523.0,0.342655251750939,0.7945420877546097,4.824848198490606,1.7474894590792577e-06,1.6209310590031987,0.09019504114975993
524.0,0.3418636150225933,0.7984098539537731,4.811621462922446,1.7598195081641843e-06,1.6251078611286849,0.09044988044014877
525.0,0.34107717686506206,0.8022839577453549,4.7984812055870725,1.7722069211904623e-06,1.6292928773528588,0.09070458499173421
526.0,0.34029616243503374,0.8061651649469397,4.785393230186058,1.7846596800624675e-06,1.6334917071775954,0.09095946229402559
527.0,0.3395202548787802,0.8100531523883363,4.772351372090793,1.7971789078533988e-06,1.637702279921469,0.09121443233198179
528.0,0.3387497821708115,0.8139476848079623,4.759392719817273,1.8097640113154505e-06,1.641925400190231,0.09146932788811367
529.0,0.33798383290894585,0.8178492268078189,4.746476005675434,1.8224042344429311e-06,1.646157251865809,0.09172432535037901
530.0,0.3394418196914657,0.8117645655412845,4.750637451422041,1.8094360880162067e-06,1.6331119632008377,0.09102695007142271
531.0,0.3397169669836964,0.8109928695279024,4.7457326969564475,1.8100792245335946e-06,1.6292777667412446,0.09083703992635307
532.0,0.3399919307459696,0.8102232709138854,4.740884096371126,1.810725653309406e-06,1.625456078967211,0.09064729466725031
533.0,0.3402675495381074,0.8094575824594363,4.735966322708951,1.8113808710348936e-06,1.6216536697840822,0.09045936055875783
534.0,0.3404942639589891,0.8086425603908707,4.730871479896557,1.8119617949103642e-06,1.6175119819544588,0.09025155660390169
535.0,0.34063930386952923,0.8077425899573222,4.725385335625132,1.812427886723485e-06,1.6127959713324886,0.09001083616994232
536.0,0.3410947711636936,0.8071721643606035,4.721310474200825,1.8133211380272195e-06,1.6103354641444123,0.08989888394023209
537.0,0.34136843842481845,0.8064043675093668,4.716577284849559,1.8139354533369494e-06,1.6065847732333556,0.08970180939084996
538.0,0.34164427692415084,0.8056542947546574,4.711754822185624,1.8146140518779077e-06,1.602851003230842,0.08952699931760369
539.0,0.3419202595066859,0.8049002138182616,4.70695209243101,1.8152629018394298e-06,1.5991355151132378,0.08934301670962876
540.0,0.34219619007360386,0.8041488487066161,4.702129344791491,1.815914908909689e-06,1.5954360665009288,0.089159683623601
541.0,0.34247208725016476,0.803399263101136,4.697313560623203,1.816563682263345e-06,1.5917487505180383,0.0889769476316623
542.0,0.3427476448589921,0.8026501652906151,4.692591997783205,1.8172051639602452e-06,1.5880734607961497,0.08879439644727187
543.0,0.34380074203839545,0.8029408474350084,4.692667011458031,1.8188745521701358e-06,1.5911648405205006,0.0889983405280813
544.0,0.34351428262858863,0.8012827023001561,4.6830494935525016,1.8186459823645073e-06,1.582659712491045,0.08854250909257112
545.0,0.34357504109789777,0.8004171892120379,4.678363505169701,1.8189862385983571e-06,1.577139500393688,0.08825136395893203
546.0,0.343851301795977,0.7996800561412619,4.673548026534738,1.8198008300746464e-06,1.573523814762321,0.08807275164185355
547.0,0.3441204952931566,0.798936377640922,4.668914657720612,1.8203682139681086e-06,1.5699162643337181,0.08788804544995664
548.0,0.34440272612694595,0.7982035201259681,4.664227407895433,1.821071567840487e-06,1.5663244883849716,0.08771462791028485
549.0,0.34467755080351736,0.7974660847372035,4.659542992717558,1.8217142648866166e-06,1.5627528437330045,0.08753337432493494
550.0,0.34495406743705653,0.796735594388995,4.654887161534244,1.8223495110403527e-06,1.5591839708600892,0.08735913896751933
551.0,0.3452308027768,0.7960070553113253,4.6501956045617225,1.8230014956267364e-06,1.555636620840056,0.0871835753618728
552.0,0.34550690863052835,0.7952788186512846,4.645541064011864,1.8236439641456126e-06,1.5521010811410256,0.08700784190481627
553.0,0.34578305316155955,0.7945525292556197,4.640897419632066,1.8242861473222379e-06,1.5485789730277049,0.08683274723068152
554.0,0.3460592353553605,0.793828193038719,4.6362650652682165,1.8249280594030936e-06,1.545070239295673,0.08665828707507706
555.0,0.34633544107311626,0.7931058735311447,4.631643408109117,1.8255699260138747e-06,1.5415749741485427,0.08648446869685578
556.0,0.3466116988902088,0.7923853873172502,4.6270335084549465,1.8262111939516267e-06,1.5380927256882464,0.08631126557032412
557.0,0.346887988493004,0.7916668267382843,4.62243599386172,1.8268518050010184e-06,1.5346236318772946,0.0861386807729027
558.0,0.34716431975502826,0.7909502025355581,4.6178472387953695,1.8274928822009612e-06,1.5311677511711805,0.08596673288420009
559.0,0.34744069260753946,0.7902354722426338,4.613271977654949,1.8281330173579133e-06,1.5277246332831946,0.08579539605858946
560.0,0.347717091107967,0.7895226546796635,4.60870510824909,1.82877344348167e-06,1.5242948413520083,0.0856246773203723
561.0,0.3479934181048751,0.7888112226492148,4.60415061742885,1.8294132596741988e-06,1.5208778606918076,0.08545452429037839
562.0,0.3482699586826849,0.788102323689978,4.599607238518712,1.8300525667204614e-06,1.5174735723200725,0.08528501511314703
563.0,0.3485465041023632,0.7873952953419979,4.595075409854952,1.8306943223717893e-06,1.5140818427720992,0.08511618987512842
564.0,0.34882296727735396,0.786689891023098,4.5905506158974685,1.831278226394227e-06,1.51070349853402,0.08494771906109083
565.0,0.34909965516621355,0.7859866905427877,4.5860433069755935,1.8319927597704928e-06,1.507336965002671,0.08478020386787623
566.0,0.3493762752648243,0.785285142927481,4.581541611738309,1.8326078988623832e-06,1.5039834688913247,0.08461311203971121
567.0,0.3496529382514209,0.7845854120627449,4.5770521964373705,1.8332459251989533e-06,1.5006423621214748,0.08444661984587531
568.0,0.34992975640699464,0.7838873043436172,4.572576805952211,1.8338883778455324e-06,1.4973134488619204,0.08428067321344074
569.0,0.3502063365665062,0.7831909530241286,4.568105663823898,1.834519301972309e-06,1.4939972161994435,0.08411534143390864
570.0,0.35048309929699506,0.7824970435173144,4.563640846098647,1.835155015916707e-06,1.4906939203405494,0.08395069933464343
571.0,0.35075995099515844,0.7818047036004383,4.559198788066014,1.8357918487651208e-06,1.4874018039828165,0.08378651690548589
572.0,0.3510366478153404,0.781113445977019,4.554767274005127,1.8364352712413604e-06,1.484121794819107,0.08362286587390472
573.0,0.35131365474843895,0.780425068212715,4.5503388679831716,1.8370673103801456e-06,1.4808546556345874,0.08345994611814064
574.0,0.35159059476100074,0.779738105853097,4.545921737087794,1.8377063702059576e-06,1.477599435282481,0.08329755062202973
575.0,0.3518675330967868,0.7790528269196054,4.541519361972071,1.8383392639673778e-06,1.4743557407463992,0.0831357049378311
576.0,0.35214444496227654,0.7783694267909341,4.537117702835044,1.8389737926301702e-06,1.4711250823977933,0.08297437700876131
577.0,0.3524215467827149,0.7776873076285434,4.532741872330153,1.8396082268785366e-06,1.4679047444867621,0.08281366437880137
578.0,0.35269861302313904,0.7770069547280183,4.528370613135405,1.8402382963087827e-06,1.4646975514862965,0.0826533866253912
579.0,0.3529756899815243,0.7763294921858828,4.524004065761292,1.8408788937786511e-06,1.4615010252057723,0.08249399975847439
580.0,0.35325274538588725,0.775653371688792,4.519633635652016,1.8415184554503846e-06,1.4583158690961293,0.08233510874296021
581.0,0.3535299767055296,0.7749784226154381,4.515307678724259,1.8421471162078472e-06,1.4551442213197026,0.08217651704583578
582.0,0.35380732161605466,0.7743075744944876,4.510973309236262,1.8427801035886583e-06,1.4519831485969292,0.08201857397510129
583.0,0.354084482870956,0.773634967008682,4.506649233975695,1.8434132148197914e-06,1.4488347122090302,0.08186123824225863
584.0,0.3543616678311614,0.7729648111953664,4.50234051278614,1.8440490700000089e-06,1.4456955483022595,0.08170473686482588
585.0,0.35463898519628023,0.7722969052257898,4.498039884973005,1.8446793989329336e-06,1.4425688111635706,0.0815481326180745
586.0,0.3549164526660773,0.7716309329262042,4.493748373652312,1.845314368732609e-06,1.4394544042842665,0.08139247279388842
587.0,0.3551936790923348,0.7709667657170373,4.48946615515723,1.8459441715300158e-06,1.4363494725057502,0.08123719669219832
588.0,0.35547110581745583,0.7703038549167386,4.485191534697541,1.8465761942828413e-06,1.4332570339235784,0.08108257196744327
589.0,0.35574854039829173,0.7696428680282941,4.480929564500596,1.847208006132899e-06,1.430175694033093,0.08092845792448018
590.0,0.35602610349298236,0.7689830247236207,4.476690662912795,1.8478355315495215e-06,1.427105861671153,0.0807747185296376
591.0,0.35630360947561956,0.7683259754592207,4.472434911884688,1.848469919555928e-06,1.424046356274158,0.08062180370207855
592.0,0.3565799968945117,0.7676660827860411,4.468201113427142,1.849199026102556e-06,1.420996969739854,0.08047270785902395
593.0,0.3568586601786438,0.7670157857825309,4.4639784699083975,1.849731200981729e-06,1.4179602819130643,0.08031723204638264
594.0,0.35713626778963725,0.7663632143448396,4.459765738896356,1.8503615095061957e-06,1.4149339323552945,0.08016580344390695
595.0,0.35741393054757237,0.7657124052911498,4.455562419663425,1.8509914223781843e-06,1.4119184425110805,0.08001486467003417
596.0,0.3576914162460862,0.7650618221497479,4.451362608925563,1.8516225478751813e-06,1.4089144612454307,0.07986438468630741
597.0,0.3579693110889537,0.7644153171354806,4.447184060036919,1.8522505108988105e-06,1.4059197992622328,0.07971447778450687
598.0,0.3582470567218096,0.7637693075811168,4.443009745845389,1.8528966763785614e-06,1.4029366129302974,0.07956506207284468
599.0,0.35852483872856317,0.7631249193958505,4.43884491729138,1.8535125692004079e-06,1.3999640405411735,0.07941615768103266
600.0,0.35880262106857597,0.7624814638924396,4.434690122011031,1.8541355616158657e-06,1.397002350810193,0.07926763478955018
601.0,0.35908050700457705,0.7618409942502553,4.430537424272305,1.8547655811241502e-06,1.394051321281455,0.07911990535506297
602.0,0.35935839438226364,0.7612013981000701,4.4264076620725366,1.8553930252197304e-06,1.391109661901873,0.0789724786952469
603.0,0.359636315293152,0.7605634240137751,4.422280887069064,1.8560206006524912e-06,1.3881791816693383,0.07882558803651384
604.0,0.35991425967522717,0.7599271004374276,4.418163567024328,1.8566481110740966e-06,1.3852591759189599,0.078679200548013
605.0,0.36019051009804814,0.759292355777198,4.414055632979722,1.857275395326629e-06,1.3823497834768017,0.07853332934397834
606.0,0.3604702982820405,0.7586591385216132,4.409957964274326,1.8579021197046022e-06,1.3794497781529134,0.07838789424581029
607.0,0.3607483513712714,0.7580274123529542,4.40586808429808,1.858512632573137e-06,1.3765610680198193,0.07824226476824138
608.0,0.3610264218037887,0.7573969331439534,4.401787891997575,1.8591545997435866e-06,1.3736819502682047,0.07809837841069098
609.0,0.36130450589672314,0.75676909497661,4.397717522935346,1.8597809145863496e-06,1.3708130547857413,0.0779546468283803
610.0,0.3615826420680433,0.7561422074525319,4.393655500616814,1.86040653620904e-06,1.3679543500487792,0.07781119698633003
611.0,0.36186082427574306,0.7555170440722592,4.389603584009128,1.8610340180748036e-06,1.3651056323455921,0.07766841020165594
612.0,0.36213904872694475,0.75489307463324,4.385560604070032,1.8616573696896218e-06,1.3622669878587614,0.07752575112736869
613.0,0.3624172944750289,0.7542708412088471,4.381526707059211,1.8622823612288137e-06,1.3594383356132462,0.07738374731228392
614.0,0.3626955684814459,0.7536501429805096,4.377501998215539,1.8629069879239431e-06,1.3566195000059411,0.07724221550593449
615.0,0.36297387949967025,0.7530309719241299,4.373486231594302,1.8635314020891125e-06,1.353810547773588,0.07710115521507292
616.0,0.36325221818707115,0.7524133480579375,4.3694796041438275,1.8641555470119579e-06,1.3510114778999232,0.07696057395421707
617.0,0.36353058364730934,0.7517972652640296,4.365481891433503,1.8647794099976308e-06,1.3482221737382132,0.07682045956940876
618.0,0.3638089993174993,0.7511826145093781,4.361493400930429,1.8654029415736577e-06,1.345442479543829,0.07668080957264292
619.0,0.36408743141238703,0.7505695118605366,4.357513717298578,1.8660262496780427e-06,1.342672544270087,0.07654162361443388
620.0,0.36436590241717076,0.7499579434001153,4.353542968752892,1.8666493760429592e-06,1.3399122335582836,0.07640290511256305
621.0,0.3646443956283044,0.7493478911060691,4.3495810814841755,1.8672722726487219e-06,1.3371615366084366,0.07626464903678251
622.0,0.3649229226536299,0.7487393116927291,4.345628114227845,1.8678948214781161e-06,1.334420389372346,0.07612684866875018
623.0,0.36520147217913923,0.7481323994882404,4.341656435923097,1.8685233206923786e-06,1.3316890617117292,0.07598973348057839
624.0,0.3654801329073334,0.747525683412389,4.337748770981786,1.8691382365969552e-06,1.328965918468077,0.07585253604613268
625.0,0.36575764049140624,0.7469187450429734,4.333824922623557,1.86975128968981e-06,1.3262561158365658,0.07571545797062618
626.0,0.3660474277734058,0.7463684107694337,4.329900414251524,1.8704256203100612e-06,1.323546898657403,0.07557928680846417
627.0,0.3663155440124603,0.7457341162158149,4.3259954758121175,1.8710458773434833e-06,1.3208596511020196,0.07545156394016438
628.0,0.3665948600402559,0.7451183535006567,4.322101458274156,1.8716222647027524e-06,1.318170292937075,0.07530948218829175
629.0,0.3668730421556424,0.7445181556782835,4.318207256546596,1.8722432248545926e-06,1.3154941601250305,0.07517471824063034
630.0,0.3671524935817246,0.743922948014808,4.314321664890671,1.8728633902824009e-06,1.312827717082047,0.0750406399059963
631.0,0.36743157617928357,0.7433263713554884,4.310451377096028,1.873480053603104e-06,1.3101687034211633,0.07490673797697278
632.0,0.3677102879798075,0.74273515598484,4.3065747136739985,1.8742244828741436e-06,1.3075230146034205,0.07477460841216936
633.0,0.3674586639476167,0.7439784893985623,4.299618376878468,1.8799720325853654e-06,1.3077127608309198,0.07479746672540948
634.0,0.3667065852971294,0.7469770113480316,4.2896499729447095,1.8910174431602854e-06,1.3105822388733281,0.0749732129509252
635.0,0.3659579863796652,0.7500354733082812,4.279742772021738,1.9024874407435066e-06,1.3134648460976983,0.07514806285621731
636.0,0.36521218440338965,0.7528967880579986,4.269892074618644,1.911932522759133e-06,1.3163675842623652,0.07532593087113226
637.0,0.3644733976366484,0.7560211400734375,4.260064213229025,1.9244879250751607e-06,1.319261346707153,0.07550521071664723
638.0,0.3637373411243609,0.7590199788615914,4.250273837329015,1.935492827076255e-06,1.322173765856267,0.07567375973645106
639.0,0.3630052553760504,0.7620426934789513,4.240525997991736,1.9467335783257557e-06,1.3250913275692136,0.07584911658098374
640.0,0.3622789020482116,0.7650701861751839,4.230809713842936,1.958026971723769e-06,1.3280196817967818,0.07602470206251948
641.0,0.36155286003763315,0.7681030019172123,4.2211448951297585,1.9693620544686683e-06,1.3309498078506492,0.07620009226864481
642.0,0.360832630440485,0.7711393905384457,4.211516142819623,1.9807504720407686e-06,1.333885966670844,0.07637523142757228
643.0,0.36011608705211445,0.774181973206612,4.2018893391597185,1.992188391691848e-06,1.3368417720644845,0.0765513198669282
644.0,0.35940357414818014,0.7772272584786384,4.192337399282581,2.0036695465608402e-06,1.3398007846688234,0.07672662145847765
645.0,0.35869481091877115,0.7802792990981182,4.182827684700035,2.0152109310329468e-06,1.3427630335756755,0.0769027704376246
646.0,0.35798942303378095,0.7833354861061081,4.173301955186529,2.0267914873378085e-06,1.3457404003028144,0.07707881630921871
647.0,0.3572884572673098,0.7863960841344386,4.1638815759230505,2.0384216362440606e-06,1.3487183715483204,0.07725447416216952
648.0,0.35659076521824873,0.789461734623216,4.154465461536825,2.0501199887621727e-06,1.351705487159364,0.0774306385740547
649.0,0.3558967968601344,0.7925318012097418,4.145086500797,2.0618595956354384e-06,1.354701877566484,0.07760668590137808
650.0,0.3552064840711149,0.7956070480876557,4.135740564753635,2.073644573079981e-06,1.357706363409263,0.077782886624643
651.0,0.354519070181623,0.7986859723494718,4.126421923741697,2.085470792545721e-06,1.3607207865817292,0.07795880894841328
652.0,0.35383650044297477,0.8017715038419384,4.117152968946551,2.0973717824413024e-06,1.3637400098669206,0.07813546558755828
653.0,0.35315695546427117,0.8048609164963414,4.107910764219498,2.1093118764450347e-06,1.366768703641323,0.07831190855548974
654.0,0.35248084589034206,0.8079549603560882,4.098703387926693,2.1213009828494583e-06,1.3698054083254676,0.07848839324532095
655.0,0.3518081943734555,0.8110538063725244,4.089529662041575,2.133345316186025e-06,1.3728500705968616,0.07866496335644586
656.0,0.3511389712395982,0.814157125616015,4.080389655944803,2.1454388664044883e-06,1.3759026476011085,0.07884159863518833
657.0,0.3504727112541773,0.8172704409015217,4.071284513122284,2.1575872339507014e-06,1.3789634823603651,0.07901832923815007
658.0,0.34981341523121695,0.8203873766025562,4.062210189998982,2.1697880793852315e-06,1.3820313890363207,0.07919507301341965
659.0,0.34915169593372375,0.8234965820496046,4.05317172590416,2.1820300946728022e-06,1.3851091196002545,0.07937199506407193
660.0,0.3484962205136836,0.82662060433443,4.04416141571889,2.1943313434772385e-06,1.388193758427995,0.07954915813044777
661.0,0.34784299204659136,0.8297481502279753,4.035188324469261,2.206687806863926e-06,1.3912872470902713,0.07972615053361877
662.0,0.34719326451712856,0.8328679919175288,4.026243164535022,2.219094509666489e-06,1.3943829277091542,0.0799022577177365
663.0,0.34654421331530516,0.8360128427945188,4.017341008974287,2.2313935220771646e-06,1.3974918536186993,0.08008023470997626
664.0,0.3459062728226348,0.8391585458443989,4.008461877947626,2.2440613090382706e-06,1.4006223732445173,0.08025796390910607
665.0,0.3452655163663011,0.8423026415134166,3.9996070759951725,2.2566225742853888e-06,1.4037392961012012,0.08043488487094456
666.0,0.34462993874279757,0.8454554680735187,3.9907918144317134,2.2692433234803824e-06,1.4068683021833888,0.08061261837557245
667.0,0.3439909920187401,0.8486062937380099,3.9819978327238874,2.281907655953161e-06,1.4100087276335698,0.08078841449219071
668.0,0.3433659758672301,0.8517709731717861,3.9732548270320156,2.2946402422518535e-06,1.4131658891034504,0.08096764171598926
669.0,0.34273857779421074,0.8549357700079954,3.964530569769186,2.307418019230182e-06,1.4163219674756657,0.08114524008077995
670.0,0.3421149098632214,0.8581094740741934,3.955850856895846,2.3202535174850347e-06,1.4194950371518547,0.0813234174126465
671.0,0.34149244744126617,0.8612319753520504,3.947188983719897,2.3331409582476825e-06,1.422660612105816,0.0815013473671194
672.0,0.3408788155185876,0.8644640277566354,3.9385417598666597,2.3464073441774895e-06,1.4258467513914366,0.08169075904446495
673.0,0.34026004784454145,0.8676444236691994,3.929942824998782,2.359070062061572e-06,1.429034629965431,0.08185670625834954
674.0,0.33964900725753133,0.8708311888882225,3.9213715373190405,2.37211716642541e-06,1.432234981497168,0.08203479087823198
675.0,0.3390423803948826,0.8740242004353048,3.912822348767617,2.3849734801124144e-06,1.4354435841487083,0.0822143467906343
676.0,0.3387450699384367,0.8752737012861082,3.9122190904903382,2.3883977981535215e-06,1.4377915887625556,0.0823363364344062
677.0,0.3385833441767166,0.8758238945013528,3.914607145275626,2.3882146941096404e-06,1.4398481441065505,0.08244153687131489
678.0,0.33840106388196106,0.8763161949981343,3.9169725386503753,2.387681705687693e-06,1.4419029859655428,0.08254527657832017
679.0,0.3382304813591061,0.8768376196752651,3.9194139043410603,2.387300178398787e-06,1.4439569458732453,0.08265019821655013
680.0,0.33805876227610404,0.8773590539537788,3.921807970381898,2.386904705973212e-06,1.446014701384173,0.08275474900314535
681.0,0.33788637598482457,0.8778807148683406,3.9242220005356527,2.3857482844450685e-06,1.4480806647175402,0.08283254659122855
682.0,0.3379351782326194,0.8785191518408404,3.926572917355536,2.3862652324522186e-06,1.4519720684431217,0.08307240227287861
683.0,0.3375435804755174,0.8789255586525586,3.929063840257069,2.3856817065807946e-06,1.4522160284496806,0.08307008514766585
684.0,0.33737060866058827,0.8794455297817939,3.9314479170040726,2.385249711768469e-06,1.454297854051881,0.08317570720660653
685.0,0.33719571056959274,0.879927302458112,3.933874364584029,2.384832516639389e-06,1.4563854529209177,0.08326231160384114
686.0,0.33702138901079554,0.8804960748991703,3.93629194333082,2.3844200112005633e-06,1.4584698682267612,0.08335662114837386
687.0,0.33685604032183275,0.8809759882581168,3.9387194056186785,2.3840315511306186e-06,1.4605611268943004,0.08349528981875987
688.0,0.33669077552674076,0.8816482450556198,3.9411310832373205,2.3836922534673114e-06,1.4626572196078529,0.08360149693519144
689.0,0.33651222720722307,0.8820741925986275,3.9435589035907674,2.383165857417403e-06,1.4647537486659645,0.08370505136441349
690.0,0.3363403041917919,0.8826050766751592,3.9459977409561424,2.381405065284718e-06,1.466857788251759,0.08381421110421368
691.0,0.33616383647763554,0.8831146216438587,3.9484353529751512,2.3822345388644835e-06,1.4689673561844636,0.0839202014641012
692.0,0.33599770355547004,0.8836666943291372,3.9508727524321943,2.3819862653206162e-06,1.4710813470005561,0.08402818550885334
693.0,0.3358268203239628,0.8841974935104192,3.9533147849632524,2.3815777842325276e-06,1.473200219762674,0.08413600090782347
694.0,0.3356555790644784,0.8847291559889476,3.955760452878129,2.3811694267134165e-06,1.4753237205348309,0.08424381222058311
695.0,0.3354842933959442,0.885260804712481,3.958209683161066,2.3807575801479106e-06,1.4774513987852342,0.08435161940212647
696.0,0.33531254711164904,0.8857991901805639,3.9605160211446457,2.3803600949976794e-06,1.4795935232818826,0.08446104681644513
697.0,0.3351420154144472,0.8863287111895009,3.9631154751273248,2.3799405439122647e-06,1.4817225151307265,0.08456854941598287
698.0,0.3447850337903408,0.835135229299763,4.414241452268631,2.086048902669726e-06,1.4505567383812024,0.08259438980462425
699.0,0.34400423793055684,0.8386330891085804,4.3892509352483,2.101855395064307e-06,1.4546331154035261,0.08282695230773261
700.0,0.3432286749473555,0.8421367236351679,4.364454250508874,2.117756770203449e-06,1.4587166943986614,0.08305952254491768
701.0,0.3424582614729487,0.8456462041796019,4.339849248402229,2.1337541072742526e-06,1.4628073591439856,0.08329210062660744
702.0,0.3416929331878962,0.8491610172489438,4.315435669982254,2.14984451719315e-06,1.4669049747609302,0.083524622314889
703.0,0.340932682993041,0.8526819054384832,4.291214558260064,2.1660330747168614e-06,1.4710100000129978,0.08375715297188532
704.0,0.3401774003509133,0.8562083750521007,4.267176169912837,2.1823170844640093e-06,1.4751223571914576,0.08398968487728906
705.0,0.33942705930212147,0.8597405566785672,4.243324517782465,2.1986982121370805e-06,1.4792416614056199,0.08422220140332963
706.0,0.338681602804836,0.8632784456510755,4.219655914813842,2.2151766602444563e-06,1.4833681884577294,0.08445471340155583
707.0,0.33794097686229113,0.8668222521313341,4.1961667373473635,2.2317540591859833e-06,1.4875020489060993,0.08468726167885375
708.0,0.3372051347337576,0.8703714315214456,4.172858771776873,2.2484276629866465e-06,1.4916432925881138,0.08491974995886749
709.0,0.33647402140838506,0.8739263079832873,4.149728221218537,2.2651998667234607e-06,1.4957919103068742,0.08515223555707728
710.0,0.33574758637461033,0.8774868433764246,4.126773549121149,2.282070925002828e-06,1.4999479257906703,0.08538471239084044
711.0,0.3350257824366451,0.8810529213386736,4.103994146219622,2.2990406655447374e-06,1.50411133032971,0.08561715672058744
712.0,0.33430855004807253,0.8846248967966477,4.0813844092134,2.3161115151591593e-06,1.5082822437419825,0.08584964765529661
713.0,0.33359584714892854,0.8882025229788104,4.058945662558831,2.333282467110034e-06,1.5124608145484917,0.0860821246276613
714.0,0.3328876310619382,0.8917856631740715,4.0366764918050775,2.350553464451833e-06,1.5166466723536072,0.0863145776511782
715.0,0.3321838555432104,0.8953744325174164,4.014574769736594,2.3679254818703935e-06,1.5208401347508957,0.08654701998650054
716.0,0.3314844594315023,0.8989688217270212,3.9926379796066875,2.3853990408021834e-06,1.5250410101767453,0.08677946191757707
717.0,0.3307893919693472,0.902568894683671,3.9708640444950727,2.4029749238727284e-06,1.5292495500725323,0.08701190955379487
718.0,0.33009862879405805,0.9061745666008209,3.949253158793546,2.420653026555309e-06,1.5334658081385826,0.08724433991592023
719.0,0.3294121125452612,0.9097857760605998,3.9278025588670844,2.438433759810771e-06,1.5376894297363306,0.08747676164057167
720.0,0.3287298026547554,0.913402610256577,3.906511454187092,2.4563178165415703e-06,1.5419209067921233,0.08770917067363644
721.0,0.3280516594550192,0.9170250916423128,3.8853764261246737,2.4743059141097266e-06,1.5461600034527156,0.08794159861888268
722.0,0.3273776881911213,0.920653601205602,3.8643906397786676,2.4924003180135535e-06,1.5504071952667287,0.08817416909334756
723.0,0.3267077495559743,0.9242873696992799,3.8435637282418105,2.5105978969900732e-06,1.5546618836143091,0.08840662295624084
724.0,0.32604183860989716,0.92792667568649,3.8228904697330255,2.5289003890997416e-06,1.5589243808240036,0.0886390506345863
725.0,0.32537991247727155,0.9315715320735569,3.8023690887861625,2.547308344591182e-06,1.5631947067836396,0.08887145724084122
726.0,0.32472189684412256,0.9352216456370533,3.7820028152504324,2.5658207347794436e-06,1.5674725953411355,0.08910374626018462
727.0,0.32406779821476206,0.9388773538408065,3.76178298600402,2.5844399161100433e-06,1.5717580944160272,0.08933606618482892
728.0,0.32341764083468255,0.9425387001153284,3.741710264246932,2.603166195743589e-06,1.5760520435097647,0.0895684126959174
729.0,0.32277145638172167,0.9462058474797432,3.7217823319518453,2.622000645103996e-06,1.5803552165134014,0.08980083362944767
730.0,0.3221291419166391,0.9498787563267573,3.7019971565967045,2.640943798091377e-06,1.584667159046381,0.0900333068798318
731.0,0.3214903380872631,0.9535568951550465,3.6823532818881084,2.6599948495698196e-06,1.5889848640727704,0.09026567727259686
732.0,0.3208550452015029,0.9572402708852613,3.662849708610117,2.6791541911818665e-06,1.5933085593633487,0.09049795914962067
733.0,0.32022363299240003,0.9609294601415306,3.6434869316266574,2.69842343406643e-06,1.5976421897975803,0.09073031778736951
734.0,0.3195958517475421,0.9646241494180869,3.6242625280602816,2.717802465950016e-06,1.6019837024814585,0.09096266900187895
735.0,0.3189717304565262,0.9683244414439727,3.605175636478574,2.7372919901508112e-06,1.6063338535650193,0.09119503498058538
736.0,0.3183510260105809,0.9720300082988428,3.5862236623571286,2.7568918583035242e-06,1.6106904850122974,0.09142733897655929
737.0,0.31773387944734566,0.975741114980451,3.5674062987676733,2.7766030934279586e-06,1.6150554409277718,0.09165964848939732
738.0,0.31712029911562356,0.9794578255054626,3.548722573623478,2.7964263175977877e-06,1.6194292239776324,0.09189197890601712
739.0,0.3165102469908673,0.9831801305906156,3.530171179472547,2.816362018927723e-06,1.6238118295818862,0.09212432958949175
740.0,0.31590351786026705,0.9869077556884791,3.511749806847234,2.836410163887636e-06,1.6282014543024765,0.09235663605386277
741.0,0.31530028812886524,0.9906410280765342,3.493458568896979,2.856571896237362e-06,1.6326003911766316,0.09258897633474875
742.0,0.31470029718969106,0.9943795792948914,3.4752947333291373,2.8768470102667516e-06,1.6370061803666653,0.09282126665887443
743.0,0.31410376966471537,0.9981238174342335,3.4572588573966074,2.8972368018913433e-06,1.641421689253014,0.09305360075750874
744.0,0.31351041050844475,1.001873312870875,3.4393478890170894,2.9177409629941975e-06,1.6458440118266646,0.09328588390813361
745.0,0.31292042707301954,1.005628449601703,3.4215623409394134,2.9383607462485942e-06,1.65027585952565,0.09351820252392451
746.0,0.31233368495470964,1.0093890554994414,3.4039003330094144,2.95909633647028e-06,1.6547161096776315,0.09375051912379001
747.0,0.3117500902549712,1.0131550209639952,3.3863602586265515,2.9799480418482723e-06,1.6591640651965116,0.09398281100322077
748.0,0.31116967767676756,1.0169264487865526,3.3689414410182645,3.0009165836709124e-06,1.6636204955306162,0.09421510188119654
749.0,0.3105923071824532,1.0207031486470695,3.3516419547071385,3.0220021163734052e-06,1.6680841441776728,0.09444735208563564
750.0,0.31001818074694437,1.024485506767012,3.3344623627283836,3.043205919841888e-06,1.6725577412447312,0.09467964562669935
751.0,0.3094471539309545,1.02827332537486,3.3174007379287254,3.064528139584149e-06,1.6770399850813809,0.09491194080321737
752.0,0.30887906281743527,1.0320663681931703,3.300455018752858,3.0859688386338737e-06,1.6815292926895282,0.09514418847559482
753.0,0.3083140909571752,1.0358649944158105,3.283625660253923,3.1075292618007825e-06,1.686028212861114,0.09537646604022645
754.0,0.3077520595013861,1.039668939637975,3.266910518243338,3.1292094208394057e-06,1.690534976453134,0.09560871841437754
755.0,0.30719307846057525,1.0434784395688035,3.250309527890636,3.1510103267648e-06,1.6950512718045279,0.0958409963791278
756.0,0.30663692609025195,1.047293148693335,3.2338202634178215,3.1729318253851047e-06,1.699574770980497,0.09607322836617431
757.0,0.30608377924033414,1.051113422316711,3.2174431508365102,3.1949751801759386e-06,1.7041079855414982,0.09630548980468696
758.0,0.3055335111888583,1.054939079539364,3.2011764689702304,3.2171405701064048e-06,1.7086497277418293,0.09653774371561213
759.0,0.30498601601536374,1.0587699724059716,3.1850186532360967,3.2394282393289663e-06,1.713199035126914,0.09676996045960924
760.0,0.3044414470084981,1.0626064195769565,3.1689699745463495,3.261839397791233e-06,1.7177581624737726,0.09700220709843001
761.0,0.3038995988700857,1.0664480911396637,3.15302820010195,3.284373910954806e-06,1.7223248974455532,0.09723441624924202
762.0,0.3033606069392587,1.0702952758974393,3.1371934749317867,3.307032942016716e-06,1.7269012843298985,0.09746664862022766
763.0,0.3028243747010222,1.0741478398973858,3.1214643474122563,3.3298167701138496e-06,1.731486460267118,0.09769887729169001
764.0,0.302290795943354,1.0780056271395646,3.1058393126680643,3.35272562332048e-06,1.73607941193031,0.0979310712526203
765.0,0.3017599445744822,1.081868815280312,3.0903181128134465,3.375760443133631e-06,1.7406814182673123,0.09816326786594594
766.0,0.3012318306344293,1.0857374649497245,3.074900047102248,3.398921929124267e-06,1.7452929519708664,0.09839548055350629
767.0,0.3007063222575031,1.0896113696048875,3.059583468676084,3.4222102074573655e-06,1.7499126527104674,0.09862766778551624
768.0,0.30018345747964315,1.0934906407554295,3.044367888541807,3.445626091081251e-06,1.754541343459297,0.09885985328802104
769.0,0.29966323224019104,1.097375311096726,3.0292525425653656,3.469170226077353e-06,1.7591793059249086,0.09909204453548902
770.0,0.29914552552238827,1.101265187974023,3.0142358981219965,3.492842762188554e-06,1.763825280211058,0.09932420324919868
771.0,0.2986304121782356,1.1051604549526424,2.9993177181549298,3.516644689576851e-06,1.768480575960925,0.09955636767452464
772.0,0.2981178595858821,1.1090610887367376,2.984497075602719,3.540576539599564e-06,1.7731450956846162,0.09978853371541385
773.0,0.297607806864739,1.1129670098508901,2.9697728541459525,3.5646387205282974e-06,1.7778183478638456,0.10002068633156726
774.0,0.2971002362670474,1.1168782215490018,2.955144240614281,3.5888318249320794e-06,1.7825004158237916,0.1002528269382323
775.0,0.2965951816148767,1.1207948299248127,2.9406107508312003,3.6131566903903295e-06,1.7871920777819477,0.10048497766477697
776.0,0.2960924991738385,1.124716586828481,2.9261707857870274,3.6376133329001006e-06,1.7918917031034252,0.1007170893527052
777.0,0.2955923030818514,1.1286437580452793,2.9118243729624185,3.662202970416905e-06,1.796601154694865,0.1009492164707619
778.0,0.2950944924755292,1.1325761793371156,2.8975702083422723,3.686925816586301e-06,1.801319374254723,0.10118132651629194
779.0,0.2945990967396435,1.136513947486207,2.8834077919957672,3.7117827050925697e-06,1.8060470735531364,0.10141343999675663
780.0,0.2941060123461629,1.1404568888583817,2.8693358275999317,3.7367738241332585e-06,1.8107831323028205,0.10164552271977001
781.0,0.2936153251737663,1.1444052158803548,2.8553541741635473,3.761900293654991e-06,1.8155290466144958,0.10187761814847406
782.0,0.2931269642865729,1.1483588203555852,2.8414617469785797,3.7871624647571896e-06,1.8202841395604077,0.10210970526223516
783.0,0.29264083964095655,1.1523175512682295,2.8276573588912526,3.812560579156492e-06,1.8250474449500147,0.10234175479332566
784.0,0.29215705387455704,1.1562816579847663,2.813940980721562,3.838095866180026e-06,1.829820707241397,0.10257381724005733
785.0,0.29167552133546965,1.160250998075296,2.8003114671829374,3.863768594803501e-06,1.8346030188059157,0.10280586489614413
786.0,0.29119622951512897,1.1642255806126491,2.786768116082739,3.889579409131957e-06,1.8393944975139374,0.10303790028784177
787.0,0.2907191903964365,1.1682054664961468,2.7733103675325683,3.915529089522776e-06,1.844195610042546,0.10326993639324557
788.0,0.2902443592323747,1.1721905963227615,2.759937343438116,3.941618115291661e-06,1.849006011041215,0.10350196203972882
789.0,0.2897716680972561,1.1761808590362353,2.746648044937301,3.967846832127077e-06,1.853825007963161,0.10373395592788255
790.0,0.2893011948658686,1.18017645624165,2.733442305771741,3.994216392010901e-06,1.8586540167041061,0.1039659588329004
791.0,0.2888328271147883,1.184177179867784,2.7203188897428654,4.020726894650427e-06,1.863491689866513,0.10419793016965608
792.0,0.2883666622233396,1.1881832752094579,2.7072777408140087,4.047379620723269e-06,1.8683397361004999,0.10442991939063256
793.0,0.28790253946095284,1.1921944259651769,2.6943173795596502,4.074174383638226e-06,1.8731960812708746,0.10466186437788208
794.0,0.28744053561537947,1.1962108325270298,2.681437644024168,4.101112354889868e-06,1.8780621310331715,0.10489380569425902
795.0,0.2869806425852712,1.2002325116889698,2.668637907977183,4.128194234082633e-06,1.8829380538368088,0.10512574712199746
796.0,0.28652281456408607,1.2042593954348348,2.655917345312049,4.155420492809929e-06,1.8878234476085205,0.10535767596946138
797.0,0.286067010285533,1.208291424278809,2.6432751620569856,4.182791625888407e-06,1.8927179675571548,0.1055895813422398
798.0,0.28561318937305563,1.2123285397565813,2.630710586661219,4.21030812916145e-06,1.8976212776695418,0.10582145217559936
799.0,0.28516142034413583,1.2163709274907202,2.618223421342174,4.2379711713701335e-06,1.9025346818556261,0.10605332584599944
800.0,0.2847117230247394,1.220418665377047,2.605813206263021,4.26578163756274e-06,1.9074587581432025,0.1062852185747164
801.0,0.2842639382854997,1.2244714256193543,2.593478564644794,4.2937392914072284e-06,1.9123913598469306,0.10651706615246657
802.0,0.2838181098926455,1.2285293376972244,2.581219181135043,4.3218451601149875e-06,1.9173334130653858,0.10674889491615717
803.0,0.28337423011044793,1.2325924148141234,2.5690344784496797,4.35009995358857e-06,1.922285063109694,0.10698070810782244
804.0,0.2829323075910403,1.2366607085737007,2.5569239653737537,4.378504499493234e-06,1.9272467117666787,0.10721251640043215
805.0,0.2824922447486371,1.2407340241828464,2.5448866181353527,4.407058924421958e-06,1.9322171063546019,0.10744428222622619
806.0,0.28205413162761017,1.244812599672971,2.532922364017615,4.43576459034483e-06,1.9371979019032337,0.10767605322849634
807.0,0.2816179041562306,1.2488963176090517,2.521030366225506,4.464621851314906e-06,1.9421883664451132,0.107907806576056
808.0,0.28118355294242675,1.252985185457502,2.5092100564523054,4.493631420656842e-06,1.9471886048361162,0.10813954476325252
809.0,0.2807510665039332,1.2570792064872889,2.4974608722105227,4.5227940030130855e-06,1.9521986961695155,0.10837126875710822
810.0,0.2803203540978061,1.2611781956105994,2.4857818646768766,4.55210975218367e-06,1.9572174523834367,0.10860294303212456
811.0,0.27989153379440856,1.2652824603298292,2.474173104759846,4.581580272290186e-06,1.9622469957548168,0.10883462866513073
812.0,0.2794644961085326,1.2693917706415998,2.4626335710135328,4.611205589102337e-06,1.9672858387080516,0.10906628090836631
813.0,0.279039036210512,1.2735056637962001,2.451161803950343,4.6409850178922165e-06,1.972330929019231,0.10929780975314682
814.0,0.27861559488886567,1.277625222359681,2.4397594065861354,4.6709225141372835e-06,1.9773895916123931,0.10952942798337278
815.0,0.278193902015867,1.2817498265559022,2.4284245919835024,4.7010169367583045e-06,1.982457718866152,0.10976101620859413
816.0,0.2777739806961251,1.2858795633544085,2.417157022913004,4.731269268844478e-06,1.9875359558922505,0.10999258975212406
817.0,0.27735581135317044,1.2900144127636455,2.4059561295203533,4.761680171932826e-06,1.9926242246639416,0.11022414559029534
818.0,0.2769393584121315,1.2941543132715956,2.3948212552176993,4.792250181827652e-06,1.9977221649919834,0.11045567384798836
819.0,0.2765246207125723,1.298299290181989,2.383751941811901,4.822980104713761e-06,2.0028300051828163,0.11068717924154385
820.0,0.2761115682453495,1.302449294460264,2.372747577116252,4.853870516860431e-06,2.007947471041642,0.11091865400010878
821.0,0.2757002234469274,1.3066044121970317,2.3618078366898785,4.884922427633267e-06,2.0130752003962353,0.11115011302438682
822.0,0.2752905782596662,1.3107646510291433,2.3509322400775345,4.916136601067819e-06,2.0182133041510104,0.11138155779297364
823.0,0.27488256263073224,1.314929856186159,2.3401199626138944,4.947513287934019e-06,2.0233607898498875,0.11161296327794211
824.0,0.2744763906060397,1.3191006160702599,2.3293717367277096,4.9790551317206085e-06,2.0285217021115964,0.11184442713308129
825.0,0.27407168503982593,1.3232759707350708,2.3186850899252662,5.010759788939337e-06,2.0336895945424693,0.1120757906719828
826.0,0.273668611658972,1.3274563810441202,2.3080605092182904,5.0426294936204634e-06,2.0388676480204535,0.11230713014259974
827.0,0.27326713511057554,1.331641776095482,2.297497342891557,5.0746647778967245e-06,2.044055434328798,0.11253843658188965
828.0,0.27286726992351784,1.3358322253051722,2.2869953004163395,5.1068666221736075e-06,2.0492534873451818,0.1127697192210582
829.0,0.272468997776252,1.3400277051109928,2.2765538594786214,5.13923571615754e-06,2.054461703742571,0.1130009752052272
830.0,0.2720723022073685,1.3442281967407514,2.2661725162633357,5.1717727671685504e-06,2.059680012946322,0.11323220230073477
831.0,0.2716771754732762,1.3484337059801381,2.2558508328463325,5.2044785655490814e-06,2.064908512897456,0.11346340137524148
832.0,0.27128358954733645,1.3526441781204674,2.2455882134199876,5.2373537132384145e-06,2.0701468840569492,0.11369456648276793
833.0,0.27089156173575235,1.356859693356259,2.235384439952529,5.270399239045661e-06,2.075395741019277,0.11392570633561419
834.0,0.270501051223928,1.3610801568584554,2.225238805380506,5.3036156302350776e-06,2.0806544838352155,0.1141568111750648
835.0,0.2701120772716644,1.3653056558313228,2.2151511267586814,5.337003944703979e-06,2.0859237781139095,0.11438788978115214
836.0,0.2697246036258391,1.3695361075338002,2.2051207428395245,5.370564710696502e-06,2.0912031082989393,0.11461893384039175
837.0,0.2693386280602356,1.373771532718638,2.1951472877048452,5.4042987873066505e-06,2.096492677769138,0.11484994551584285
838.0,0.2689540853751061,1.3780117495288833,2.185229778070511,5.43820641430729e-06,2.1017912691533946,0.11508091037583085
839.0,0.2685710781342567,1.3822571163838242,2.1753689005861134,5.472289494802813e-06,2.1071014554886416,0.11531185759922381
840.0,0.2681895371284412,1.3865074406471163,2.165563663122003,5.50654823696455e-06,2.112421948156005,0.11554277075188849
841.0,0.26780945172509274,1.3907627157812887,2.1558136379460207,5.540983430362521e-06,2.117752761055971,0.11577364929850441
842.0,0.26743081153204395,1.395022936065622,2.1461184082965428,5.575595868013724e-06,2.1230939144542043,0.11600449259373674
843.0,0.2670536062010857,1.3992880954884537,2.1364775608721938,5.610386345614114e-06,2.128445427005638,0.1162352999667276
844.0,0.2666778255644125,1.4035581878740508,2.1268906789538393,5.645355667503711e-06,2.133807314483046,0.11646607096500146
845.0,0.26630345935100475,1.4078332069737416,2.117357362963788,5.68050463111867e-06,2.13917959580706,0.11669680471497516
846.0,0.2659304975929889,1.4121131469139228,2.1078772091327145,5.715834047011489e-06,2.1445622898891306,0.1169275005871016
847.0,0.2655589305828883,1.4163980016331408,2.0984498104761493,5.7513447335285255e-06,2.1499554133515666,0.11715815824379851
848.0,0.2651887691092527,1.4206878578847328,2.0890752305166944,5.787037705482995e-06,2.1553596729478635,0.11738877334591286
849.0,0.26481995751251225,1.4249825106235674,2.0797521498487006,5.822913322267767e-06,2.1607736229975902,0.11761935029630899
850.0,0.2644525117427947,1.4292820610990336,2.0704806641376563,5.858972666007716e-06,2.1661980679530397,0.11784988678187268
851.0,0.2640864216644383,1.4335864994395817,2.061260368632706,5.895216558311857e-06,2.171632998469497,0.1180803824511091
852.0,0.26372167694417215,1.4378957827783165,2.0520904903086685,5.931645894656678e-06,2.1770781184980152,0.11831084902065951
853.0,0.2633582781375277,1.4422100027484899,2.042971455277355,5.968261519821355e-06,2.1825342340333473,0.11854126420528815
854.0,0.2629962059038944,1.4465290901998693,2.0339025064995195,6.005064168547512e-06,2.188000883339732,0.11877163537418318
855.0,0.26263545488461537,1.4508530487615132,2.024883243263873,6.0420547793459356e-06,2.1934781407644195,0.1190019638856497
856.0,0.2622760036948552,1.4551818377212589,2.015913385084728,6.079233886512164e-06,2.198965823391067,0.11923224276742053
857.0,0.2619178658658165,1.4595155132946869,2.0069924138135242,6.116602912191099e-06,2.20446431337584,0.11946248275643001
858.0,0.26156101403659937,1.4638540170861223,1.9981200944168356,6.1541622400622295e-06,2.2099733238749715,0.11969267389916419
859.0,0.26120544540248813,1.4681973592411472,1.9892960311026087,6.19191288044208e-06,2.2154929693188126,0.11992281846188359
860.0,0.26085115137327025,1.4725455335145374,1.9805198706554752,6.22985569893818e-06,2.2210232680383717,0.12015291577894711
861.0,0.26049812989430843,1.4768985542608979,1.9717912315931654,6.267991753029603e-06,2.2265643627288463,0.12038296737234888
862.0,0.26014635804100594,1.4812563691394993,1.9631098402203155,6.3063214990672665e-06,2.232115994812285,0.12061296738031259
863.0,0.25979580436237387,1.485618889914441,1.954475458024441,6.3448450278276975e-06,2.2376776856318514,0.12084291080997615
864.0,0.2594465611208818,1.4899864561722478,1.945887273762853,6.38356650101827e-06,2.24325154637363,0.12107282050878426
865.0,0.2590985047875752,1.4943586633983652,1.9373454909711487,6.422483025147554e-06,2.2488351869346443,0.1213026690996872
866.0,0.2587516815312575,1.4987356935792322,1.928849523784945,6.461597285511161e-06,2.2544297654227483,0.12153246789426507
867.0,0.2584060746944946,1.5031175099056566,1.9203990813444571,6.500909886043819e-06,2.260035116081387,0.12176221438867911
868.0,0.25806170823084945,1.5075041959879178,1.9119937340912658,6.540422436170388e-06,2.2656518247586286,0.12199192386291907
869.0,0.25771848142701365,1.5118954868284749,1.9036334500980867,6.580133835975275e-06,2.271278276617396,0.12222154725163946
870.0,0.2573764759840987,1.5162916206735837,1.8953176317297722,6.620046852848034e-06,2.2769160397610877,0.12245113214918432
871.0,0.2570357121289242,1.5206926980593303,1.8870458728163637,6.660163457270807e-06,2.282565799766684,0.12268067970625833
872.0,0.25669601581239754,1.5250981769911822,1.8788183595428305,6.700479879073628e-06,2.288224203808137,0.12291013353368298
873.0,0.25635758619314664,1.5295087171589938,1.8706341685235433,6.741002876935194e-06,2.2938954706156536,0.12313956126432204
874.0,0.2560202765403554,1.533923864800027,1.8624933806655621,6.781729503060415e-06,2.299576794814296,0.12336891477347217
875.0,0.25568411238899574,1.5383437092448307,1.8543956136791409,6.822661415553332e-06,2.305268802852169,0.12359820923364308
876.0,0.2553490948035661,1.542768275981874,1.8463405302473626,6.863799883504688e-06,2.310971713568718,0.12382744412121549
877.0,0.25501521549701917,1.5471975516210268,1.838327838892764,6.905145752282566e-06,2.31668550563006,0.12405661980100614
878.0,0.254682469831228,1.5516315435349233,1.8303572220444384,6.946700150291616e-06,2.3224102802613746,0.12428573359337113
879.0,0.2543508492314363,1.5560702367383505,1.822428395074601,6.988463917327771e-06,2.328146006358423,0.1245147857384962
880.0,0.2540203466698714,1.5605136256551795,1.8145410615788522,7.030438031473371e-06,2.333892707944466,0.12474377488457125
881.0,0.25369094824663724,1.5649617063139583,1.8066948708623038,7.072623819331515e-06,2.3396503894876077,0.1249726845544706
882.0,0.2533626569430308,1.5694144526399894,1.7988896581095117,7.1150214000115935e-06,2.3454190062427056,0.12520154368866732
883.0,0.2530354627032196,1.5738718719936007,1.7911250771778933,7.1576321835203995e-06,2.351198637914127,0.12543033767526568
884.0,0.25270935874174116,1.5783339572725008,1.7834008455843469,7.200457137988937e-06,2.356989300713605,0.12565906570031563
885.0,0.25238434329783876,1.582800710396988,1.7757167004294372,7.243497202040291e-06,2.3627910801233143,0.12588773257004673
886.0,0.2520603967881668,1.5872721009007364,1.7680723192531043,7.286753448642875e-06,2.368603813419328,0.12611632262388744
887.0,0.2517374932737235,1.5917480746270316,1.760467381396508,7.330226765312232e-06,2.3744271811910918,0.12634481852936189
888.0,0.2514156801011044,1.5962287398702533,1.7529017679952064,7.3739181041922395e-06,2.380262047100155,0.12657327254581308
889.0,0.2510949242814038,1.6007140349032194,1.7453751288884305,7.417828521690288e-06,2.3861080233401175,0.1268016565331687
890.0,0.2507752194474164,1.6052039525198143,1.7378871965421654,7.461959014253998e-06,2.3919651264374693,0.12702996967038346
891.0,0.25045655846474874,1.6096984833632688,1.7304377038759142,7.50631057703172e-06,2.3978333577454998,0.12725821047264255
892.0,0.2501388745808566,1.6141974616418722,1.723026250354632,7.5508837168610825e-06,2.4037116078535554,0.12748633134450324
893.0,0.24982228938560408,1.6187012114086583,1.7156528685389794,7.595680438244769e-06,2.409602248642523,0.12771443162033397
894.0,0.24950672173654914,1.6232095320251707,1.708317126937186,7.640701195830052e-06,2.4155039209990585,0.12794245112072702
895.0,0.24919217422119205,1.6277224388060048,1.7010187894219877,7.685947081390214e-06,2.421416802207818,0.12817039568580704
896.0,0.2488790455636869,1.6322410630468887,1.693758493576658,7.731423815133337e-06,2.4273489556051886,0.12839854552245414
897.0,0.24856654292981462,1.6367632004015966,1.6865342552415947,7.77712358417794e-06,2.433284869580925,0.12862634673515613
898.0,0.24825521219036958,1.6412903926490534,1.6793470432088105,7.823053766712654e-06,2.439235511171268,0.12885418302421675
899.0,0.2479445362583912,1.6458211544003607,1.6721954828422212,7.869208814910504e-06,2.445190457593478,0.12908171358929477
900.0,0.24763502121246922,1.6503569576780175,1.665080458148671,7.915596367118177e-06,2.451160175079137,0.12930927798806857
901.0,0.24732649307982918,1.6548973083437215,1.658001355258394,7.962215301423697e-06,2.4571412432417263,0.1295367636025082
902.0,0.2470189411205041,1.6594421846305873,1.6509579226583846,8.00906661745574e-06,2.463133577366858,0.12976416584213205
903.0,0.24671235138707442,1.6639915549291229,1.6439499039592331,8.056151272519173e-06,2.4691370226869784,0.1299914779562252
904.0,0.24640673926691484,1.6685454710021157,1.6369771078294502,8.10347057557389e-06,2.4751520175605797,0.13021871409324273
905.0,0.24610232834067594,1.6731046417064919,1.6300398345532143,8.15102943121269e-06,2.481183656712873,0.13044600535996898
906.0,0.24579839410995122,1.6776668197428004,1.6231361795008998,8.198817044338214e-06,2.4872160792076428,0.1306729320139442
907.0,0.2454956509299904,1.6822342389552272,1.6162675862285658,8.246846374044397e-06,2.493265191773058,0.1308999125137249
908.0,0.24519385166161176,1.6868061387482878,1.6094332644540785,8.295114519580646e-06,2.499325673135679,0.1311268049212922
909.0,0.24489316534492656,1.6913830347427867,1.6026333685294532,8.34362509214924e-06,2.505401277756359,0.1313537234224613
910.0,0.24459303392317752,1.69596325785573,1.5958664664491389,8.39237116946709e-06,2.5114801541627263,0.13158030272207166
911.0,0.2442942695561978,1.7005492690690607,1.5891341271470147,8.44136592958634e-06,2.517579962115681,0.1318070758107727
912.0,0.2439960984834292,1.7051387535318039,1.5824344828408115,8.490599350497817e-06,2.5236842178944667,0.1320335297327299
913.0,0.24369882976460117,1.7097325651612185,1.5757678718169568,8.540075747426047e-06,2.5297991058060294,0.13225991510230586
914.0,0.2434028352381434,1.714331966177888,1.569135057265501,8.589804028695982e-06,2.5359337437396694,0.13248641407252582
915.0,0.24310751539439984,1.718935067480285,1.5625344495091793,8.639775065812371e-06,2.5420746620046413,0.13271267377261342
916.0,0.2428130994051619,1.7235425887944442,1.5559663588693682,8.689993806296945e-06,2.548227093679334,0.13293883856680966
917.0,0.2425195107030958,1.7281542918929471,1.5494304088651547,8.74046008221838e-06,2.554389396613519,0.13316486586990173
918.0,0.2422262976003136,1.7327688054226842,1.5429259222630354,8.791166683365347e-06,2.5605519549755944,0.13339046983317523
919.0,0.2419352253732132,1.7373915906865873,1.5364550858384793,8.842147596574656e-06,2.566753612393978,0.13361675386540878
920.0,0.2416436940570055,1.7420145409187877,1.5300139224600395,8.89335494112899e-06,2.572936790662721,0.13384213062252914
921.0,0.2413542509455155,1.7466457241350517,1.5236060324057465,8.94484020610459e-06,2.5791589682400495,0.13406810581690082
922.0,0.24106513316201172,1.7512795165208253,1.5172286269019999,8.996568639763005e-06,2.5853802330279705,0.13429366823945052
923.0,0.2407773560351937,1.7559190540409435,1.5108831589690035,9.048559002860384e-06,2.5916231195636508,0.13451948876138367
924.0,0.24048956242179714,1.7605603576074846,1.504566942968304,9.100794856262153e-06,2.5978589019355827,0.13474452690994185
925.0,0.24020320648376245,1.7652077410546898,1.4982824859092532,9.153297217758877e-06,2.6041188834138547,0.13496987969207658
926.0,0.2399175633917366,1.769858999868486,1.49202823332872,9.206056098403693e-06,2.6103871866371304,0.13519504176848768
927.0,0.23963277210724027,1.774514585827891,1.4858042693694993,9.259075427438406e-06,2.6166671526163197,0.1354200981608657
928.0,0.23934882822853468,1.7791744904384168,1.4796104014724074,9.312356396476662e-06,2.622958795590045,0.13564504797029692
929.0,0.23906574398894978,1.783838721293589,1.47344642300868,9.36589978039698e-06,2.629262241177295,0.13586992313470173
930.0,0.23878346473221815,1.7885072203636467,1.4673121923157322,9.419708052844559e-06,2.6355771620824493,0.1360946233592354
931.0,0.2385020364302883,1.7931800283149497,1.461207474010578,9.473781151830854e-06,2.641903912565522,0.13631924699801426
932.0,0.23822143801411838,1.797857119934934,1.4551320978538336,9.5281207156789e-06,2.6482423921809533,0.13654375992538378
933.0,0.23794166522262503,1.8025384864189347,1.4490858792649572,9.582727964753174e-06,2.6545926141130534,0.1367681611264847
934.0,0.23766271434270508,1.8072241202164192,1.443068635247931,9.637604129902336e-06,2.660954600623939,0.13699245008321612
935.0,0.23738458021889008,1.8119140100774225,1.4370801841957763,9.692750435225157e-06,2.6673283475609844,0.13721662479684632
936.0,0.23710725529447432,1.816608137744726,1.4311203453200154,9.74816807182281e-06,2.673713800970912,0.13744068122310163
937.0,0.23683074313084104,1.8213065147126646,1.4251889415351882,9.803858375664578e-06,2.6801111201489967,0.13766462540794214
938.0,0.23655503552103074,1.8260091210290592,1.4192857950784898,9.859822547631788e-06,2.686520239450507,0.13788845246329612
939.0,0.23628012830884715,1.8307159473024475,1.4134107303125847,9.916061838602425e-06,2.6929411686965716,0.1381121613283608
940.0,0.23600601903276439,1.8354269889411043,1.407563573435514,9.972577537939758e-06,2.699373952505593,0.13833575213627802
941.0,0.235732600092546,1.8401418937356167,1.401744183369715,1.0029367702347442e-05,2.7058161858867362,0.13855917346854926
942.0,0.23546007796542698,1.8448613416875144,1.395952328093009,1.0086439895628502e-05,2.7122727385543697,0.1387825317528086
943.0,0.23518834245632836,1.84958497955674,1.3901878678684232,1.0143792330526592e-05,2.7187411975891185,0.13900576906486053
944.0,0.23491738914216195,1.85431279608751,1.3844506345151564,1.0201426270889503e-05,2.725221561778951,0.13922888415134888
945.0,0.23464720374597806,1.8590447421656833,1.3787404683155193,1.0259342519679953e-05,2.731713568599262,0.13945187454133687
946.0,0.2343778056952462,1.8637808948889054,1.3730571898988257,1.0317543379232244e-05,2.7382178277757565,0.13967474413122957
947.0,0.2341091792505719,1.868521201178554,1.3674006413397906,1.037602965893434e-05,2.744734048681113,0.13989748875076183
948.0,0.23384132076345157,1.8732656519565574,1.361770659639018,1.0434802670321389e-05,2.7512622455914677,0.14012010738372505
949.0,0.23357422663089408,1.8780142381396772,1.3561670831251764,1.0493863731529556e-05,2.7578024330244193,0.1403425990099343
950.0,0.2333078933563533,1.8827669512578216,1.3505897508834508,1.0553214182897338e-05,2.7643546294346937,0.14056496233245172
951.0,0.23304231826198424,1.8875232605964936,1.3450392739276684,1.061283665595247e-05,2.7709158392989512,0.14078761979124388
952.0,0.23277757061259677,1.8922844204757796,1.3395140157733563,1.0672770888189999e-05,2.7774937259820223,0.14100979043621029
953.0,0.23251335853407704,1.8970500463712014,1.3340129349601355,1.0733030614717328e-05,2.7840846010148295,0.14123085262871776
954.0,0.23225033603387063,1.9018190754985265,1.328540680204305,1.0793521231759588e-05,2.7906860318327946,0.1414537458688399
955.0,0.2319878423878622,1.9065925527475276,1.3230922937010454,1.0854340058514931e-05,2.797300485691205,0.1416755286057148
956.0,0.2317254937632765,1.911368945471252,1.3176677572033337,1.0915470258414999e-05,2.803917417662733,0.14189613912137947
957.0,0.2314643538123644,1.916150177552073,1.3122697124829237,1.0976883418045232e-05,2.8105532411652288,0.14211754671616542
958.0,0.23120394510351627,1.920935454317563,1.3068966721872093,1.1038596718886358e-05,2.817201125543407,0.14233881652070166
959.0,0.2309442643137936,1.9257247660999655,1.3015484873723313,1.1100611536259217e-05,2.823861082996615,0.14255994756545273
960.0,0.2306853081750065,1.930518103508794,1.2962250095449432,1.1162929264166944e-05,2.8305331273876013,0.14278093863980892
961.0,0.2304270734123611,1.9353154567786344,1.2909260920975407,1.122555129114107e-05,2.837217270623192,0.14300178874817193
962.0,0.23016955678836742,1.9401168162141682,1.2856515893116434,1.128847901679583e-05,2.84391352511709,0.14322249679970106
963.0,0.2299124629612819,1.944921288990183,1.280401061895353,1.1351709317633586e-05,2.8506152776994775,0.14344279927552334
964.0,0.229656786820918,1.9497317610289768,1.2751756718859308,1.1415253465022811e-05,2.857344531584917,0.14366370954630114
965.0,0.22940143702884774,1.9545451758998518,1.269973585304169,1.1479107164194932e-05,2.864077922868713,0.1438840149448109
966.0,0.22914679483216704,1.9593625651826827,1.2647953448691607,1.154327227989121e-05,2.8708235329165834,0.14410417547699755
967.0,0.2288928568784569,1.964183918172693,1.2596408104693715,1.1607750237217388e-05,2.877581367935639,0.14432418990821447
968.0,0.22863946405167684,1.9690090807303262,1.254509131584745,1.1672553405184684e-05,2.884349570634604,0.14454363653370766
969.0,0.2283870836796927,1.9738384827619715,1.2494023073878502,1.1737650490578445e-05,2.8911338170412124,0.1447637777664288
970.0,0.22813524235497737,1.9786716743339965,1.2443180643806693,1.1803075682135154e-05,2.897928455383988,0.14498334905199703
971.0,0.2278840936663987,1.9835087915755696,1.2392569786230117,1.186881953139829e-05,2.904735381938674,0.14520277009073612
972.0,0.22763363557932798,1.988349827324575,1.2342189168008242,1.1934883518608836e-05,2.9115546312206244,0.1454220406463458
973.0,0.22738386401333818,1.9931947678740631,1.2292037439602048,1.2001269096764712e-05,2.918386187778698,0.14564115862525479
974.0,0.22713477678695151,1.9980436054381288,1.2242113284806848,1.2067977759806039e-05,2.9252300816936034,0.14586012353885747
975.0,0.2268860988126719,2.002895639824938,1.2192409546862633,1.2135012977207843e-05,2.932080551221719,0.146078558530442
976.0,0.22663799266109447,2.007751004080147,1.214293204977666,1.220236478472676e-05,2.938939788456794,0.14629689450538783
977.0,0.22639088086434958,2.012611273724446,1.20936820306875,1.227005040882532e-05,2.94581920976007,0.14651534288742135
978.0,0.2261444398306271,2.017475391406863,1.204465435690194,1.2338065032252095e-05,2.9527109485361156,0.14673363228681163
979.0,0.2258989962590759,2.0223441984319592,1.199585399429279,1.240640748873291e-05,2.9596218549985616,0.1469522386749299
980.0,0.2256537268364647,2.0272156673371433,1.1947262884909844,1.2475089815195954e-05,2.9665353990518364,0.14716989774822997
981.0,0.2254097073718581,2.0320923810850258,1.1898902629917998,1.254409815164291e-05,2.973473319928068,0.14738829197847145
982.0,0.22516599206308416,2.036972016549666,1.1850752447038224,1.2613445402081453e-05,2.9804162417533795,0.1476059952425363
983.0,0.2249229725928361,2.0418555657526447,1.1802818913600377,1.268312968908971e-05,2.9873724712982765,0.1478235753144371
984.0,0.22467949441974255,2.046739583592494,1.175508353008522,1.2753142616263283e-05,2.9943147645742143,0.14803977190755988
985.0,0.22443687181084387,2.051627685916382,1.1707569085457277,1.2823483204204777e-05,3.0012724706758287,0.14825630559722572
986.0,0.22419649541497416,2.0565248427922267,1.1660283161082408,1.289420386481112e-05,3.0082834710596313,0.14847390739485572
987.0,0.22395597382165602,2.061423129534548,1.161320048578267,1.2965248117110864e-05,3.015286610738179,0.14869072867997904
988.0,0.22371462794597097,2.0663198321814606,1.156631760572407,1.3036579760563591e-05,3.0222614768953506,0.14890668222145811
989.0,0.22347545255377707,2.071226520356568,1.1519645159703822,1.3108348519866576e-05,3.0292947591510666,0.14912254921725046
990.0,0.22323822516784717,2.0761402917390446,1.1473207337203537,1.3180453560013531e-05,3.036369727235983,0.14934012651852702
991.0,0.22300030270962673,2.0810536077746034,1.1426958221892831,1.3252885751086763e-05,3.043423602587371,0.14955629771272613
992.0,0.22276176863064803,2.0859665238993808,1.1380901498401454,1.3325639904100679e-05,3.0504577452136785,0.1497712698211848
993.0,0.22252501164562752,2.09088689988286,1.1335060523237348,1.3398773309705434e-05,3.0575338784984694,0.14998700164653211
994.0,0.22229005256339934,2.0958148297884005,1.1289434312501885,1.3472289297439004e-05,3.0646529681086534,0.1502034985207777
995.0,0.22205454169629954,2.100742521252743,1.1243998603456644,1.3546131953858188e-05,3.071753925468374,0.15041887511812013
996.0,0.22181978507466102,2.1056743221193233,1.1198764770018697,1.3620336397790644e-05,3.078870947300308,0.1506341501041191
997.0,0.22158516593839755,2.1106081527443186,1.1153724414229622,1.3694888460214644e-05,3.0859875206174734,0.15084885220655872
998.0,0.22135066545985116,2.1155440903517424,1.1108878176806805,1.3769794623990561e-05,3.093104526016328,0.15106282491726503
999.0,0.22111854269067552,2.1204892042017405,1.1064249398706487,1.3845091458497782e-05,3.1002783989505964,0.15127836970985645
1000.0,0.2208862123148994,2.1254353630813694,1.1019807005465396,1.3920740852923228e-05,3.107444257093451,0.15149287497272498
1001.0,0.22065214495777008,2.1304345417387154,1.0975118344187087,1.3997516513682294e-05,3.1146936068231343,0.1517093285876289
1002.01,0.22041635233465975,2.1354873763729567,1.0930184106138556,1.4075438465383147e-05,3.1220279218205915,0.15192777992886905
1003.0301,0.22017762676454866,2.140590670705874,1.0884989982357782,1.4154508664963534e-05,3.1294174431248147,0.15214703340291025
1004.060401,0.2199388357720225,2.145754279358424,1.0839568710750604,1.4234804181785956e-05,3.1369381478930225,0.1523697969580891
1005.10100501,0.2196974228022857,2.150969845737226,1.0793902669138948,1.4316253900928302e-05,3.1445201524943402,0.1525945585124291
1006.1520150600999,0.21945474579460753,2.1562437991450087,1.0747988426298376,1.4398986132394054e-05,3.1522086511029745,0.15282104676181257
1007.2135352107009,0.2192103559987891,2.1615749689803216,1.0701827637382566,1.4482992208033746e-05,3.159990864952048,0.15304932506789665
1008.2856705628079,0.21896418803580558,2.16696284693602,1.0655431096843273,1.4568247053346937e-05,3.1678616284704018,0.15328025095453066
1009.368527268436,0.21871576083386787,2.1724081749746653,1.0608777271597893,1.4654849588539129e-05,3.1758186924720264,0.15351174250728208
1010.4622125411204,0.21846597448522156,2.1779127743355957,1.0561894227828217,1.474274827107912e-05,3.1838767760111453,0.1537465375960685
1011.5668346665315,0.21821496573626809,2.1834788729571146,1.0514771461759551,1.4832032322595043e-05,3.1920475168354123,0.15398359129835906
1012.6825030131969,0.21796161106701092,2.1891030042316246,1.0467405679797301,1.492267464236386e-05,3.200299746207741,0.15422242578305878
1013.8093280433288,0.21770621751095712,2.194786772605866,1.041980180928887,1.5014701410917704e-05,3.208642331956754,0.15446348378789684
1014.9474213237621,0.2174493689809763,2.2005332506467767,1.0371959802804196,1.510818330080631e-05,3.217095381750963,0.15470671632395389
1016.0968955369998,0.2171907219281162,2.20634181470818,1.032388038185597,1.520312639902017e-05,3.2256498893049494,0.15495209941553587
1017.2578644923697,0.21692971361553756,2.2122115253736943,1.0275556530330332,1.5299559251599783e-05,3.2342933999158774,0.15519886999766333
1018.4304431372934,0.2166673943715769,2.2181461580033965,1.0227004783428373,1.5397507958905395e-05,3.2430532947625452,0.15544854632646532
1019.6147475686663,0.21640330223320867,2.2241451076121646,1.017821932682144,1.5497003717338816e-05,3.2519198472095154,0.1557004792078888
1020.810895044353,0.21613729029074247,2.2302086537918115,1.01291996622849,1.5598075107339973e-05,3.2608908142616193,0.15595451374259048
1022.0190039947964,0.21586953509361867,2.2363380996548328,1.0079948495594546,1.5700756026645058e-05,3.269972415526597,0.1562108586223856
1023.2391940347444,0.21559990719764086,2.242533756499806,1.003046622349669,1.5805074208677064e-05,3.279162702763965,0.15646942422693752
1024.4715859750918,0.21532854673836266,2.248796909431594,0.9980754729922655,1.5911068689259014e-05,3.288467449020133,0.1567303005034887
1025.7163018348429,0.21505530556966473,2.255127772920615,0.9930814650284011,1.6018765726605558e-05,3.2978839430606914,0.15699342654904566
1026.9734648531912,0.214780187275731,2.261527255079559,0.9880645780415012,1.6128208033119447e-05,3.3074147265027105,0.15725865735461111
1028.2431995017232,0.21450296271215158,2.2679951193047887,0.9830250879793264,1.6239405262593057e-05,3.317053278929113,0.1575261691172208
1029.5256314967403,0.21422507751254674,2.2745371746255523,0.9779641254536457,1.635244552433515e-05,3.326843218845821,0.1577970146225533
1030.8208878117077,0.21394448036415845,2.281147353340658,0.97288015929433,1.646730929014984e-05,3.336728730218749,0.15806937981062008
1032.1290966898248,0.213661143067763,2.2878263968985135,0.9677731971409326,1.6584036182419148e-05,3.3467106248701044,0.15834319401791272
1033.4503876567233,0.2133765807399337,2.2945800086007675,0.9626449918995992,1.6702690781511027e-05,3.3568323415697456,0.1586201097696382
1034.7848915332904,0.2130903506534025,2.3014077145299066,0.9574950511283795,1.6823314470953046e-05,3.3670843837039977,0.15889948502990847
1036.1327404486233,0.2128024509838477,2.308310346517748,0.9523235630006768,1.69459477610917e-05,3.377468662606691,0.15918132559262912
1037.4940678531095,0.21251228073243475,2.315286585468852,0.9471302685876447,1.707060518479866e-05,3.3879686649128633,0.1594652937839157
1038.8690085316407,0.21222043170949798,2.322339354795909,0.9419159090995144,1.719735060830602e-05,3.398604142663452,0.15975182366484156
1040.257698616957,0.21192671539732752,2.329468864421671,0.9366804432427864,1.732622156329016e-05,3.4093713176127123,0.16004077433696104
1041.6602756031266,0.2116311239023174,2.336675952765142,0.9314240537185126,1.745726206806014e-05,3.420271871125646,0.16033215172551396
1043.076878359158,0.21133348413155986,2.3439608494346658,0.9261468790389221,1.759050741726265e-05,3.431302295899699,0.16062590015424172
1044.5076471427494,0.21103428400236382,2.3513261800780354,0.9208493703436214,1.772602636653298e-05,3.44247938836312,0.16092233299877778
1045.9527236141769,0.21073290522153718,2.358770722110105,0.9155312464519212,1.7863846525898087e-05,3.453786826337258,0.16122093638962418
1047.4122508503187,0.21042934433404326,2.366295429537073,0.9101926707116107,1.80040220670215e-05,3.4652270024519645,0.1615216123636034
1048.8863733588219,0.21012431274595222,2.3739034902316516,0.9048345771827435,1.8146614108672594e-05,3.4768220413770137,0.1618252032170047
1050.37523709241,0.20981777356280618,2.3815955875714274,0.8994572896803623,1.829166302619677e-05,3.488572220171539,0.1621318676443779
1051.8789894633342,0.20950852950881726,2.3893689348600593,0.8940596685115284,1.8439214788157455e-05,3.5004464202771914,0.16243999221044572
1053.3977793579675,0.20919856554384428,2.397230914206138,0.8886438107479955,1.8589361278166726e-05,3.5125039678470853,0.16275181125121888
1054.9317571515473,0.20888525260948732,2.4051736917365565,0.8832078051783121,1.8742086721847745e-05,3.524669346853757,0.1630647427772282
1056.4810747230629,0.20857085604390127,2.4132057563120033,0.8777537852687539,1.889750664410949e-05,3.5370115287338932,0.1633810762852767
1058.0458854702936,0.20825436748310122,2.4213247994394336,0.8722810221490747,1.9055661691916496e-05,3.5495034443092632,0.1636996555654474
1059.6263443249964,0.20793626637397475,2.4295333161370793,0.8667902767761521,1.9216617620926614e-05,3.562161147515841,0.16402108684467084
1061.2226077682465,0.20761663136179817,2.4378325244638273,0.8612818301019948,1.9380436265538605e-05,3.574988952099995,0.16434549862868536
1062.8348338459289,0.20729402746622774,2.4462187493007743,0.8557547504808144,1.9547152956436966e-05,3.587947136850999,0.16467123077384602
1064.4631821843882,0.20697028843666765,2.4546989782280297,0.8502108788463936,1.971687081027624e-05,3.6010921211089895,0.16500035035510993
1066.107814006232,0.20664397301647053,2.463269472171016,0.844649248818747,1.9889623218861143e-05,3.6143830706681963,0.16533128585894288
1067.7688921462943,0.20631630527584063,2.4719352688336476,0.8390711967452781,2.0065506244679788e-05,3.6278590478854382,0.16566538477196313
1069.4465810677573,0.20598734012208195,2.480697567584021,0.8334770263143237,2.0244591284816195e-05,3.641524158690107,0.16600271934309116
1071.141046878435,0.20565587548447137,2.4895534650322326,0.8278660703225005,2.042692426288393e-05,3.6553448355078983,0.166341917100459
1072.8524573472193,0.20532268503368306,2.498506531238172,0.8222392498430257,2.0612595486367243e-05,3.6693465986509546,0.16668386570794
1074.5809819206916,0.20498694744526005,2.5075550974222955,0.8165962205159204,2.080165953612058e-05,3.6835066506023093,0.1670276781257999
1076.3267917398985,0.20465002189506154,2.5167047095181485,0.8109383744688152,2.099422919605526e-05,3.6978692197270613,0.16737482035259738
1078.0900596572974,0.20431113744714485,2.5259538765686482,0.805265404298176,2.1190363769827807e-05,3.7124129727547346,0.1677244748426346
1079.8709602538704,0.20397046146662423,2.535304242378544,0.7995777949098967,2.139015170397216e-05,3.72714593559377,0.1680767782315528
1081.6696698564092,0.20362804301100795,2.5447570375213875,0.7938758878761982,2.159367713315764e-05,3.7420719199393946,0.16843181414239922
1083.4863665549733,0.2032837400804001,2.5543128912233097,0.788159936668726,2.180102433295378e-05,3.7571893422130884,0.16878939284510863
1085.3212302205231,0.2029376478942048,2.563973212216947,0.7824303454408376,2.2012284345442264e-05,3.7725036656869553,0.1691496253367043
1087.1744425227282,0.20258962910925762,2.5737386436893694,0.7766873492511396,2.2227543899860415e-05,3.7880130291929923,0.1695123751661905
1089.0461869479557,0.2022392957531453,2.5836090284529383,0.7709310656745809,2.244688683807892e-05,3.803707966275072,0.16987718795465748
1090.936648817435,0.20188818959517008,2.5935905824146444,0.7651629020347367,2.267045430501197e-05,3.8196399703979202,0.17024573583743735
1092.8460153056096,0.20153449641949892,2.603678441362316,0.759382022260183,2.2898292889350285e-05,3.8357542986468998,0.17061603153361302
1094.7744754586658,0.20117919321126593,2.6138769826443986,0.7535894257665106,2.3130534818104686e-05,3.8520847277310906,0.17098910754719243
1096.7222202132523,0.200822898904634,2.6241893830253185,0.7477858857721081,2.3367302696453072e-05,3.8686538508033452,0.17136565433737236
1098.689442415385,0.2004638319676045,2.6346109124342036,0.741970694099002,2.360865086069738e-05,3.8854074943927857,0.17174369655384028
1100.6763368395386,0.20010286504592573,2.645145628255076,0.7361447748215143,2.38547163572921e-05,3.9023761192227244,0.1721241846631856
1102.683100207934,0.19974120036532308,2.6557986584469906,0.7303092628601026,2.4105652951523708e-05,3.9196018929651926,0.17250839113968638
1104.7099312100136,0.1993773417238301,2.666566252597619,0.7244636842774349,2.4361531264246838e-05,3.9370393170802243,0.1728946570780845
1106.7570305221136,0.19901145711505525,2.6774501479886528,0.7186085304953826,2.462247693862674e-05,3.954696459477707,0.17328315788303092
1108.824600827335,0.19864355618998994,2.688451557446823,0.7127442474943395,2.4888612309919862e-05,3.9725763115354975,0.17367391506745983
1110.9128468356082,0.19827468994631559,2.699575152282556,0.7068718895348425,2.516010431911617e-05,3.990717012140075,0.17406798659287956
1113.0219753039644,0.19790426605307693,2.710820196401527,0.7009914543837898,2.5437066405850153e-05,4.009101810801624,0.17446470895306465
1115.152195057004,0.19753199084309117,2.7221869040306554,0.6951033788453482,2.5719618967903633e-05,4.027724242526659,0.17486378455844442
1117.303717007574,0.19715765004958927,2.7336758217620076,0.6892078855895472,2.6007898861802905e-05,4.0465800058813315,0.17526489642577925
1119.4767541776498,0.1967820821378873,2.745290914411259,0.6833059290761208,2.6302078159155956e-05,4.065700371379503,0.17566894106637476
1121.6715217194264,0.19640450433598686,2.7570308455603043,0.6773975348059421,2.6602275248485388e-05,4.0850618579994205,0.17607506575142082
1123.8882369366208,0.19602575642334208,2.7688996046938477,0.6714836305119447,2.6908677052397962e-05,4.104696496036452,0.1764840848164961
1126.127119305987,0.19564578785205153,2.780898260786456,0.665564620682826,2.7221438827132478e-05,4.124605701531737,0.1768959266096211
1128.388390499047,0.19526385868748466,2.7930256468168984,0.6596406755810375,2.754069330330623e-05,4.144767557651164,0.17730975269950563
1130.6722744040374,0.19488020190524002,2.8052837634299985,0.6537123881449313,2.786661359127091e-05,4.16519293999248,0.1777258100507266
1132.9789971480777,0.19449534397707063,2.8176755944798075,0.6477805014800404,2.819939668399842e-05,4.185903640041053,0.17814455659066558
1135.3087871195582,0.1941090205649694,2.830201530845381,0.6418453956731517,2.8539207456606827e-05,4.206893756415126,0.17856568767217262
1137.6618749907539,0.19372087999394846,2.8428616999851073,0.6359074014631212,2.8886212436069113e-05,4.228154098242735,0.17898880036798615
1140.0384937406614,0.1933316641884423,2.855659765248537,0.629967416416273,2.924063282373147e-05,4.249714410174016,0.17941458975759017
1142.4388786780682,0.19294106484344764,2.868595995379239,0.6240258098152437,2.9602648084592328e-05,4.271567133428191,0.17984269827733665
1144.8632674648488,0.19254910389716448,2.881671731411963,0.6180831233288593,2.9972459083882312e-05,4.293716506420628,0.18027308798004663
1147.3119001394973,0.1921556617079014,2.89488786412447,0.612139833983247,3.0350265545016036e-05,4.316161583166241,0.18070558499654057
1149.7850191408925,0.19176121364242335,2.9082471829007193,0.6061967307062339,3.073630275685199e-05,4.338923225417617,0.18114059255676657
1152.2828693323015,0.19136525431526002,2.9217493515743027,0.6002541063564999,3.113076436503026e-05,4.36198639525669,0.18157755480468488
1154.8056980256245,0.19096814445536073,2.935396791502687,0.5943127045063976,3.153389335497036e-05,4.385367849507454,0.18201676026880584
1157.3537550058807,0.19056961458569902,2.9491899285547785,0.5883729533943205,3.194590853894957e-05,4.4090611048639134,0.18245787486961593
1159.9272925559394,0.1901701187952321,2.96313146297608,0.582435656182074,3.236707214826581e-05,4.433086609823593,0.18290127536410597
1162.526565481499,0.18976948921669323,2.9772221369879146,0.576501306196946,3.279762286363608e-05,4.457441711505679,0.18334672155456302
1165.151831136314,0.18936776376728043,2.991463337852778,0.5705705082488347,3.323781733184854e-05,4.482131419795189,0.1837941736862031
1167.803349447677,0.18896498087045666,3.00585645096382,0.5646438740177573,3.36879202330296e-05,4.507160786465085,0.18424358946844774
1170.4813829421537,0.18856118255820017,3.0204028685345867,0.5587220235724624,3.414820471170015e-05,4.5325350218377025,0.1846949270666255
1173.1861967715752,0.18815631401348865,3.0351036809472656,0.5528055402461947,3.461894730188229e-05,4.558255660113315,0.1851480436406886
1175.918058739291,0.18775060312607214,3.049960839768437,0.546895140401099,3.510044836248109e-05,4.584335021287899,0.1856030790363607
1178.6772393266838,0.1873440050643494,3.064975451574833,0.5409914249869637,3.559300301333532e-05,4.610775076489177,0.18605989343181217
1181.4640117199508,0.18693656702374453,3.0801488980047305,0.5350950426823192,3.6096920648237335e-05,4.637581306052038,0.18651843689908754
1184.2786518371502,0.18652833990960976,3.095482562577311,0.5292066503764026,3.661252062551982e-05,4.664759349309697,0.186978659637425
1187.1214383555216,0.18611926457794237,3.1109774919034905,0.523326862245899,3.7140126062128354e-05,4.692310530966308,0.1874403993994665
1189.9926527390767,0.18570959390423092,3.126635650596742,0.517456437802662,3.76800883027055e-05,4.720248426751377,0.18790380009752866
1192.8925792664675,0.18529923018673505,3.1424579476264554,0.51159598609193,3.823274943782822e-05,4.748572852830054,0.18836865364588806
1195.8215050591323,0.18488842165646632,3.1584462942172973,0.5057462836202574,3.879848288558224e-05,4.777297387534979,0.18883508676644462
1198.7797201097235,0.18447700095756525,3.1746013766320966,0.4999079101321178,3.937764871578598e-05,4.806418919609753,0.1893028236216652
1201.7675173108207,0.1840651015403068,3.1909247415983035,0.4940815983141994,3.99706367792438e-05,4.835946407935935,0.18977187320586553
1204.7851924839288,0.18365275461219221,3.207417616610095,0.4882680518004175,4.057784336114486e-05,4.865884805454778,0.1902421312654041
1207.833044408768,0.1832401632260569,3.2240817058670586,0.482468032424045,4.119968743763217e-05,4.896245865439178,0.19071367556518487
1210.9113748528557,0.1828272378383292,3.240917855238132,0.47668219428337477,4.183658317353736e-05,4.927029538421058,0.191186282432459
1214.0204886013842,0.18241400079305473,3.257927212878695,0.4709112462176344,4.248896481003646e-05,4.958240243674758,0.19165983518506083
1217.160693487398,0.1820007293911211,3.275111610588061,0.46515600530497153,4.315729696617666e-05,4.989892895380946,0.19213446408875534
1220.332300422272,0.18158736173318435,3.2924719062809906,0.459417153807717,4.384203667661964e-05,5.021988425232031,0.19260996281648177
1223.5356234264946,0.1811740527343228,3.310009526510529,0.45369547399972043,4.454367002366079e-05,5.054536760045204,0.19308632775831835
1226.7709796607596,0.18076067529521309,3.3277251121957763,0.44799162240069296,4.52626785754685e-05,5.087535809968709,0.19356329280839488
1230.0386894573671,0.18034759454737062,3.3456205830425483,0.44230648686684615,4.599959400809911e-05,5.121004404954557,0.19404103883470533
1233.3390763519408,0.17993469790074254,3.3636965512558454,0.43664074487587035,4.675493052407253e-05,5.154940995914312,0.19451930151947214
1236.67246711546,0.17952202622962493,3.3819540087158146,0.43099514652730175,4.7529229249582125e-05,5.189350433016752,0.19499795683114313
1240.0391917866148,0.17910984981651362,3.4003944952675087,0.4253705446870581,4.832306518202791e-05,5.22424744977445,0.19547708741146952
1243.4395837044808,0.17869812072458102,3.4190186840057453,0.4197676632765053,4.913700760549995e-05,5.259633000830288,0.1959564750530125
1246.8739795415256,0.17828695483120696,3.4378276254769267,0.414187300445163,4.997165568893862e-05,5.295515044272331,0.19643604867461964
1250.342719336941,0.17787655988647444,3.4568225479552583,0.4086302884262815,5.082763394669566e-05,5.331905460344806,0.1969158229613516
1253.8461465303103,0.1774668618615882,3.476003922923267,0.4030973597794981,5.170556446866268e-05,5.3688037652911555,0.19739553933321818
1257.3846079956136,0.17705793466433747,3.4953725449260307,0.3975893075273692,5.2606099522544175e-05,5.406215767210322,0.19787507583472783
1260.9584540755698,0.17665004484109978,3.5149296108744963,0.3921069984990139,5.352992651807274e-05,5.444155725026943,0.19835448610645118
1264.5680386163256,0.17624317114545746,3.534675557986047,0.386651197568188,5.447773040812535e-05,5.482625055897696,0.19883354915828697
1268.2137190024887,0.1758375918257278,3.554611467820097,0.38122277804755184,5.5450240974976226e-05,5.521638384339298,0.1993123213339078
1271.8958561925135,0.17543316565297534,3.574737366384289,0.375822474245786,5.6448174838877404e-05,5.561191460796865,0.19979045776424972
1275.6148147544386,0.1750301835841204,3.5950542150128855,0.3704511681652796,5.747230561828808e-05,5.601299216189203,0.20026801800806426
1279.370962901983,0.17462862020684347,3.615562166994725,0.3651096399928926,5.852340242106993e-05,5.641962195529599,0.2007447588522491
1283.1646725310027,0.1742287254300501,3.636261913688842,0.3597987617755474,5.9602280088197965e-05,5.683193233427362,0.20122069074258672
1286.996319256313,0.17383064741255497,3.657153821431287,0.3545193703285585,6.070976761535645e-05,5.725000380322037,0.2016957270662787
1290.866282448876,0.17343439939374128,3.678237865611048,0.3492722695471707,6.184670511511628e-05,5.767385371378892,0.20216964344529526
1294.774945273365,0.17304001872601302,3.699513986422814,0.34405827437399245,6.301395731411108e-05,5.810350738226602,0.20264223615335786
1298.7226947260986,0.17264786295428328,3.7209826992481645,0.3388782842514065,6.421244168880039e-05,5.853913482041524,0.20311360457678798
1302.7099216733595,0.17225794852898907,3.742643674960009,0.33373310897345304,6.544306846503968e-05,5.898074731980566,0.20358351499166435
1306.737020890093,0.1718703355310347,3.7644965680493727,0.32862357380585827,6.670677499861997e-05,5.942837302312893,0.20405177096699237
1310.8043910989938,0.17148539675947347,3.7865415424688975,0.32355057588115177,6.800455235894311e-05,5.98821823300493,0.20451847621491254
1314.912435009984,0.17110297765358193,3.808777564962514,0.31851488960095947,6.933736456651961e-05,6.034209740438535,0.20498321960782792
1319.0615593600837,0.17072342682252403,3.8312044696320355,0.313517404676616,7.070624792474029e-05,6.080827151033362,0.20544607328483142
1323.2521749536845,0.17034683650187266,3.8538214332591783,0.3085589494664552,7.211223714211716e-05,6.128073469866188,0.2059068591655472
1327.4846967032213,0.1699732497842344,3.876627383944932,0.30364034825761677,7.355638485928906e-05,6.175949055023753,0.20636534022229758
1331.7595436702536,0.16960301657790056,3.8996216685080336,0.29876247832932545,7.503979738318828e-05,6.224468264385878,0.20682158393118777
1336.0771391069559,0.16923610423066313,3.9228027487604966,0.2939261400806784,7.656356366799353e-05,6.273626947662752,0.20727527887815364
1340.4379104980255,0.1688727475262897,3.94616939304124,0.2891321863455122,7.812882173898549e-05,6.323433230008061,0.20772636898675123
1344.8422896030058,0.16851317782818068,3.969720159042682,0.2843814635520404,7.973673004976544e-05,6.3738946426537995,0.20817479206467857
1349.2907124990359,0.1681575508150312,3.993453269600221,0.27967479747235585,8.138845827560848e-05,6.425014568312383,0.20862041286961625
1353.7836196240262,0.1678058273004492,4.017366428089835,0.2750129742367008,8.308517206190588e-05,6.476786352608675,0.20906290709226466
1358.3214558202665,0.16745837602409427,4.0414577721991884,0.27039685246339906,8.482809922379855e-05,6.529222620913774,0.2095023364420019
1362.904670378469,0.16711531233606042,4.065724795259246,0.2658272352034775,8.661845410430116e-05,6.582323056858236,0.20993852171655683
1367.5337170822538,0.1667767967291969,4.090164818984587,0.2613049275864217,8.845746893658863e-05,6.636088898363773,0.2103713254006908
1372.2090542530764,0.16644297234804745,4.114774881926255,0.25683072590225736,9.034638446780668e-05,6.6905198633996275,0.21080059158421827
1376.931144795607,0.1661139132294411,4.139551668016285,0.25240540519525556,9.228644092516783e-05,6.745611455794243,0.21122610097492586
1381.7004562435632,0.16579003673737286,4.1644920380303585,0.24802979043332193,9.427892553620813e-05,6.8013755807242,0.211647957673876
1386.5174608059988,0.16547137233086637,4.189592027081482,0.24370463117088903,9.63250806576854e-05,6.8578040290933835,0.21206590018895133
1391.3826354140585,0.1651581177135129,4.214847587408434,0.23943069520725369,9.842616724881996e-05,6.914896145197785,0.21247982736534718
1396.2964617681994,0.16485045442395266,4.240254219366291,0.23520876687284173,0.0001005834246410372,6.97264961317987,0.21288963419955187
1401.2594263858814,0.16454855940708246,4.265807383109158,0.23103952782782405,0.00010279812294522879,7.031061005667784,0.21329518550684604
1406.2720206497402,0.1642525198186624,4.291501840858565,0.22692370921788546,0.00010507147214172792,7.090121268075972,0.2136962893710813
1411.3347408562374,0.1639624504038225,4.31733210470327,0.22286201216942084,0.0001074046757571694,7.149821764198613,0.21409277498367624
1416.4480882648,0.16367875997851047,4.343292475953884,0.21885519610241053,0.00010979893327903228,7.210167976026559,0.21448476204439332
1421.6125691474479,0.16340147971325747,4.369376632955304,0.21490390756491745,0.00011225538533915322,7.2711448996913335,0.2148720074053744
1426.8286948389225,0.16313076121567838,4.395577927541756,0.21100880600105273,0.00011477514296071569,7.332742558450366,0.21525439123121456
1432.0969817873117,0.16286678850256542,4.4218892959992075,0.20717054267952986,0.00011735927295055376,7.394951517523521,0.21563183114409643
1437.417951605185,0.16260969471740083,4.448303218249663,0.20338973730747026,0.00012000878507443362,7.457758473470596,0.2160042027814785
1442.7921311212367,0.16235964695966948,4.474811732620089,0.1996669984081522,0.00012272462857925055,7.5211506661790954,0.21637142230192785
1448.2200524324492,0.16211677298583055,4.5014064040852375,0.19600290413648225,0.00012550767933148613,7.5851119695681115,0.2167333768606598
1453.7022529567737,0.16188109730132472,4.528078322350309,0.19239798437890074,0.00012835872605238243,7.649619367637589,0.217089864915446
1459.2392754863415,0.16165301816309946,4.554818095793706,0.18885284163111715,0.00013127848861314227,7.714668598258911,0.21744105123674934
1464.8316682412049,0.16143248679355332,4.581615814329072,0.18536794183425842,0.00013426755874432078,7.780230009734318,0.21778668561435327
1470.479984923617,0.16121964336293065,4.608461071380782,0.1819437719702363,0.00013732642684231703,7.846282675122391,0.21812671018799118
1476.184784772853,0.16101459020972786,4.635342942273291,0.17858078444966427,0.0001404554565562203,7.912802203190882,0.21846104398485766
1481.9466326205816,0.16081745188178156,4.662249960263715,0.17527941242556114,0.00014365487470723585,7.979764020413507,0.21878964036774992
1487.7660989467875,0.16062820799728242,4.6891701926657054,0.17204002227921075,0.00014692475409556913,8.047134046733131,0.21911233151372092
1493.6437599362553,0.16044705260703465,4.716091085834046,0.16886300566332757,0.00015026501388981723,8.114888639273135,0.21942916592813372
1499.5801975356178,0.1602741253033246,4.742999576096107,0.16574870576415543,0.00015367539948530303,8.182999731922799,0.21974015719682455
1505.5759995109743,0.16010921488401533,4.769882218657939,0.16269735571767835,0.00015715544707764394,8.251418164800782,0.22004500763377532
1511.6317595060839,0.15995262008156422,4.796724816276445,0.15970927166971208,0.00016070452123429795,8.320121958910592,0.22034391403213902
1517.7480771011449,0.15980418363856028,4.823512829261444,0.15678463963532463,0.00016432174041689163,8.389062030213854,0.22063666570529727
1523.925557872156,0.16225993928308063,4.4765810789326554,0.2010978013040824,0.00012193904743663395,7.541468801358482,0.217246331109061
1530.1648134508778,0.16224734662478923,4.477329809476561,0.20113325015796055,0.00012193681714847469,7.544732187659893,0.2173310146861859
1536.4664615853865,0.16223078104906902,4.478155200212639,0.20116683046584222,0.00012193369427940708,7.548004142455048,0.21741154416001077
1542.8311262012403,0.16221748683636936,4.478916821486905,0.20120407148795114,0.00012192863669990637,7.551320427296391,0.2174986973086967
1549.2594374632529,0.1622028332425527,4.4797458850157605,0.20124272395939014,0.00012192783264137115,7.554649827865479,0.21758590518941073
1555.7520318378852,0.16218774137568964,4.48052963105025,0.20127664829871386,0.00012192386563735843,7.558061348781464,0.21767074242851223
1562.309552156264,0.1621729424584386,4.481348597443139,0.20131375388105807,0.00012192300009489548,7.561470940993291,0.21775876004931738
1568.9326476778265,0.16215740593772068,4.4821809180117205,0.2013508710563913,0.00012192105258800078,7.56491990956775,0.2178483012088652
1575.621974154605,0.16214229638159372,4.483004780699142,0.20138872413360218,0.00012191652825767186,7.56841389024214,0.2179376308245183
1582.378193896151,0.1621268955698292,4.483851499718844,0.2014267900266502,0.00012191501705150935,7.5719382907510795,0.2180284652464299
1589.2019758351123,0.1621114505621711,4.4846985615433335,0.20146531693251182,0.00012191169650831158,7.575503214212579,0.2181198771359502
1596.0939955934637,0.16209520245358464,4.4855680157960505,0.20150413303975778,0.00012190938808267717,7.579099881107375,0.21821219320818927
1603.0549355493981,0.16207957041358823,4.486423797428867,0.20154394032458134,0.00012198783037758056,7.582731727088367,0.21830557211640803
1610.0854849048922,0.16206377086617155,4.487304414008885,0.2015830817686066,0.00012190150461866902,7.586415252224133,0.21840089474664937
1617.186339753941,0.16204770762240037,4.488188809791439,0.20162307510628416,0.00012190057018391215,7.590131294708421,0.21849621727136834
1624.3582031514802,0.16210578952504584,4.488842312533252,0.20166265834855857,0.00012190531004714014,7.600062164985554,0.21883717260714378
1631.6017851829952,0.16201503668216324,4.489981624686798,0.20170445674264842,0.00012189305999567529,7.597679407017802,0.21868993988631114
1638.917803034825,0.16199833137032185,4.490896313709558,0.201745666883514,0.00012189145182426457,7.601512044242086,0.21878840004580113
1646.3069810651734,0.16198146811379352,4.491825751931777,0.20178767822203358,0.00012187805716711065,7.605386462521992,0.21888939106805916
1653.770050875825,0.16196449295696663,4.492754615902313,0.20182981521082033,0.00012188522452074315,7.6092938954034475,0.21898896096150933
1661.3077513845833,0.16194758743561374,4.493688537910117,0.20187195369724123,0.00012188244476567363,7.613251317487997,0.21909047978924542
1668.9208288984291,0.16193024634961448,4.4946394537394925,0.20191501631155462,0.00012187883431673743,7.617247673627389,0.2191930244407459
1676.6100371874134,0.1619128400495029,4.495599821666961,0.2019584105926301,0.00012187575491990154,7.621286230388154,0.21929688408376163
1684.3761375592876,0.1618952500692651,4.4965690875017845,0.2020022435741783,0.00012187242505418432,7.625366995717813,0.21940173667713864
1692.2198989348806,0.16187763022392843,4.497545095902821,0.2020466639625342,0.00012186897966281995,7.6294907827697545,0.21950737079280233
1700.1420979242293,0.16185864510143527,4.498529898076473,0.20209085470399404,0.00012186509320215922,7.633655457256707,0.2196133893303237
1708.1435189034714,0.1616601960630986,4.51991108770768,0.1991976861730769,0.00012144256855892342,7.686297502678104,0.21994888718061717
1716.2249540925063,0.16132171063232975,4.558341090033012,0.19395824814474386,0.00012067277426960554,7.780085531151625,0.22046257993119558
1724.3872036334312,0.16099963016502158,4.596766748416155,0.18886246174104682,0.00011991055862857917,7.874616945979045,0.22096327714818387
1732.6310756697656,0.1606940951618243,4.635149873718312,0.18391033311357274,0.00011915570066434262,7.96981739494519,0.22145004513590877
1740.9573864264632,0.1604058234903275,4.673463766235998,0.17910130638829477,0.00011840946405082326,8.065642292431477,0.2219238966476877
1749.3669602907278,0.16013406820923992,4.711681667229934,0.1744349758341096,0.00011767235146884981,8.161980405854449,0.2223838749431028
1757.8606298936352,0.15987843111387343,4.749765703425542,0.16991061715743935,0.00011694448807385538,8.258710243536065,0.22282945176253496
1766.4392361925716,0.15964096734633268,4.787685806110141,0.1655275600547619,0.00011622801262261638,8.355853119994142,0.22326291052007327
1775.1036285544974,0.1594199890852441,4.825405440477497,0.16128493151116038,0.00011552219701397487,8.453223624430814,0.22368245069680884
1783.8546648400422,0.15921568982020845,4.862888279351465,0.15718178090828153,0.00011482800430506185,8.550731666569895,0.22408845053912946
1792.6932114884428,0.15902798945945962,4.900096939050355,0.15321703749172594,0.00011414614276327638,8.64826992291632,0.22448106051158578
1801.6201436033273,0.15885660506663318,4.9369927496939745,0.14938950654350905,0.00011347703163762318,8.745716796175364,0.22486027848885834
1810.6363450393605,0.15870173062257317,4.973537425974678,0.14569782932854683,0.00011282148905777687,8.842976634329931,0.22522656454410958
1819.7427084897542,0.15856216219826239,5.009688004815253,0.14214065112561414,0.00011218006905488864,8.939866342211385,0.2255794742896724
1828.940135574652,0.1584382053755394,5.045408060519579,0.13871625717279654,0.00011155267799786704,9.036300720838275,0.22591934474513523
1838.2295369303986,0.15832912961733928,5.08065199243858,0.13542321085127995,0.00011094128390040054,9.132115595900823,0.2262465946032845
1847.6118322997024,0.15823454717601768,5.115385543748068,0.1322593410115222,0.00011034399334673161,9.227191615525166,0.2265607926449214
1857.0879506226995,0.15815398258553476,5.1495617815505135,0.1292230461042571,0.00010976356386681526,9.32137612990513,0.22686280380330368
1866.6588301289266,0.15808685706976716,5.183142718232562,0.12631213951835737,0.00010919955617667081,9.414531297180728,0.22715256659187524
1876.325418430216,0.15803248950690882,5.216090326553997,0.12352439622442461,0.0001086518627043295,9.506513305322743,0.22743017322418502
1886.0886726145181,0.1579902822581331,5.248364692925076,0.12085759046829207,0.00010812140377760138,9.597180182418848,0.2276959920584179
1895.9495593406632,0.15795951584270052,5.279929605965305,0.11830928788166459,0.00010760820330320338,9.686391488859504,0.2279502095964846
1905.90905493407,0.1579395528581009,5.310747677692711,0.11587702147140727,0.00010711312761496883,9.774010481739767,0.22819322841195377
1915.9681454834106,0.15792940100404934,5.340792291721895,0.11355799659585396,0.00010663418190918399,9.85990390794694,0.22842478236060382
1926.1278269382447,0.1579285850598835,5.370023198269841,0.11134976076848552,0.00010617469208891254,9.943940676660956,0.22864594944778724
1936.3891052076272,0.1579361381174972,5.398419594331958,0.10924927217750853,0.0001057319158195838,10.026005967854571,0.22885628154680565
1946.7529962597032,0.15795134585002354,5.425952633195098,0.10725373828379962,0.00010530705901971645,10.10598285851279,0.2290563665544314
1957.2205262223004,0.15797341148962288,5.4526027691814845,0.10536009384290425,0.00010489882192412725,10.183772595043953,0.2292462184515647
1967.7927314845233,0.15800157901653278,5.478344872458674,0.10356548363960758,0.00010450944652785198,10.2592675912317,0.22942662852670428
1978.4706587993685,0.1580350834987015,5.50316640919947,0.10186670172750299,0.00010413735435010958,10.33239052673002,0.22959758757981188
1989.2553653873622,0.1580731898043601,5.5270542004258125,0.10026062475709735,0.00010378261821267637,10.403066106958416,0.22975945249580373
2000.147919041236,0.15811518320676282,5.549999707335985,0.09874405710749033,0.00010344481768066837,10.47123265045324,0.2299124889959571
2011.1493982316483,0.15816038431148297,5.571997408559495,0.09731379593127437,0.00010312377550048926,10.536839413285682,0.23005702453216886
2022.2608922139648,0.15820814750134854,5.593045562727678,0.0959666105484249,0.00010281917520862039,10.599848048412099,0.23019336823865277
2033.4835011361045,0.1582577912908996,5.613142104571628,0.09469937239654082,0.00010253221527765276,10.6602195984023,0.23032210091481023
2044.8183361474655,0.15830897780388392,5.632304203801382,0.09350851680434714,0.00010225788251519777,10.717979460333012,0.2304427228178515
2056.2665195089403,0.15836089771343248,5.650525950799308,0.09239122543065843,0.00010200150017322777,10.77307701013396,0.2305565412797427
2067.8291847040296,0.15841332467263053,5.6678338007760285,0.09134390064059156,0.0001017570430728134,10.825567788660246,0.23066287049599443
2079.50747655107,0.15846585947145633,5.6842309883536455,0.0903636688560136,0.00010152843507250052,10.875449468504346,0.23076295039199332
2091.302551316581,0.15851775385434394,5.699739551439625,0.08944731057373255,0.00010131374659118546,10.922740815367597,0.2308565297678464
2103.215576829746,0.15856890213545702,5.71438007217907,0.08859171850138577,0.00010111229680482588,10.967497057367892,0.23094402837837028
2115.247732598044,0.15861904318914408,5.728175774595111,0.0877938462810923,0.00010092336050278997,11.009771192942233,0.2310257156257644
2127.4002099240247,0.1586677910775546,5.741149395144128,0.08705078058560166,0.00010074712436412013,11.049609247010144,0.23110193782904676
2139.6742120232648,0.15871510742539877,5.753329689628228,0.08635956090833069,0.00010058221636734309,11.087091301814914,0.2311729109048837
2152.0709541434976,0.15876072415903877,5.764743475545826,0.08571739148336381,0.00010042847346151637,11.122280640932546,0.23123892597925602
2164.5916636849324,0.15880454310984515,5.775420085051216,0.08512152830083337,0.00010028531013865341,11.155256770039188,0.2313002598105719
2177.237580321782,0.15884602130430178,5.785385834459727,0.08456943303002913,0.00010015366396267195,11.186067741494515,0.23135716377532697
2190.009956125,0.1588859489699796,5.794678649021072,0.08405830302756745,0.0001000300883772471,11.214862500932812,0.23140990172744322
2202.91005568625,0.1589238526852815,5.80332591497638,0.08358578470509015,9.991557511035827e-05,11.241695951928737,0.2314587208904121
2215.9391562431124,0.15895965228107714,5.811358522723757,0.08314950756350131,9.980976076220824e-05,11.266652685294797,0.23150384472327495
2229.0985478055436,0.15899348576066907,5.818809103872955,0.08274714322170507,9.971160508060316e-05,11.289833214911628,0.23154548541124226
2242.389533283599,0.15902526019458826,5.825707372469801,0.08237654496597883,9.962114520149861e-05,11.311318811999886,0.2315838858397475
2255.813428616435,0.15905502533804414,5.832084278366658,0.08203561199194095,9.953777768374842e-05,11.331200800907151,0.23161923918229346
2269.371562902599,0.15908278401689988,5.8379691872790564,0.08172237239297264,9.946132004503476e-05,11.349564282325488,0.23165176781737878
2283.065278531625,0.15910870816392741,5.8433929178593464,0.0814348844205568,9.939077654028197e-05,11.366505909892036,0.23168162653218208
2296.895931316941,0.1591328383080939,5.848383690102987,0.08117135802143875,9.932586437622365e-05,11.382109124445941,0.2317090049241196
2310.864890630111,0.15915518528524691,5.852968365468252,0.08093011182297094,9.92664906682704e-05,11.396452239049633,0.23173409375604154
2324.973539536412,0.15917583043023367,5.857173570545526,0.08070953323147992,9.921229273371024e-05,11.40961613509177,0.2317570612698187
2339.223274931776,0.15919491442447076,5.861025774790587,0.08050807263787771,9.916258822197918e-05,11.421683602339252,0.23177803715945877
2353.6155076810937,0.1592124916975275,5.864549083709104,0.08032430789436883,9.911720055571446e-05,11.432727099684643,0.2317971803355116
2368.1516627579044,0.15922864723414112,5.867766904218549,0.08015688896531849,9.907580927621058e-05,11.44281835209395,0.2318146289256562
2382.8331793854836,0.15924348554329948,5.870702134729525,0.08000452789982339,9.903784806022427e-05,11.452027887065231,0.2318304767627345
2397.661511179339,0.1592570513823708,5.873374630469598,0.07986607724115076,9.900355963492422e-05,11.460416615592122,0.2318449181780031
2412.638126291132,0.15926942872250405,5.875803350193459,0.07974046027618943,9.897309645177787e-05,11.468045106364825,0.23185814889615924
2427.7645075540436,0.15928073343851598,5.878010406920913,0.07962652759365146,9.894483982272836e-05,11.474978116229936,0.23187004142764137
2443.0421526295836,0.15929102477849866,5.880011883883363,0.07952336594620425,9.891923887314344e-05,11.481267384212797,0.23188081290747806
2458.4725741558796,0.15930037572389114,5.881824378939872,0.07943007431395177,9.889608568396404e-05,11.486964460031349,0.23189055797588007
2474.057299897438,0.15930885996906488,5.883463518788557,0.07934581228218489,9.887515286571301e-05,11.492118040348318,0.23189936070694817
2489.797872896412,0.15931654372325346,5.8849438138202945,0.07926980245941821,9.88562615654778e-05,11.496773319636732,0.23190730313921212
2505.6958516253762,0.1593234909591835,5.886278816051534,0.07920132349919674,9.883923502778855e-05,11.500972587936786,0.23191446012333422
2521.75281014163,0.15932973664178823,5.887480501151476,0.07913972752591915,9.882414881378561e-05,11.504752804925648,0.23192093127194865
2537.9703382430466,0.1593353884078077,5.88856182353167,0.07908435856201028,9.881037233133079e-05,11.508155395687156,0.2319267202571775
2554.3500416254774,0.15934047378452187,5.889532991865022,0.07903466726067701,9.879800485208756e-05,11.511211847755414,0.2319319164089743
2570.893542041732,0.1593450423457894,5.890404024651676,0.07899012950242797,9.878691706764079e-05,11.513953542456118,0.23193657429225065
2587.602477462149,0.15934914022846602,5.891184166731722,0.07895026321222769,9.877698988963981e-05,11.516409457816463,0.23194074412781365
2604.478502236771,0.15935281025227052,5.8918819335235915,0.0789146256359038,9.876811381805852e-05,11.518606302244043,0.23194447206500185
2621.5232872591387,0.1593560920501961,5.892505154345718,0.07888281074562933,9.876018833335492e-05,11.520568645725344,0.2319478004474171
2638.7385201317297,0.15935902221191944,5.8930610151449825,0.07885444673592888,9.875312130403936e-05,11.522319050256476,0.2319507680680473
2656.1259053330473,0.15936163443816392,5.893556099705438,0.07882919365357387,9.874682842386018e-05,11.523878196393628,0.23195341040859563
2673.687164386378,0.15936395969475353,5.893996430103831,0.07880674111770805,9.874123266464666e-05,11.525265007390253,0.23195575987924355
2691.4240360302415,0.15936602637152406,5.89438750504293,0.07878680617755089,9.873626376081064e-05,11.52649676796085,0.23195784603328312
2709.338276390544,0.15936786044162926,5.894734337104988,0.07876913126716657,9.873185771460817e-05,11.527589239493153,0.23195969578103792
2727.4316591544493,0.1593694856176732,5.895041488160541,0.07875348227633368,9.872795632731522e-05,11.528556770067008,0.23196133358808202
2745.705975745994,0.15937092350380855,5.89531310298559,0.07873964673770902,9.872450675704835e-05,11.529412398981862,0.2319627816629741
2764.1630355034536,0.15937219374525854,5.89555294132799,0.07872743211204322,9.872146109952731e-05,11.530167956688476,0.23196406013590973
2782.804665858488,0.1593733141718843,5.895764408200646,0.07871666417963534,9.871877599359398e-05,11.530834159393333,0.23196518722571113
2801.632712517073,0.15937430093328833,5.895950582023253,0.0787071855485126,9.871641225397488e-05,11.531420697042227,0.23196617939183997
2820.6490396422437,0.1593751686344807,5.896114241904553,0.07869885423059735,9.871433452189821e-05,11.531936318691447,0.23196705148817434
2839.8555300386656,0.1593759304545021,5.896257892142979,0.0786915423479669,9.871251094421843e-05,11.532388909318877,0.23196781688906198
2859.2540853390524,0.15937659826745848,5.896383786323129,0.07868513489127364,9.87109128676552e-05,11.532785565059843,0.23196848763076072
2878.8466261924427,0.15937718275169976,5.896493948566633,0.0786795286023593,9.870951456202388e-05,11.533132660418243,0.23196907451408438
2898.635092454367,0.1593776934928799,5.896590194328921,0.07867463090912728,9.870829295618818e-05,11.533435913009274,0.23196958722757396
2918.621443378911,0.1593781390796109,5.896674148972124,0.0786703589596994,9.870722739844262e-05,11.53370044215095,0.23197003444191724
2938.8076578127,0.15937852719828344,5.896747265557329,0.07866663870746408,9.870629943054781e-05,11.53393082494756,0.23197042390517572
2959.195734390827,0.1593788647087906,5.896810840597435,0.07866340410082182,9.870549258454056e-05,11.534131145389269,0.23197076253105936
2979.7876917347357,0.1593791577281333,5.896866029277697,0.07866059630145115,9.870479219015193e-05,11.534305042612115,0.23197105647757207
3000.585568652083,0.15937941169942432,5.896913859164236,0.078658162982897,9.870418519947711e-05,11.534455753736646,0.2319713112225325
3021.591424338604,0.15937963145814887,5.8969552424613045,0.07865605769937514,9.870366003057983e-05,11.534586152710304,0.23197153162629933
3042.8073385819903,0.15937982128996572,5.896990987908788,0.07865423927957085,9.870320641520437e-05,11.534698787423041,0.23197172199931299
3064.2354119678103,0.15937998499179695,5.897021811127902,0.07865267129888107,9.87028152698464e-05,11.53479591260245,0.2319718861543495
3085.8777660874885,0.1593801259152571,5.897048344137906,0.07865132158914255,9.870247857101241e-05,11.534879519533385,0.2319720274582676
3107.736543748363,0.15938024701868259,5.8970711444726875,0.0786501617790555,9.870218924256504e-05,11.53495136484166,0.2319721488826109
3129.813909185847,0.15938035090610386,5.897090702739581,0.07864916690210402,9.870194105723515e-05,11.53501299439809,0.23197225303948765
3152.1120482777055,0.15938043986602088,5.897107450167275,0.07864831501579186,9.870172854164962e-05,11.535065766960429,0.23197234222621588
3174.6331687604825,0.15938051590580457,5.897121764899101,0.07864758688094041,9.870154689683914e-05,11.535110874005813,0.23197241845712258
3197.379500448087,0.15938058078334863,5.897133978047682,0.07864696565207062,9.870139192083567e-05,11.535149358797558,0.23197248349658806
3220.3532954525685,0.15938063603574346,5.897144378954666,0.07864643660754157,9.870125994145336e-05,11.53518213317732,0.23197253888369448
3243.556828407094,0.15938068300245614,5.897153220090838,0.07864598690494091,9.870114775488182e-05,11.535209992528925,0.2319725859653999
3266.992396691165,0.1593807228511536,5.897160721148316,0.07864560536720845,9.870105257313873e-05,11.5352336292063,0.23197262591017595
3290.6623206580766,0.15938075659593967,5.897167073118162,0.07864528227879465,9.870097197256236e-05,11.535253645003788,0.23197265973547826
3314.5689438646577,0.15938078511673295,5.8971724417128835,0.07864500921038338,9.87009038502572e-05,11.535270562069849,0.23197268832429782
3338.7146333033043,0.15938080917492448,5.897176970286861,0.07864477886952849,9.870084638703508e-05,11.535284832156494,0.23197271243973672
3363.1017796363376,0.15938082942899764,5.897180782727631,0.07864458495410204,9.870079801086376e-05,11.535296845648247,0.23197273274117622
3387.7327974327004,0.15938084644592204,5.897183985853975,0.07864442203182152,9.870075736648103e-05,11.535306939071283,0.23197274979860077
3412.6101254070277,0.15938086071439742,5.897186671653913,0.07864428542226852,9.870072328625467e-05,11.535315402372632,0.231972764100684
3437.736226661098,0.1593808726544863,5.897188919091296,0.0786441711110007,9.870069476903974e-05,11.53532248431677,0.23197277606930974
3463.113588927709,0.15938088262458716,5.897190795753486,0.07864407565760859,9.870067095615498e-05,11.535328397917104,0.2319727860625062
3488.744724816986,0.15938089093268595,5.89719235949281,0.07864399612033361,9.870065111396605e-05,11.535333325497502,0.23197279438908952
3514.632172065156,0.15938089784071807,5.897193659816337,0.07864392998234841,9.870063461440794e-05,11.535337422942955,0.2319728013140799
3540.7784937858073,0.1593809035726406,5.89719473876548,0.07864387510323373,9.870062092350853e-05,11.535340822851875,0.23197280705954298
3567.1862787236655,0.15938090831831261,5.897195632005231,0.07864382967040962,9.870060958935831e-05,11.535343637569195,0.23197281181617377
3593.8581415109024,0.1593809122389569,5.897196369978901,0.07864379213484576,9.870060022530633e-05,11.535345963003873,0.23197281574593648
3620.796722926011,0.15938091547033592,5.897196978214819,0.07864376119795485,9.870059250741034e-05,11.535347879651054,0.23197281898480915
3648.0046901552714,0.15938091812796717,5.8971974784459364,0.07864373575481952,9.870058616006164e-05,11.53534945594211,0.23197282164873329
3675.4847370568236,0.15938092030839432,5.897197888906901,0.0786437148777177,9.87005809517393e-05,11.535350749327735,0.23197282383479437
3703.239584427392,0.1593809220939241,5.89719822496962,0.07864369778431961,9.870057668742912e-05,11.535351808321192,0.23197282562400764
3731.271980271666,0.15938092355202607,5.8971984993806865,0.07864368382672156,9.870057320546045e-05,11.535352673045725,0.23197282708493203
3759.5847000743825,0.15938095207228245,5.897199389171023,0.07864365168851763,9.870031942155e-05,11.535355947376676,0.23197279669041104
3788.1805470751265,0.15938092570502804,5.8971989047016775,0.07864366321139131,9.870056806242707e-05,11.535353950228345,0.23197282924401882
3817.0623525458773,0.15938092648846097,5.897199052101959,0.07864365571373676,9.870056619205843e-05,11.535354414745177,0.23197283002831431
3846.2329760713365,0.1593809271218662,5.897199171365614,0.07864364964800313,9.870056467878144e-05,11.535354790531839,0.23197283066394464
3875.69530583205,0.15938092763312545,5.8971992675314215,0.0786436447563235,9.87005634585206e-05,11.535355093602423,0.23197283117547118
3905.4522588903706,0.15938092804443932,5.897199344972095,0.07864364081741237,9.870056247584508e-05,11.53535533761641,0.2319728315878242
3935.506781479274,0.15938092837472395,5.897199407135802,0.07864363765613956,9.870056168724928e-05,11.535355533484267,0.23197283191937976
3965.861849294067,0.15938092863897374,5.897199456865494,0.07864363512601996,9.870056105597624e-05,11.535355690211226,0.23197283218358888
3996.5204677870074,0.15938092885072921,5.897199496636634,0.07864363310335826,9.87005605515607e-05,11.53535581556578,0.2319728323953484
4027.485672464877,0.15938092901869633,5.89719952834742,0.07864363149114587,9.870056014927913e-05,11.53535591543686,0.23197283256482853
4058.760529189526,0.1593809291518571,5.8971995534640635,0.07864363021314434,9.87005598302941e-05,11.535355994582718,0.23197283269838395
4090.3481344814213,0.15938092925794187,5.897199573383003,0.0786436292000834,9.870055957765568e-05,11.535356057368112,0.23197283280445863
4122.251615826236,0.15938092934141343,5.897199589099782,0.07864362840054402,9.87005593781732e-05,11.535356106887281,0.23197283288803597
4154.474131984499,0.15938092940745271,5.897199601518357,0.07864362776893337,9.870055922065083e-05,11.535356146016335,0.23197283295415771
4187.018873304343,0.15938092945917862,5.897199611289806,0.07864362727224822,9.870055909668774e-05,11.535356176801644,0.23197283300649127
4219.889062037387,0.1593809294998615,5.897199618900429,0.07864362688504428,9.870055900015946e-05,11.535356200804951,0.2319728330469528
4253.087952657761,0.15938092953143201,5.89719962484394,0.07864362658288146,9.870055892479344e-05,11.535356219517379,0.23197283307865132
4286.618832184338,0.15938092955597688,5.897199629500984,0.07864362634594074,9.870055886563236e-05,11.53535623418378,0.23197283310345612
4320.485020506182,0.1593809295753988,5.897199633082729,0.07864362616313439,9.870055882008945e-05,11.535356245520711,0.2319728331218571
4354.689870711243,0.15938092959000727,5.897199635900669,0.07864362602005963,9.870055878430342e-05,11.535356254371026,0.23197283313721298
4389.236769418356,0.15938092960131423,5.897199638044849,0.07864362591091795,9.870055875702017e-05,11.535356261131044,0.23197283314875597
4424.12913711254,0.1593809296103187,5.897199639716564,0.07864362582617622,9.87005587359522e-05,11.535356266393254,0.23197283315771502
4459.370428483665,0.15938092961687825,5.897199641001223,0.07864362576094334,9.870055871960547e-05,11.535356270416903,0.23197283316473002
4494.964132768502,0.15938092962234066,5.897199641933696,0.07864362571308375,9.870055870777755e-05,11.535356273405743,0.23197283316915202
4530.913774096188,0.15938092962600597,5.897199642688831,0.07864362567515693,9.870055869826148e-05,11.535356275741382,0.23197283317372144
4567.222911837149,0.15938092962897907,5.897199643256664,0.0786436256461626,9.870055869101287e-05,11.535356277528846,0.231972833176568
4603.89514095552,0.15938092963136744,5.897199643663658,0.07864362562542468,9.870055868589117e-05,11.535356278832188,0.23197283317867198
4640.934092365075,0.15938092963308081,5.897199643916637,0.07864362561180895,9.870055868257134e-05,11.535356279654016,0.23197283317917758
4678.3434332887255,0.15938092963414954,5.897199644206503,0.07864362559723363,9.870055867877525e-05,11.535356280552794,0.2319728331811834
4716.126867621613,0.15938092963533904,5.897199644428727,0.07864362558672222,9.870055867624597e-05,11.535356281216446,0.2319728331829144
4754.28813629783,0.15938092963594566,5.897199644536254,0.07864362558022675,9.870055867453014e-05,11.535356281602711,0.23197283318272455
4792.831017660807,0.1593809296368921,5.897199644664712,0.07864362557444715,9.870055867326318e-05,11.535356281988484,0.2319728331837164
4831.759327837416,0.1593809296369278,5.897199644757573,0.07864362556967501,9.870055867190069e-05,11.535356282269943,0.23197283318457068
4871.076921115791,0.1593809296373253,5.897199644771392,0.0786436255687436,9.870055867175399e-05,11.535356282339047,0.23197283318435494
4910.787690326949,0.1593809296376905,5.897199644844882,0.07864362556548764,9.870055867096028e-05,11.535356282545422,0.23197283318499712
4950.895567230219,0.15938092963736966,5.897199644818333,0.07864362556630917,9.870055867106678e-05,11.535356282461303,0.23197283318468273
4991.4045229025205,0.15938092963782255,5.897199644866367,0.07864362556412322,9.870055867062143e-05,11.53535628261418,0.23197283318500458
