time_years,quartz,CSH,ettringite,thaumasite,monosulphate,monocarbonate,hydrotalcite,Kuzel_s,Friedel_s,straetlingite,calcite,MSH,gypsum,portlandite,zeolites,hydrogarnet,ferrihydrite,Al(OH)3(mic)
1.0,605.1125698164647,113.53186684711805,30.32167771647596,0.0,0.0,10.202699251392124,10.060523885294804,0.0,0.0,0.0,65.40144598997284,0.0,0.0,60.06615674507517,0.0,21.98057795871953,0.0,0.0
2.0,604.9322156629038,114.25213417015422,30.322690105880575,0.0,0.0,10.202087492551774,10.06052388524296,0.0,0.0,0.0,65.40144330791877,0.0,0.0,59.64238721793606,0.0,21.980699701264342,0.0,0.0
3.0,604.7520937889275,114.97148834867936,30.323692462149868,0.0,0.0,10.201480944985846,10.060523885191333,0.0,0.0,0.0,65.40144055128383,0.0,0.0,59.21913726684705,0.0,21.980820685623534,0.0,0.0
4.0,604.5722030612362,115.68993370071543,30.324684915401804,0.0,0.0,10.200879537723658,10.060523885139931,0.0,0.0,0.0,65.40143772548392,0.0,0.0,58.79640458188522,0.0,21.980940923818235,0.0,0.0
5.0,604.3925423569626,116.40747504887426,30.325667440003556,0.0,0.0,10.200283814963775,10.060523885088724,0.0,0.0,0.0,65.40143476638742,0.0,0.0,58.37418665458008,0.0,21.98106012731232,0.0,0.0
6.0,604.2131105628278,117.1241161228536,30.326640354932074,0.0,0.0,10.199693093531616,10.060523885037732,0.0,0.0,0.0,65.40143174177162,0.0,0.0,57.95248140878834,0.0,21.981178599712386,0.0,0.0
7.0,604.0339065763826,117.83986131040707,30.327603741290435,0.0,0.0,10.199107505089305,10.060523884986955,0.0,0.0,0.0,65.40142863287406,0.0,0.0,57.53128651430407,0.0,21.98129625343949,0.0,0.0
8.0,603.8549293049634,118.55471479050128,30.32855773825403,0.0,0.0,10.198526980071273,10.060523884936375,0.0,0.0,0.0,65.4014254419986,0.0,0.0,57.110599726467115,0.0,21.98141309762155,0.0,0.0
9.0,603.6761776657818,119.26868070521088,30.329502483842386,0.0,0.0,10.197951449052299,10.060523884886006,0.0,0.0,0.0,65.40142217129133,0.0,0.0,56.69041881885025,0.0,21.98152914152658,0.0,0.0
10.0,603.4976505857949,119.9817631695986,30.330438105749288,0.0,0.0,10.19738085578722,10.060523884835845,0.0,0.0,0.0,65.40141882236423,0.0,0.0,56.270741578971744,0.0,21.98164438948497,0.0,0.0
11.0,603.3193470015664,120.69396624002407,30.331364735185247,0.0,0.0,10.196815120056879,10.06052388478589,0.0,0.0,0.0,65.40141539961824,0.0,0.0,55.85156582194099,0.0,21.98175885805918,0.0,0.0
12.0,603.1412658591685,121.40529395895165,30.332282501220384,0.0,0.0,10.19625418332461,10.060523884736135,0.0,0.0,0.0,65.40141190414168,0.0,0.0,55.43288937123788,0.0,21.981872552455293,0.0,0.0
13.0,602.9634061140306,122.11575032873459,30.333191531116572,0.0,0.0,10.195697982650925,10.060523884686587,0.0,0.0,0.0,65.40140833773741,0.0,0.0,55.01471006988863,0.0,21.981985480638638,0.0,0.0
14.0,602.785766730825,122.82533931651943,30.33409194615655,0.0,0.0,10.195146456551765,10.060523884637236,0.0,0.0,0.0,65.40140470273941,0.0,0.0,54.5970257783814,0.0,21.98209765106093,0.0,0.0
15.0,602.6083466833471,123.53406462190027,30.33498267727406,0.0,0.0,10.194599773317117,10.060523884588097,0.0,0.0,0.0,65.40140117315887,0.0,0.0,54.17983447755332,0.0,21.98220920773762,0.0,0.0
16.0,602.4311449548264,124.24193066356226,30.335867376603368,0.0,0.0,10.19405702433607,10.060523884539151,0.0,0.0,0.0,65.40139726642342,0.0,0.0,53.763133834979996,0.0,21.982319846907565,0.0,0.0
17.0,602.2541605363296,124.94894091480448,30.336741504586602,0.0,0.0,10.193519549670006,10.060523884490403,0.0,0.0,0.0,65.40139357932729,0.0,0.0,53.34692192877469,0.0,21.982429834890944,0.0,0.0
18.0,602.0773924287189,125.65509942657351,30.33760871527272,0.0,0.0,10.192986157288509,10.060523884441851,0.0,0.0,0.0,65.40138967318313,0.0,0.0,52.93119659455351,0.0,21.982539021658695,0.0,0.0
19.0,601.9008396408409,126.36041003457319,30.338468926885916,0.0,0.0,10.192456856481149,10.060523884393493,0.0,0.0,0.0,65.40138557164599,0.0,0.0,52.515955755230195,0.0,21.982647421320046,0.0,0.0
20.0,601.7245011901185,127.06487618896766,30.33932016382077,0.0,0.0,10.191932120549966,10.060523884345335,0.0,0.0,0.0,65.40138155976565,0.0,0.0,52.101197518398095,0.0,21.982755210439546,0.0,0.0
21.0,601.5483761030123,127.76850155501637,30.340162324774653,0.0,0.0,10.191411896824638,10.06052388429738,0.0,0.0,0.0,65.401377674904,0.0,0.0,51.68691989576778,0.0,21.98286244115693,0.0,0.0
22.0,601.3724634144406,128.47129059448972,30.340999183120708,0.0,0.0,10.19089543967322,10.060523884249605,0.0,0.0,0.0,65.40137338699856,0.0,0.0,51.273120522367726,0.0,21.982968694374883,0.0,0.0
23.0,601.1967621662245,129.17324599174114,30.341826068982428,0.0,0.0,10.190383581326914,10.060523884202041,0.0,0.0,0.0,65.40136939223503,0.0,0.0,50.859797873809875,0.0,21.98307454096668,0.0,0.0
24.0,601.0212714100677,129.87437218289122,30.342647805404614,0.0,0.0,10.189875203668942,10.060523884154659,0.0,0.0,0.0,65.40136503507065,0.0,0.0,50.44694959634809,0.0,21.983179534617776,0.0,0.0
25.0,600.8459902042188,130.57467247625826,30.34346097022941,0.0,0.0,10.189371323430834,10.060523884107468,0.0,0.0,0.0,65.40136076549034,0.0,0.0,50.03457387161702,0.0,21.983283872698482,0.0,0.0
26.0,600.6709176156106,131.27415038715912,30.3442656917435,0.0,0.0,10.188871809033673,10.060523884060471,0.0,0.0,0.0,65.40135659239898,0.0,0.0,49.622668786935165,0.0,21.983387599925614,0.0,0.0
27.0,600.4960527190923,131.97280989431857,30.345065582596284,0.0,0.0,10.188375650361678,10.060523884013653,0.0,0.0,0.0,65.40135205383726,0.0,0.0,49.211232202299094,0.0,21.98349047612279,0.0,0.0
28.0,600.3213945963658,132.6706537463745,30.34585599430039,0.0,0.0,10.187883889206558,10.06052388396704,0.0,0.0,0.0,65.40134780901066,0.0,0.0,48.80026258146136,0.0,21.98359295343562,0.0,0.0
29.0,600.1469423382316,133.36768629479434,30.3466417230009,0.0,0.0,10.187395452906959,10.060523883920604,0.0,0.0,0.0,65.40134319748891,0.0,0.0,48.389757600506464,0.0,21.983694566441425,0.0,0.0
30.0,599.9726950415156,134.06391042239395,30.34741936808496,0.0,0.0,10.186911100598037,10.06052388387436,0.0,0.0,0.0,65.40133870582729,0.0,0.0,47.979715659822084,0.0,21.983795647940596,0.0,0.0
31.0,599.7986518115712,134.75932977209317,30.348190183960025,0.0,0.0,10.186430517340339,10.060523883828301,0.0,0.0,0.0,65.40133417372799,0.0,0.0,47.57013478503117,0.0,21.98389609571918,0.0,0.0
32.0,599.6248117607589,135.45394776264385,30.34895426211028,0.0,0.0,10.185953656727412,10.060523883782432,0.0,0.0,0.0,65.40132960221842,0.0,0.0,47.161013112804476,0.0,21.983995916100415,0.0,0.0
33.0,599.451174008714,136.14776778571303,30.349711688355292,0.0,0.0,10.185480474494263,10.060523883736748,0.0,0.0,0.0,65.40132499280683,0.0,0.0,46.752348793570974,0.0,21.984095115464243,0.0,0.0
34.0,599.2777376822604,136.84079300490149,30.350461360359777,0.0,0.0,10.18501119494905,10.060523883691253,0.0,0.0,0.0,65.40132051258301,0.0,0.0,46.34414009373824,0.0,21.984193814225932,0.0,0.0
35.0,599.1045019156903,137.53302717324013,30.35120681073522,0.0,0.0,10.184544819113903,10.060523883645935,0.0,0.0,0.0,65.40131570860463,0.0,0.0,45.936384980515,0.0,21.98429178333961,0.0,0.0
36.0,598.9314658494717,138.2244733270509,30.351944350858055,0.0,0.0,10.18408253839577,10.060523883600801,0.0,0.0,0.0,65.40131105089392,0.0,0.0,45.52908178358481,0.0,21.984389183538855,0.0,0.0
37.0,598.7586286316872,138.91513486339997,30.352676010885606,0.0,0.0,10.183623635724471,10.060523883555849,0.0,0.0,0.0,65.40130630291675,0.0,0.0,45.122228653207195,0.0,21.98448596118541,0.0,0.0
38.0,598.5859894169672,139.60501499399138,30.353401434641288,0.0,0.0,10.183168198052032,10.060523883511076,0.0,0.0,0.0,65.40130152305437,0.0,0.0,44.71582383034229,0.0,21.98458214805179,0.0,0.0
39.0,598.4135473668096,140.29411722321498,30.3541219223345,0.0,0.0,10.182715977388426,10.060523883466468,0.0,0.0,0.0,65.40129652881501,0.0,0.0,44.30986541085272,0.0,21.984677595072508,0.0,0.0
40.0,598.2413016489471,140.98244395511972,30.354833893303862,0.0,0.0,10.182267553310352,10.06052388342207,0.0,0.0,0.0,65.40129187154756,0.0,0.0,43.904352040487716,0.0,21.984772772711604,0.0,0.0
41.0,598.0692514390952,141.66999943307073,30.355541208681714,0.0,0.0,10.181822498704696,10.060523883377824,0.0,0.0,0.0,65.40128694393883,0.0,0.0,43.499281443466884,0.0,21.984867068025974,0.0,0.0
42.0,597.8973959177723,142.35678579325267,30.356242338985187,0.0,0.0,10.181380291181695,10.06052388333378,0.0,0.0,0.0,65.40128210498165,0.0,0.0,43.09465241017556,0.0,21.984961101377124,0.0,0.0
43.0,597.7257342734954,143.04280692567843,30.35693774855955,0.0,0.0,10.180941577998587,10.060523883289903,0.0,0.0,0.0,65.40127718095468,0.0,0.0,42.69046283518035,0.0,21.985054419795496,0.0,0.0
44.0,597.5542657000865,143.72806569368072,30.35762738209308,0.0,0.0,10.180506093810392,10.0605238832462,0.0,0.0,0.0,65.40127223059633,0.0,0.0,42.28671113959952,0.0,21.985147180669486,0.0,0.0
45.0,597.3829893980368,144.41256518501484,30.358311303766943,0.0,0.0,10.180073802921603,10.060523883202672,0.0,0.0,0.0,65.4012672559548,0.0,0.0,41.88339562946625,0.0,21.98523939024643,0.0,0.0
46.0,597.2119045740784,145.0963087080302,30.35898973327706,0.0,0.0,10.179644897971363,10.06052388315931,0.0,0.0,0.0,65.4012621964885,0.0,0.0,41.480514496103645,0.0,21.98533089646789,0.0,0.0
47.0,597.041010440745,145.77929883292617,30.359662550546588,0.0,0.0,10.17921885915336,10.060523883116131,0.0,0.0,0.0,65.40125716094319,0.0,0.0,41.078066314082875,0.0,21.98542200929366,0.0,0.0
48.0,596.8703062173684,146.46153879512948,30.36032976826207,0.0,0.0,10.178795928772058,10.060523883073127,0.0,0.0,0.0,65.40125211702981,0.0,0.0,40.67604931279851,0.0,21.9855125949588,0.0,0.0
49.0,596.699791128998,147.14303159072392,30.360991409969305,0.0,0.0,10.17837608810583,10.060523883030296,0.0,0.0,0.0,65.40124707072158,0.0,0.0,40.274461845742586,0.0,21.985602659315763,0.0,0.0
50.0,596.5294644066479,147.8237802261849,30.36164783237608,0.0,0.0,10.17795922430954,10.060523882987635,0.0,0.0,0.0,65.40124198413066,0.0,0.0,39.873302260765755,0.0,21.985692186436136,0.0,0.0
51.0,596.3593252871538,148.50378741450237,30.362298822545203,0.0,0.0,10.177545110487284,10.060523882945162,0.0,0.0,0.0,65.40123693625948,0.0,0.0,39.472569059834285,0.0,21.985781347190215,0.0,0.0
52.0,596.1893730135641,149.18305657990354,30.36294554533112,0.0,0.0,10.177133896518317,10.060523882902844,0.0,0.0,0.0,65.40123170777228,0.0,0.0,39.07226037042593,0.0,21.985869805720906,0.0,0.0
53.0,596.0196068338482,149.8615904895189,30.363585555409568,0.0,0.0,10.176726399296298,10.060523882860684,0.0,0.0,0.0,65.40122660636396,0.0,0.0,38.67237466523049,0.0,21.985957653924853,0.0,0.0
54.0,595.8500260020692,150.5393917202025,30.364221148749035,0.0,0.0,10.176321265450914,10.060523882818705,0.0,0.0,0.0,65.40122144612252,0.0,0.0,38.27291051787514,0.0,21.986045125995183,0.0,0.0
55.0,595.6806297782438,151.21646309080978,30.36485144281149,0.0,0.0,10.17591877305559,10.060523882776911,0.0,0.0,0.0,65.4012163446797,0.0,0.0,37.873866374916226,0.0,21.98613226467962,0.0,0.0
56.0,595.5114174281134,151.89280794427813,30.36547708252899,0.0,0.0,10.175519331369673,10.060523882735268,0.0,0.0,0.0,65.40121113313255,0.0,0.0,37.47524040385795,0.0,21.98621870681906,0.0,0.0
57.0,595.3423882220831,152.56842874913846,30.36609759198884,0.0,0.0,10.175122640432615,10.060523882693797,0.0,0.0,0.0,65.40120594677869,0.0,0.0,37.07703123592072,0.0,21.986304720549157,0.0,0.0
58.0,595.1735414366208,153.24332843702558,30.366713320658707,0.0,0.0,10.174728729807494,10.06052388265249,0.0,0.0,0.0,65.40120072632722,0.0,0.0,36.67923725617153,0.0,21.986390213960956,0.0,0.0
59.0,595.004876353351,153.91750996049814,30.36732441721124,0.0,0.0,10.174337781978407,10.060523882611335,0.0,0.0,0.0,65.40119542408924,0.0,0.0,36.28185683737554,0.0,21.986475055927492,0.0,0.0
60.0,594.8363922589326,154.59097544884943,30.36793038584526,0.0,0.0,10.17394906458841,10.060523882570376,0.0,0.0,0.0,65.40119024427091,0.0,0.0,35.88488879407644,0.0,21.98655975410185,0.0,0.0
61.0,594.6680884464116,155.26372827834464,30.368531831564777,0.0,0.0,10.173563252499918,10.06052388252956,0.0,0.0,0.0,65.401184984252,0.0,0.0,35.48833127121969,0.0,21.986643809554298,0.0,0.0
62.0,594.4999642129318,155.93577096202443,30.369128621106118,0.0,0.0,10.173180084197162,10.060523882488917,0.0,0.0,0.0,65.4011797129601,0.0,0.0,35.092182876752595,0.0,21.986727394393537,0.0,0.0
63.0,594.3320188611675,156.60710624621558,30.369720913224263,0.0,0.0,10.172799554722816,10.06052388244843,0.0,0.0,0.0,65.40117440919201,0.0,0.0,34.69644209292148,0.0,21.986810477204433,0.0,0.0
64.0,594.1642516988119,157.27773669164688,30.370308442930096,0.0,0.0,10.172421570415938,10.060523882408113,0.0,0.0,0.0,65.40116913891325,0.0,0.0,34.30110750219166,0.0,21.986893167609843,0.0,0.0
65.0,593.9966620388516,157.94766512536302,30.370891706965047,0.0,0.0,10.172046178764793,10.060523882367951,0.0,0.0,0.0,65.40116381390497,0.0,0.0,33.90617754224727,0.0,21.986975331627292,0.0,0.0
66.0,593.8292491989423,158.61689403772513,30.37147031410832,0.0,0.0,10.171673279794534,10.060523882327958,0.0,0.0,0.0,65.40115852284481,0.0,0.0,33.51165083334509,0.0,21.987057109935655,0.0,0.0
67.0,593.6620125019994,159.2854261734293,30.37204463934591,0.0,0.0,10.171302904564262,10.060523882288118,0.0,0.0,0.0,65.40115320108274,0.0,0.0,33.11752585682248,0.0,21.987138404137102,0.0,0.0
68.0,593.4949512755868,159.95326410348068,30.372614621722654,0.0,0.0,10.170935008490227,10.060523882248443,0.0,0.0,0.0,65.40114787121583,0.0,0.0,32.72380118833722,0.0,21.987219252435292,0.0,0.0
69.0,593.3280648521842,160.6204106083301,30.373180548270295,0.0,0.0,10.170569799469142,10.060523882208916,0.0,0.0,0.0,65.40114245698166,0.0,0.0,32.33047528757009,0.0,21.98729947949466,0.0,0.0
70.0,593.1613525686713,161.28686770538047,30.373741941428015,0.0,0.0,10.170206490402972,10.060523882169571,0.0,0.0,0.0,65.40113716553013,0.0,0.0,31.937547035546192,0.0,21.98737961856735,0.0,0.0
71.0,592.9948137677852,161.95263849538458,30.374299192272733,0.0,0.0,10.16984587596623,10.060523882130372,0.0,0.0,0.0,65.40113181380394,0.0,0.0,31.545014713615053,0.0,21.987459152397655,0.0,0.0
72.0,592.8284477958545,162.61772547391686,30.3748532681326,0.0,0.0,10.169487494661734,10.060523882091319,0.0,0.0,0.0,65.40112630734205,0.0,0.0,31.15287693836864,0.0,21.98753812062737,0.0,0.0
73.0,592.6622540038546,163.28213088867142,30.375402273515753,0.0,0.0,10.169131609124149,10.060523882052436,0.0,0.0,0.0,65.40112094255541,0.0,0.0,30.761132460115086,0.0,21.987616796231514,0.0,0.0
74.0,592.4962317480339,163.9458573791097,30.375947218699523,0.0,0.0,10.168778053252256,10.060523882013708,0.0,0.0,0.0,65.4011155727608,0.0,0.0,30.369779815123,0.0,21.987695048777127,0.0,0.0
75.0,592.3303803888379,164.6089073329296,30.376487166972325,0.0,0.0,10.168427010581244,10.060523881975143,0.0,0.0,0.0,65.40111033862914,0.0,0.0,29.97881767691828,0.0,21.987772984200962,0.0,0.0
76.0,592.1646992914781,165.2712833761505,30.377024033127082,0.0,0.0,10.168078003577529,10.060523881936728,0.0,0.0,0.0,65.40110498213818,0.0,0.0,29.588244588896437,0.0,21.987850443260186,0.0,0.0
77.0,591.9991878251549,165.9329879392953,30.377557077604767,0.0,0.0,10.167731290033641,10.06052388189847,0.0,0.0,0.0,65.40109959845763,0.0,0.0,29.198059198792848,0.0,21.987927448325475,0.0,0.0
78.0,591.8338453635625,166.59402344803382,30.37808634660952,0.0,0.0,10.167386831203487,10.060523881860359,0.0,0.0,0.0,65.40109418990149,0.0,0.0,28.80826015810632,0.0,21.98800401087412,0.0,0.0
79.0,591.6686712847671,167.25439226077867,30.378611654012154,0.0,0.0,10.167044571442224,10.060523881822407,0.0,0.0,0.0,65.4010888014318,0.0,0.0,28.418846156242747,0.0,21.98808020242552,0.0,0.0
80.0,591.503664971298,167.9140968090895,30.37913317281857,0.0,0.0,10.166704496601817,10.060523881784606,0.0,0.0,0.0,65.40108340948439,0.0,0.0,28.029815840365153,0.0,21.98815599329629,0.0,0.0
81.0,591.338825809876,168.573139449891,30.379650820328983,0.0,0.0,10.166366570503552,10.060523881746963,0.0,0.0,0.0,65.40107803803365,0.0,0.0,27.641167899684472,0.0,21.988231421760336,0.0,0.0
82.0,591.1741531915226,169.2315226411418,30.380164982888637,0.0,0.0,10.166030829677247,10.060523881709466,0.0,0.0,0.0,65.40107261887462,0.0,0.0,27.252900964133765,0.0,21.988306383856376,0.0,0.0
83.0,591.0096465112066,169.88924873749394,30.380676340511048,0.0,0.0,10.165697003464667,10.060523881672113,0.0,0.0,0.0,65.40106707777714,0.0,0.0,26.865013723363948,0.0,21.98838087825827,0.0,0.0
84.0,590.8453051679867,170.5463199311475,30.38118307031031,0.0,0.0,10.165365482414229,10.060523881634918,0.0,0.0,0.0,65.40106167815507,0.0,0.0,26.47750495775203,0.0,21.98845509236763,0.0,0.0
85.0,590.6811285655021,171.2027386286285,30.38168620413947,0.0,0.0,10.16503603865137,10.060523881597874,0.0,0.0,0.0,65.40105627837552,0.0,0.0,26.09037332580054,0.0,21.988528924556906,0.0,0.0
86.0,590.5171161111763,171.85850705310565,30.38218473641011,0.0,0.0,10.164708861378877,10.060523881560995,0.0,0.0,0.0,65.4010510292415,0.0,0.0,25.703617590395826,0.0,21.988602492665283,0.0,0.0
87.0,590.3532672167375,172.51362775618023,30.382681875965364,0.0,0.0,10.164383305986044,10.060523881524242,0.0,0.0,0.0,65.40104547204223,0.0,0.0,25.317236323020218,0.0,21.98867544480475,0.0,0.0
88.0,590.1895812969999,173.16810275411706,30.383174440462387,0.0,0.0,10.16405999271267,10.060523881487647,0.0,0.0,0.0,65.40104007222662,0.0,0.0,24.931228405155203,0.0,21.988748141214874,0.0,0.0
89.0,590.0260577716116,173.82193439867686,30.38366361088109,0.0,0.0,10.163738668721786,10.060523881451202,0.0,0.0,0.0,65.40103466566907,0.0,0.0,24.545592522853592,0.0,21.988820461142325,0.0,0.0
90.0,589.8626960638057,174.47512484373155,30.384148203481526,0.0,0.0,10.163419548636373,10.060523881414912,0.0,0.0,0.0,65.40102943009079,0.0,0.0,24.160327477549664,0.0,21.98889254760196,0.0,0.0
91.0,589.6994956010178,175.12767650862926,30.384630502348582,0.0,0.0,10.163102228152573,10.060523881378762,0.0,0.0,0.0,65.40102403185291,0.0,0.0,23.775431911988786,0.0,21.988964120566234,0.0,0.0
92.0,589.5364558138234,175.77959149206688,30.38510955174132,0.0,0.0,10.162786750475108,10.060523881342757,0.0,0.0,0.0,65.40101863463303,0.0,0.0,23.390904658994707,0.0,21.989035366322934,0.0,0.0
93.0,589.3735761369923,176.4308721110961,30.385586317969423,0.0,0.0,10.162473065844702,10.060523881306889,0.0,0.0,0.0,65.40101308112303,0.0,0.0,23.00674441853743,0.0,21.989106100672103,0.0,0.0
94.0,589.2108560086323,177.08152037603006,30.386058668467836,0.0,0.0,10.162161494199378,10.060523881271175,0.0,0.0,0.0,65.40100769821225,0.0,0.0,22.622950076021986,0.0,21.989176617171466,0.0,0.0
95.0,589.0482948712452,177.73153855349358,30.386527871766937,0.0,0.0,10.161851793221864,10.06052388123561,0.0,0.0,0.0,65.40100230475593,0.0,0.0,22.239520360515634,0.0,21.989246770133622,0.0,0.0
96.0,588.8858921706485,178.38092873893189,30.386992851338473,0.0,0.0,10.161544181033154,10.060523881200194,0.0,0.0,0.0,65.40099705884661,0.0,0.0,21.856454104279912,0.0,21.98931667715207,0.0,0.0
97.0,588.7236473565814,179.02969318801823,30.387455642375286,0.0,0.0,10.1612381850673,10.060523881164917,0.0,0.0,0.0,65.4009916802897,0.0,0.0,21.473750039978775,0.0,21.989386149803,0.0,0.0
98.0,588.5615598819055,179.67783399457716,30.387915305145093,0.0,0.0,10.16093405536793,10.060523881129779,0.0,0.0,0.0,65.4009862985721,0.0,0.0,21.09140699820426,0.0,21.989455258342495,0.0,0.0
99.0,588.3996292032396,180.32535326793905,30.388371863816374,0.0,0.0,10.160631744073939,10.06052388109479,0.0,0.0,0.0,65.40098091985408,0.0,0.0,20.70942379942627,0.0,21.98952402388671,0.0,0.0
100.0,588.2378547807713,180.97225318254613,30.38882547724513,0.0,0.0,10.160331436854882,10.060523881059932,0.0,0.0,0.0,65.40097549217904,0.0,0.0,20.327799220626595,0.0,21.989592311043605,0.0,0.0
101.0,588.0762360779324,181.61853562532224,30.38927581747508,0.0,0.0,10.160032495481422,10.060523881025233,0.0,0.0,0.0,65.40097017040819,0.0,0.0,19.946532223395618,0.0,21.98966053910912,0.0,0.0
102.0,587.9147725623972,182.2642029633673,30.389723913689348,0.0,0.0,10.159735591321985,10.060523880990651,0.0,0.0,0.0,65.40096468000277,0.0,0.0,19.56562145578729,0.0,21.989728117973634,0.0,0.0
103.0,587.7534637041415,182.90925702857993,30.39016834069994,0.0,0.0,10.15944039270022,10.06052388095623,0.0,0.0,0.0,65.4009593191651,0.0,0.0,19.185065914545728,0.0,21.989795540396777,0.0,0.0
104.0,587.5923089775225,183.55369995902473,30.390609827856423,0.0,0.0,10.159146931240787,10.060523880921945,0.0,0.0,0.0,65.40095396038558,0.0,0.0,18.804864393033128,0.0,21.98986262986177,0.0,0.0
105.0,587.4313078598981,184.19753379415286,30.391048402032798,0.0,0.0,10.15885518584285,10.060523880887803,0.0,0.0,0.0,65.40094860506491,0.0,0.0,18.425015748404594,0.0,21.989929392303473,0.0,0.0
106.0,587.2704598319709,184.84076056422902,30.391484136767314,0.0,0.0,10.158565132780724,10.060523880853795,0.0,0.0,0.0,65.40094324693275,0.0,0.0,18.045518842358295,0.0,21.989995824864405,0.0,0.0
107.0,587.1097643777389,185.48338227756759,30.3919169478697,0.0,0.0,10.15827678209193,10.060523880819932,0.0,0.0,0.0,65.40093790186297,0.0,0.0,17.666372549042755,0.0,21.990061940861388,0.0,0.0
108.0,586.9492209845021,186.1254009408562,30.39234691976245,0.0,0.0,10.157990105692196,10.060523880786207,0.0,0.0,0.0,65.40093256226253,0.0,0.0,17.28757574261254,0.0,21.990127737414195,0.0,0.0
109.0,586.7888291427943,186.766818541015,30.39277403208105,0.0,0.0,10.157705099110732,10.060523880752617,0.0,0.0,0.0,65.40092723505921,0.0,0.0,16.909127308651133,0.0,21.990193221740746,0.0,0.0
110.0,586.6285883463752,187.40763705735517,30.39319835021681,0.0,0.0,10.157421735190786,10.06052388071917,0.0,0.0,0.0,65.40092191571253,0.0,0.0,16.531026136145552,0.0,21.990258394616067,0.0,0.0
111.0,586.4684980921858,188.04785837882685,30.393619458141377,0.0,0.0,10.157139822539287,10.060523880685869,0.0,0.0,0.0,65.40091670639448,0.0,0.0,16.153271170738947,0.0,21.99032345155843,0.0,0.0
112.0,586.3085578806858,188.687484694489,30.394038920760977,0.0,0.0,10.156859845278461,10.06052388065268,0.0,0.0,0.0,65.40091127009859,0.0,0.0,15.775861164335195,0.0,21.990387786898033,0.0,0.0
113.0,586.1487672143096,189.32651762546394,30.394453458836235,0.0,0.0,10.1565816070842,10.060523880619652,0.0,0.0,0.0,65.40090620133668,0.0,0.0,15.398795228385529,0.0,21.9904522258337,0.0,0.0
114.0,585.9891256002286,189.96495942567967,30.39486860478907,0.0,0.0,10.156304373250176,10.060523880586741,0.0,0.0,0.0,65.40090066026409,0.0,0.0,15.02207208239545,0.0,21.990515956690363,0.0,0.0
115.0,585.8296325469216,190.6028117712645,30.395279498768726,0.0,0.0,10.15602898990414,10.060523880553971,0.0,0.0,0.0,65.40089535998985,0.0,0.0,14.645690792285897,0.0,21.990579583871444,0.0,0.0
116.0,585.6702875672656,191.24007655045494,30.39568711653012,0.0,0.0,10.155755010997035,10.06052388052135,0.0,0.0,0.0,65.40089020068332,0.0,0.0,14.26965028924762,0.0,21.99064313671056,0.0,0.0
117.0,585.5110901771293,191.87675594479987,30.396093394752764,0.0,0.0,10.155482894100773,10.060523880488843,0.0,0.0,0.0,65.40088478561624,0.0,0.0,13.893949362015853,0.0,21.990705942137676,0.0,0.0
118.0,585.3520398941002,192.5128515528526,30.396496468643424,0.0,0.0,10.155212146492048,10.060523880456477,0.0,0.0,0.0,65.40087950920544,0.0,0.0,13.518587096374832,0.0,21.990768677182448,0.0,0.0
119.0,585.1931362399926,193.14836522633965,30.396895253504617,0.0,0.0,10.154943208866262,10.060523880424254,0.0,0.0,0.0,65.40087449549547,0.0,0.0,13.143562436188624,0.0,21.99083134009241,0.0,0.0
120.0,585.0343787396134,193.78329906211036,30.397294256198403,0.0,0.0,10.154675133428745,10.06052388039216,0.0,0.0,0.0,65.40086911243033,0.0,0.0,12.768874238231932,0.0,21.990893459268342,0.0,0.0
121.0,584.8757669195919,194.41765477910272,30.397689735432124,0.0,0.0,10.154408929469882,10.060523880360199,0.0,0.0,0.0,65.40086385618937,0.0,0.0,12.394521517306531,0.0,21.990955305496072,0.0,0.0
122.0,584.7173003101345,195.05143420008827,30.398082757874505,0.0,0.0,10.15414412604028,10.060523880328367,0.0,0.0,0.0,65.4008586151756,0.0,0.0,12.020503241735703,0.0,21.991016901719902,0.0,0.0
123.0,584.5589784442687,195.6846391973833,30.3984733045723,0.0,0.0,10.153880861760602,10.060523880296666,0.0,0.0,0.0,65.40085337461747,0.0,0.0,11.646818369939046,0.0,21.99107817681617,0.0,0.0
124.0,584.4008008577324,196.31727166360318,30.398862512880815,0.0,0.0,10.153618811342566,10.060523880265094,0.0,0.0,0.0,65.40084798800561,0.0,0.0,11.273465866893279,0.0,21.991139058521963,0.0,0.0
125.0,584.2427670888819,196.9493332040675,30.399247207565683,0.0,0.0,10.153358812787838,10.060523880233658,0.0,0.0,0.0,65.40084288329325,0.0,0.0,10.90044475424237,0.0,21.991199787678372,0.0,0.0
126.0,584.0848766794333,197.58082576209412,30.399630993184246,0.0,0.0,10.153099708523893,10.060523880202352,0.0,0.0,0.0,65.40083760988816,0.0,0.0,10.527753994967004,0.0,21.99126020395132,0.0,0.0
127.0,583.927129173378,198.2117508465746,30.400011511804927,0.0,0.0,10.152842027508639,10.060523880171182,0.0,0.0,0.0,65.40083249849498,0.0,0.0,10.155392616540116,0.0,21.991320537442224,0.0,0.0
128.0,583.7695241179507,198.8421106274891,30.400390123921696,0.0,0.0,10.152585862131179,10.060523880140138,0.0,0.0,0.0,65.40082730418852,0.0,0.0,9.783359568192221,0.0,21.991380438660876,0.0,0.0
129.0,583.6120610624423,199.4719066932746,30.400766424804377,0.0,0.0,10.152331077409107,10.060523880109228,0.0,0.0,0.0,65.4008221182185,0.0,0.0,9.411653878874414,0.0,21.991440070591427,0.0,0.0
130.0,583.4547395591127,200.1011408036915,30.401140442210576,0.0,0.0,10.152077666043732,10.060523880078438,0.0,0.0,0.0,65.40081693894402,0.0,0.0,9.040274558685006,0.0,21.99149943134953,0.0,0.0
131.0,583.297559162876,200.7298147077455,30.40151215091275,0.0,0.0,10.151825642298647,10.060523880047782,0.0,0.0,0.0,65.40081177066939,0.0,0.0,8.66922062508688,0.0,21.99155851891727,0.0,0.0
132.0,583.1405194312777,201.3579300268496,30.401881516779962,0.0,0.0,10.151574931335277,10.060523880017248,0.0,0.0,0.0,65.40080663209172,0.0,0.0,8.298491104845494,0.0,21.991617382147286,0.0,0.0
133.0,582.9836199245545,201.9854887907799,30.40224883966614,0.0,0.0,10.151325633955253,10.060523879986848,0.0,0.0,0.0,65.4008014591991,0.0,0.0,7.928085012934312,0.0,21.991675899599006,0.0,0.0
134.0,582.8268602053224,202.61249285833725,30.402614122771087,0.0,0.0,10.15107775374568,10.060523879956575,0.0,0.0,0.0,65.40079625276864,0.0,0.0,7.558001381347235,0.0,21.99173406833922,0.0,0.0
135.0,582.6702398387628,203.2389433383887,30.40297721671703,0.0,0.0,10.150831021587617,10.06052387992643,0.0,0.0,0.0,65.40079107958896,0.0,0.0,7.18823926994599,0.0,21.991792069948527,0.0,0.0
136.0,582.5137583928916,203.8648418447462,30.403338221103947,0.0,0.0,10.150585422292863,10.060523879896408,0.0,0.0,0.0,65.40078592583936,0.0,0.0,6.818797717637503,0.0,21.991849891275635,0.0,0.0
137.0,582.3574154382213,204.4901899032579,30.403695941126607,0.0,0.0,10.150341443968431,10.060523879866516,0.0,0.0,0.0,65.40078092931282,0.0,0.0,6.449675773900707,0.0,21.99190752941642,0.0,0.0
138.0,582.2012105478228,205.1149904983647,30.404052314447675,0.0,0.0,10.150098716037418,10.06052387983675,0.0,0.0,0.0,65.40077581180519,0.0,0.0,6.080872471939438,0.0,21.99196475694815,0.0,0.0
139.0,582.0451432967915,205.73924423728081,30.404406552913876,0.0,0.0,10.149857200132999,10.060523879807107,0.0,0.0,0.0,65.40077071622886,0.0,0.0,5.712386890132103,0.0,21.99202177140346,0.0,0.0
140.0,581.8892132630276,206.36295301756826,30.404758649835742,0.0,0.0,10.149616972226529,10.06052387977759,0.0,0.0,0.0,65.40076563456934,0.0,0.0,5.34421809463517,0.0,21.992078532256052,0.0,0.0
141.0,581.7334200268094,206.98611899475532,30.405108540187708,0.0,0.0,10.149378157624312,10.060523879748203,0.0,0.0,0.0,65.40076056148398,0.0,0.0,4.976365213123324,0.0,21.99213498380373,0.0,0.0
142.0,581.5777631707741,207.60874191575576,30.405456662295812,0.0,0.0,10.14914018764673,10.060523879718934,0.0,0.0,0.0,65.40075550600852,0.0,0.0,4.608827342599389,0.0,21.99219134583321,0.0,0.0
143.0,581.4222422802626,208.23082498463378,30.405802805913943,0.0,0.0,10.148903464230253,10.060523879689791,0.0,0.0,0.0,65.40075044726055,0.0,0.0,4.241603821811361,0.0,21.992247439380623,0.0,0.0
144.0,581.2668569428472,208.85236830327108,30.406147111687154,0.0,0.0,10.148667590785811,10.060523879660776,0.0,0.0,0.0,65.40074541903326,0.0,0.0,3.8746944962856937,0.0,21.99230345089627,0.0,0.0
145.0,581.1116067490466,209.47337820074938,30.406489912704934,0.0,0.0,10.148433477093587,10.060523879631877,0.0,0.0,0.0,65.40074023948019,0.0,0.0,3.5080949047876686,0.0,21.992358814583174,0.0,0.0
146.0,580.9564912894341,210.0938483031857,30.406830089651518,0.0,0.0,10.148199855245872,10.060523879603112,0.0,0.0,0.0,65.40073527771314,0.0,0.0,3.1418096919602854,0.0,21.992414464597612,0.0,0.0
147.0,580.8015101606405,210.71378817158399,30.407168039912438,0.0,0.0,10.147968323123594,10.060523879574454,0.0,0.0,0.0,65.40073024508101,0.0,0.0,2.7758318925615044,0.0,21.992469448216312,0.0,0.0
148.0,580.6466629575597,211.33319154906695,30.407504219379124,0.0,0.0,10.147736952694183,10.06052387954593,0.0,0.0,0.0,65.40072533410708,0.0,0.0,2.4101672584551976,0.0,21.992524708078797,0.0,0.0
149.0,580.4919492817461,211.9520775577208,30.407838485777216,0.0,0.0,10.147509349733879,10.060523879517518,0.0,0.0,0.0,65.40072006482913,0.0,0.0,2.0448023562547095,0.0,21.992578317561044,0.0,0.0
150.0,580.337368728123,212.57041202860609,30.40817055811903,0.0,0.0,10.147278607974963,10.060523879489246,0.0,0.0,0.0,65.40071545839929,0.0,0.0,1.6797602045297346,0.0,21.992634095948397,0.0,0.0
151.0,580.1829209114418,213.1882351678185,30.408500801754375,0.0,0.0,10.14705215246129,10.06052387946108,0.0,0.0,0.0,65.40071041009871,0.0,0.0,1.3150139866756951,0.0,21.992687923945276,0.0,0.0
152.0,580.028605429411,213.80550998039212,30.408829179124012,0.0,0.0,10.146822555480535,10.060523879433054,0.0,0.0,0.0,65.40070597065768,0.0,0.0,0.9505892034450446,0.0,21.992743848435552,0.0,0.0
153.0,579.874421902212,214.4223113145926,30.409155433289772,0.0,0.0,10.146603783019069,10.060523879405144,0.0,0.0,0.0,65.40070029772994,0.0,0.0,0.5864344117940542,0.0,21.992794342273278,0.0,0.0
154.0,579.7203699121399,215.03855956793382,30.40948056670632,0.0,0.0,10.146380128410453,10.060523879377248,0.0,0.0,0.0,65.40069518177681,0.0,0.0,0.2226052519256199,0.0,21.99284769573008,0.0,0.0
155.0,579.566449088361,215.44787347688188,30.409970114657312,0.0,0.0,10.108925796633166,10.06052387951139,0.0,0.0,0.0,65.40589460899308,0.0,0.0,0.0,0.0,22.013110078197133,0.0,0.0
156.0,579.4127784977825,215.53122916640436,30.410808888815215,0.0,0.0,10.014285473962616,10.06052387989703,0.0,0.0,0.0,65.41907067760376,0.0,0.0,0.0,0.0,22.06439154546581,0.0,0.0
157.0,579.2595453389912,215.61469271141215,30.411448627312122,0.0,0.0,9.922134435408225,10.060523880276465,0.0,0.0,0.0,65.43192933909839,0.0,0.0,0.0,0.0,22.11436209044109,0.0,0.0
158.0,579.1067473709074,215.69827009893714,30.412173717736742,0.0,0.0,9.832311618119013,10.060523880650065,0.0,0.0,0.0,65.44444537952951,0.0,0.0,0.0,0.0,22.163047059526,0.0,0.0
159.0,578.954382413839,215.78196545257958,30.41288933954916,0.0,0.0,9.744808098527933,10.060523881017843,0.0,0.0,0.0,65.45663587567606,0.0,0.0,0.0,0.0,22.210472038008138,0.0,0.0
160.0,578.8024483268384,215.865785429926,30.41359621541407,0.0,0.0,9.659579808749525,10.060523881379943,0.0,0.0,0.0,65.46850697396256,0.0,0.0,0.0,0.0,22.256660827265517,0.0,0.0
161.0,578.650943003154,215.9497333594183,30.414293205483588,0.0,0.0,9.57657720376137,10.06052388173649,0.0,0.0,0.0,65.4800658479546,0.0,0.0,0.0,0.0,22.301640619291533,0.0,0.0
162.0,578.4998643855158,216.0338165577758,30.414981914349596,0.0,0.0,9.495754784292785,10.060523882087617,0.0,0.0,0.0,65.49131863635883,0.0,0.0,0.0,0.0,22.345435793331763,0.0,0.0
163.0,578.3492104517379,216.11803847345584,30.41566115170853,0.0,0.0,9.417066336738353,10.060523882433422,0.0,0.0,0.0,65.50227205199316,0.0,0.0,0.0,0.0,22.38807173874321,0.0,0.0
164.0,578.1989792173863,216.20240489544287,30.41633159032102,0.0,0.0,9.340465848795338,10.060523882774028,0.0,0.0,0.0,65.5129324671066,0.0,0.0,0.0,0.0,22.42957332149951,0.0,0.0
165.0,578.0491687337648,216.28692045574496,30.416992596572587,0.0,0.0,9.26590750844779,10.060523883109537,0.0,0.0,0.0,65.52330644540768,0.0,0.0,0.0,0.0,22.46996558743128,0.0,0.0
166.0,577.8997770872182,216.37159182693435,30.417644946706424,0.0,0.0,9.193346098105437,10.060523883440045,0.0,0.0,0.0,65.53340021908036,0.0,0.0,0.0,0.0,22.509272942402664,0.0,0.0
167.0,577.7508023971529,216.4564236651674,30.41829086360228,0.0,0.0,9.122735772053208,10.060523883765642,0.0,0.0,0.0,65.54321987067009,0.0,0.0,0.0,0.0,22.547519823983077,0.0,0.0
168.0,577.6022428150785,216.54142072706895,30.418926043150922,0.0,0.0,9.054033102606526,10.06052388408644,0.0,0.0,0.0,65.5527722581809,0.0,0.0,0.0,0.0,22.584730784455303,0.0,0.0
169.0,577.4540965242492,216.6265886483044,30.419552095539334,0.0,0.0,8.987193214676143,10.06052388440253,0.0,0.0,0.0,65.56206342917638,0.0,0.0,0.0,0.0,22.62092986349387,0.0,0.0
170.0,577.3063617378767,216.71193328795817,30.420172110153786,0.0,0.0,8.92217221994976,10.060523884713977,0.0,0.0,0.0,65.57109903525055,0.0,0.0,0.0,0.0,22.656140238262182,0.0,0.0
171.0,577.1590366971209,216.79745971030664,30.42078134590963,0.0,0.0,8.858928082845622,10.060523885020887,0.0,0.0,0.0,65.57988581244858,0.0,0.0,0.0,0.0,22.690385797242524,0.0,0.0
172.0,577.0121196718051,216.88317356814807,30.421382633453586,0.0,0.0,8.797417670628077,10.060523885323327,0.0,0.0,0.0,65.58842935252163,0.0,0.0,0.0,0.0,22.723689363493683,0.0,0.0
173.0,576.8656089579331,216.9690803676004,30.421977124662117,0.0,0.0,8.737598350624474,10.060523885621386,0.0,0.0,0.0,65.59673546897201,0.0,0.0,0.0,0.0,22.756073856609042,0.0,0.0
174.0,576.719502877342,217.0551857016655,30.422564231745685,0.0,0.0,8.67942918489581,10.060523885915133,0.0,0.0,0.0,65.60481002951414,0.0,0.0,0.0,0.0,22.787561654370524,0.0,0.0
175.0,576.5737997764708,217.1414952091423,30.42314397701579,0.0,0.0,8.622869465246932,10.060523886204644,0.0,0.0,0.0,65.61265876519528,0.0,0.0,0.0,0.0,22.818174875292932,0.0,0.0
176.0,576.428498025524,217.22801456044277,30.423715585102798,0.0,0.0,8.56787958073037,10.060523886489985,0.0,0.0,0.0,65.62028738945247,0.0,0.0,0.0,0.0,22.847935215380513,0.0,0.0
177.0,576.2835960174334,217.31474948248723,30.424281585548652,0.0,0.0,8.514419161456006,10.060523886771229,0.0,0.0,0.0,65.6277011600711,0.0,0.0,0.0,0.0,22.87686405877044,0.0,0.0
178.0,576.1390921668449,217.40170573841917,30.424840050553822,0.0,0.0,8.462450360321569,10.060523887048438,0.0,0.0,0.0,65.63490573752021,0.0,0.0,0.0,0.0,22.904982393122346,0.0,0.0
179.0,575.9949849093882,217.4888891323874,30.42538820122213,0.0,0.0,8.411936373376555,10.060523887321677,0.0,0.0,0.0,65.64190678000766,0.0,0.0,0.0,0.0,22.93231082445712,0.0,0.0
180.0,575.8512727008128,217.57630551711952,30.42592970750476,0.0,0.0,8.362838471582524,10.060523887591005,0.0,0.0,0.0,65.64870912010969,0.0,0.0,0.0,0.0,22.958869592605062,0.0,0.0
181.0,575.7079540158219,217.6639607829767,30.426466357490938,0.0,0.0,8.315119402076819,10.060523887856485,0.0,0.0,0.0,65.65531770249414,0.0,0.0,0.0,0.0,22.98467854598347,0.0,0.0
182.0,575.5650273472959,217.7518608528598,30.42699523275784,0.0,0.0,8.268744543422256,10.060523888118166,0.0,0.0,0.0,65.66173790154937,0.0,0.0,0.0,0.0,23.0097571319416,0.0,0.0
183.0,575.422491205649,217.84001168657994,30.427514300406514,0.0,0.0,8.22367962970861,10.060523888376114,0.0,0.0,0.0,65.66797489093132,0.0,0.0,0.0,0.0,23.03412440974002,0.0,0.0
184.0,575.2803441179548,217.92841928306052,30.42802669634677,0.0,0.0,8.179889008251502,10.06052388863038,0.0,0.0,0.0,65.67403316057685,0.0,0.0,0.0,0.0,23.057799059978333,0.0,0.0
185.0,575.1385846269001,218.01708966735328,30.4285310109318,0.0,0.0,8.13733959514086,10.06052388888101,0.0,0.0,0.0,65.67991761158673,0.0,0.0,0.0,0.0,23.080799360960036,0.0,0.0
186.0,574.9972112901787,218.10602889965278,30.429032547274307,0.0,0.0,8.095996290345584,10.060523889128056,0.0,0.0,0.0,65.68563228746225,0.0,0.0,0.0,0.0,23.103143216420847,0.0,0.0
187.0,574.856222679409,218.19524305061432,30.42952331568942,0.0,0.0,8.055830119071446,10.060523889371574,0.0,0.0,0.0,65.69118262942358,0.0,0.0,0.0,0.0,23.124848109369697,0.0,0.0
188.0,574.7156173799167,218.28473822517333,30.430007208667497,0.0,0.0,8.01680797873421,10.060523889611602,0.0,0.0,0.0,65.69657263944782,0.0,0.0,0.0,0.0,23.145931164465395,0.0,0.0
189.0,574.57539398946,218.3745205427539,30.43048536648662,0.0,0.0,7.978898592858538,10.060523889848188,0.0,0.0,0.0,65.70180653031366,0.0,0.0,0.0,0.0,23.1664091151387,0.0,0.0
190.0,574.4355511175879,218.4645961316084,30.430954197127424,0.0,0.0,7.942073309295918,10.06052389008138,0.0,0.0,0.0,65.70688894985476,0.0,0.0,0.0,0.0,23.186298303132183,0.0,0.0
191.0,574.29608738509,218.55497113629136,30.43141673123525,0.0,0.0,7.906301473469784,10.060523890311215,0.0,0.0,0.0,65.7118237017613,0.0,0.0,0.0,0.0,23.205614707839853,0.0,0.0
192.0,574.1570014229832,218.64565170336556,30.43187347503286,0.0,0.0,7.871554143595112,10.060523890537741,0.0,0.0,0.0,65.71661477774339,0.0,0.0,0.0,0.0,23.224373929123335,0.0,0.0
193.0,574.0182918718893,218.73664397957353,30.43232484917195,0.0,0.0,7.837803089057333,10.060523890760997,0.0,0.0,0.0,65.72126608388852,0.0,0.0,0.0,0.0,23.242591197884273,0.0,0.0
194.0,573.8799573813257,218.82795410313753,30.43276790771777,0.0,0.0,7.805022116692949,10.060523890981015,0.0,0.0,0.0,65.72578181175415,0.0,0.0,0.0,0.0,23.26028137334302,0.0,0.0
195.0,573.7419966091367,218.91958820475057,30.43320240713045,0.0,0.0,7.773184592502657,10.060523891197839,0.0,0.0,0.0,65.73016575546463,0.0,0.0,0.0,0.0,23.277458961649376,0.0,0.0
196.0,573.6044082206881,219.01155240281838,30.43363185840182,0.0,0.0,7.742263005758761,10.060523891411508,0.0,0.0,0.0,65.73442119424003,0.0,0.0,0.0,0.0,23.29413812250312,0.0,0.0
197.0,573.4671908880292,219.10385278856347,30.434054177172623,0.0,0.0,7.71223275920765,10.060523891622053,0.0,0.0,0.0,65.73855194836288,0.0,0.0,0.0,0.0,23.310332655593818,0.0,0.0
198.0,573.3303432894481,219.1964954271467,30.434468836468426,0.0,0.0,7.683069250572535,10.06052389182951,0.0,0.0,0.0,65.74256157402169,0.0,0.0,0.0,0.0,23.32605602126721,0.0,0.0
199.0,573.1938641087479,219.28948635200115,30.43487779219641,0.0,0.0,7.65474748659733,10.060523892033919,0.0,0.0,0.0,65.7464532603393,0.0,0.0,0.0,0.0,23.341321347726083,0.0,0.0
200.0,573.0577520344938,219.38283155341725,30.435280196943786,0.0,0.0,7.627244219164227,10.060523892235302,0.0,0.0,0.0,65.75023042730118,0.0,0.0,0.0,0.0,23.356141427038033,0.0,0.0
201.0,572.9220057594891,219.4765369746,30.435674983880986,0.0,0.0,7.600536885450404,10.060523892433698,0.0,0.0,0.0,65.75389643572959,0.0,0.0,0.0,0.0,23.370528725621394,0.0,0.0
202.0,572.7866239801556,219.57060850836586,30.43606647822913,0.0,0.0,7.5746013126603255,10.06052389262914,0.0,0.0,0.0,65.75745395636697,0.0,0.0,0.0,0.0,23.384495403517626,0.0,0.0
203.0,572.6516053957017,219.66505197987226,30.43644883959778,0.0,0.0,7.549418036425385,10.060523892821656,0.0,0.0,0.0,65.76090672542954,0.0,0.0,0.0,0.0,23.3980532854971,0.0,0.0
204.0,572.5169487079312,219.75987314825653,30.43682428648575,0.0,0.0,7.524964864721242,10.060523893011274,0.0,0.0,0.0,65.76425749277247,0.0,0.0,0.0,0.0,23.411213913673862,0.0,0.0
205.0,572.3826526203247,219.85507772745376,30.437196644689426,0.0,0.0,7.501219600352521,10.06052389319803,0.0,0.0,0.0,65.7675087379176,0.0,0.0,0.0,0.0,23.42398848032375,0.0,0.0
206.0,572.2487158374445,219.95067122952383,30.437560682540024,0.0,0.0,7.478163875246876,10.060523893381944,0.0,0.0,0.0,65.77066393363263,0.0,0.0,0.0,0.0,23.436388076474053,0.0,0.0
207.0,572.1151370645616,220.0466593514124,30.437919227352673,0.0,0.0,7.455777525122555,10.060523893563044,0.0,0.0,0.0,65.77372545083682,0.0,0.0,0.0,0.0,23.44842300713356,0.0,0.0
208.0,571.9819150072569,220.1430472120074,30.438269654878265,0.0,0.0,7.434041468502143,10.060523893741369,0.0,0.0,0.0,65.77669641354335,0.0,0.0,0.0,0.0,23.460104176539872,0.0,0.0
209.0,571.8490483701709,220.23984037524022,30.438612863054914,0.0,0.0,7.41293754283156,10.060523893916935,0.0,0.0,0.0,65.77957923769421,0.0,0.0,0.0,0.0,23.47144122162939,0.0,0.0
210.0,571.7165358575224,220.33704403202833,30.438950135003857,0.0,0.0,7.392447009768381,10.060523894089771,0.0,0.0,0.0,65.78237634567394,0.0,0.0,0.0,0.0,23.482444004810695,0.0,0.0
211.0,571.5843761720414,220.43466300395733,30.439278485084127,0.0,0.0,7.372552702452305,10.060523894259902,0.0,0.0,0.0,65.78509065824709,0.0,0.0,0.0,0.0,23.493122465946925,0.0,0.0
212.0,571.4525680140611,220.53270250259334,30.439605168253316,0.0,0.0,7.353235266432173,10.060523894427353,0.0,0.0,0.0,65.78772367972915,0.0,0.0,0.0,0.0,23.503485495161854,0.0,0.0
213.0,571.3211100818367,220.6311671839797,30.43992005908601,0.0,0.0,7.334481623698049,10.060523894592153,0.0,0.0,0.0,65.79027897110751,0.0,0.0,0.0,0.0,23.51354237085458,0.0,0.0
214.0,571.1900010708739,220.73006173691937,30.440232723879642,0.0,0.0,7.316271683495817,10.060523894754326,0.0,0.0,0.0,65.79275773806023,0.0,0.0,0.0,0.0,23.52330187300605,0.0,0.0
215.0,571.0592396731197,220.82939063123817,30.440538194999487,0.0,0.0,7.298591518946289,10.060523894913889,0.0,0.0,0.0,65.79516278793349,0.0,0.0,0.0,0.0,23.532772611026406,0.0,0.0
216.0,570.9288245769903,220.92915823141462,30.440837492285276,0.0,0.0,7.2814253385833245,10.060523895070876,0.0,0.0,0.0,65.79749617591898,0.0,0.0,0.0,0.0,23.541962896767245,0.0,0.0
217.0,570.798754466858,221.02936865351597,30.44113090608725,0.0,0.0,7.264757865088639,10.060523895225304,0.0,0.0,0.0,65.7997600034555,0.0,0.0,0.0,0.0,23.550880920036196,0.0,0.0
218.0,570.6690280225702,221.13002602864725,30.44141607841431,0.0,0.0,7.248575769110987,10.060523895377198,0.0,0.0,0.0,65.8019565621344,0.0,0.0,0.0,0.0,23.559534393458243,0.0,0.0
219.0,570.5396439195872,221.2311340386707,30.441698006161843,0.0,0.0,7.2328624726851825,10.060523895526579,0.0,0.0,0.0,65.80408733169362,0.0,0.0,0.0,0.0,23.56793118033605,0.0,0.0
220.0,570.4106008278536,221.3326963114885,30.441971761557053,0.0,0.0,7.2176061840014025,10.060523895673475,0.0,0.0,0.0,65.80615481445106,0.0,0.0,0.0,0.0,23.576078715917788,0.0,0.0
221.0,570.281897412176,221.43471628030755,30.442240656390926,0.0,0.0,7.202792110032093,10.0605238958179,0.0,0.0,0.0,65.80816053616276,0.0,0.0,0.0,0.0,23.583984262346352,0.0,0.0
222.0,570.1535323316252,221.53719714043012,30.44250248363375,0.0,0.0,7.188408019594087,10.06052389595989,0.0,0.0,0.0,65.81010659699999,0.0,0.0,0.0,0.0,23.59165489571927,0.0,0.0
223.0,570.0255042394494,221.64014190236077,30.442759172859777,0.0,0.0,7.174440391278329,10.060523896099454,0.0,0.0,0.0,65.81199457879927,0.0,0.0,0.0,0.0,23.599097487552985,0.0,0.0
224.0,569.8978117827414,221.7435532900679,30.443006491745923,0.0,0.0,7.160878472841658,10.060523896236623,0.0,0.0,0.0,65.81382671316508,0.0,0.0,0.0,0.0,23.60631875055097,0.0,0.0
225.0,569.7704536023607,221.84743393762358,30.44325353474814,0.0,0.0,7.147706581726161,10.060523896371416,0.0,0.0,0.0,65.81560367719294,0.0,0.0,0.0,0.0,23.613325162272066,0.0,0.0
226.0,569.6434283324778,221.95178609669463,30.44349171722086,0.0,0.0,7.134916401697828,10.060523896503852,0.0,0.0,0.0,65.81732809706571,0.0,0.0,0.0,0.0,23.620123061801774,0.0,0.0
227.0,569.5167346008566,222.05661186308168,30.443722494248544,0.0,0.0,7.12249592894494,10.06052389663396,0.0,0.0,0.0,65.81900142195643,0.0,0.0,0.0,0.0,23.62671859595041,0.0,0.0
228.0,569.3903710284786,222.16191309360988,30.443950281658854,0.0,0.0,7.110432260986854,10.060523896761758,0.0,0.0,0.0,65.82062472520532,0.0,0.0,0.0,0.0,23.633117751183985,0.0,0.0
229.0,569.2643362293354,222.2676913651074,30.4441704520278,0.0,0.0,7.098716461482106,10.060523896887268,0.0,0.0,0.0,65.82220005380609,0.0,0.0,0.0,0.0,23.639326335999677,0.0,0.0
230.0,569.1386288106575,222.37394801474778,30.444381697399702,0.0,0.0,7.087338554250103,10.06052389701051,0.0,0.0,0.0,65.82372903823864,0.0,0.0,0.0,0.0,23.645349996957293,0.0,0.0
231.0,569.0132473727579,222.48068416696742,30.444590943251278,0.0,0.0,7.07628549075196,10.06052389713151,0.0,0.0,0.0,65.82521234981641,0.0,0.0,0.0,0.0,23.65119424879272,0.0,0.0
232.0,568.8881905087651,222.58790062920264,30.444794039478406,0.0,0.0,7.065549025374539,10.060523897250288,0.0,0.0,0.0,65.8266518552065,0.0,0.0,0.0,0.0,23.656864417567213,0.0,0.0
233.0,568.7634568049642,222.69559798282324,30.444990851481656,0.0,0.0,7.055119532767083,10.060523897366867,0.0,0.0,0.0,65.82804893948584,0.0,0.0,0.0,0.0,23.662365700651268,0.0,0.0
234.0,568.6390448407326,222.8037765395793,30.445182826597016,0.0,0.0,7.044987028531334,10.060523897481271,0.0,0.0,0.0,65.82940476761752,0.0,0.0,0.0,0.0,23.667703143433265,0.0,0.0
235.0,568.5149531885277,222.9124363484411,30.445368903914208,0.0,0.0,7.035142796346108,10.060523897593512,0.0,0.0,0.0,65.83072075294733,0.0,0.0,0.0,0.0,23.672881650530258,0.0,0.0
236.0,568.3911804140753,223.02157719326564,30.445549433626255,0.0,0.0,7.025577804507426,10.060523897703627,0.0,0.0,0.0,65.8319981133582,0.0,0.0,0.0,0.0,23.677905988555086,0.0,0.0
237.0,568.2677250764247,223.13119859193222,30.44572435101424,0.0,0.0,7.0162834384404515,10.060523897811626,0.0,0.0,0.0,65.83323807845483,0.0,0.0,0.0,0.0,23.682780787692923,0.0,0.0
238.0,568.1445857281044,223.24129979807674,30.44589378329812,0.0,0.0,7.007251238090543,10.060523897917536,0.0,0.0,0.0,65.83444182419188,0.0,0.0,0.0,0.0,23.68751055171746,0.0,0.0
239.0,568.0217609152782,223.35187979819665,30.446057624508946,0.0,0.0,6.998473079934,10.060523898021382,0.0,0.0,0.0,65.83561051825932,0.0,0.0,0.0,0.0,23.692099652048345,0.0,0.0
240.0,567.8992491779373,223.46293731502254,30.446216121992418,0.0,0.0,6.989940922532502,10.060523898123188,0.0,0.0,0.0,65.83674525712138,0.0,0.0,0.0,0.0,23.696552337799915,0.0,0.0
241.0,567.7770490500984,223.57447080759312,30.446369350130183,0.0,0.0,6.981647017095204,10.060523898222964,0.0,0.0,0.0,65.83784712550772,0.0,0.0,0.0,0.0,23.700872736541648,0.0,0.0
242.0,567.6551590600378,223.6864784732217,30.446516200098177,0.0,0.0,6.973584309566348,10.060523898320751,0.0,0.0,0.0,65.83891731145175,0.0,0.0,0.0,0.0,23.705064856902954,0.0,0.0
243.0,567.5335777305936,223.79895825205938,30.44665940627091,0.0,0.0,6.9657444038310095,10.060523898416557,0.0,0.0,0.0,65.83995653909071,0.0,0.0,0.0,0.0,23.709132595553076,0.0,0.0
244.0,567.4123035792875,223.91190782605378,30.446796913824045,0.0,0.0,6.9581210439884424,10.06052389851041,0.0,0.0,0.0,65.84096604505945,0.0,0.0,0.0,0.0,23.71307973389252,0.0,0.0
245.0,567.2913351188057,224.02532462571588,30.446929978737572,0.0,0.0,6.9507068367589975,10.060523898602332,0.0,0.0,0.0,65.84194666370182,0.0,0.0,0.0,0.0,23.7169099467181,0.0,0.0
246.0,567.1706708571807,224.1392058311419,30.447056349294954,0.0,0.0,6.94349600334052,10.060523898692352,0.0,0.0,0.0,65.84289959796239,0.0,0.0,0.0,0.0,23.72062679891393,0.0,0.0
247.0,567.0503092982567,224.2535483796369,30.447177205989767,0.0,0.0,6.936481565046436,10.060523898780486,0.0,0.0,0.0,65.84382563687046,0.0,0.0,0.0,0.0,23.72423375624883,0.0,0.0
248.0,566.9302489419048,224.36834896908957,30.44729464963267,0.0,0.0,6.929656359290831,10.060523898866757,0.0,0.0,0.0,65.84472543897407,0.0,0.0,0.0,0.0,23.727734182987035,0.0,0.0
249.0,566.8104882843481,224.48360406145167,30.447407370205244,0.0,0.0,6.9230147804154365,10.060523898951194,0.0,0.0,0.0,65.84560002321005,0.0,0.0,0.0,0.0,23.731131343673766,0.0,0.0
250.0,566.6910258186723,224.59930988998326,30.447515224178336,0.0,0.0,6.916550928143421,10.060523899033814,0.0,0.0,0.0,65.84645025186065,0.0,0.0,0.0,0.0,23.73442840773056,0.0,0.0
251.0,566.571860035168,224.71546246496624,30.447617587524476,0.0,0.0,6.910259267205735,10.060523899114644,0.0,0.0,0.0,65.84727701751531,0.0,0.0,0.0,0.0,23.73762845143107,0.0,0.0
252.0,566.4529894217538,224.83205758058216,30.447715383649978,0.0,0.0,6.9041338048777705,10.06052389919371,0.0,0.0,0.0,65.84808101433399,0.0,0.0,0.0,0.0,23.740734461138477,0.0,0.0
253.0,566.3344124643285,224.94909082039845,30.447808289585392,0.0,0.0,6.898169213637427,10.060523899271029,0.0,0.0,0.0,65.84886305462207,0.0,0.0,0.0,0.0,23.74374933460205,0.0,0.0
254.0,566.2161276472432,225.06655756554542,30.4478965896043,0.0,0.0,6.892360079552791,10.060523899346629,0.0,0.0,0.0,65.84962385975072,0.0,0.0,0.0,0.0,23.74667588384065,0.0,0.0
255.0,566.0981334537101,225.18445300083846,30.44798085876872,0.0,0.0,6.88670102602771,10.06052389942053,0.0,0.0,0.0,65.85036409643882,0.0,0.0,0.0,0.0,23.749516837179062,0.0,0.0
256.0,565.9804283662284,225.3027721233513,30.448060774635973,0.0,0.0,6.881187188275796,10.060523899492761,0.0,0.0,0.0,65.85108451191813,0.0,0.0,0.0,0.0,23.752274841459588,0.0,0.0
257.0,565.8630108670657,225.4215097479071,30.448135409578796,0.0,0.0,6.875814093291622,10.060523899563341,0.0,0.0,0.0,65.85178590096504,0.0,0.0,0.0,0.0,23.754952463351387,0.0,0.0
258.0,565.7458794387351,225.54066051915783,30.448205193655216,0.0,0.0,6.870576860994909,10.060523899632301,0.0,0.0,0.0,65.85246888523093,0.0,0.0,0.0,0.0,23.75755219396462,0.0,0.0
259.0,565.6290325643921,225.66021891664903,30.44827200439046,0.0,0.0,6.865470166677688,10.060523899699652,0.0,0.0,0.0,65.85313390302873,0.0,0.0,0.0,0.0,23.760076449661533,0.0,0.0
260.0,565.5124687282358,225.78017926103297,30.448333995399093,0.0,0.0,6.860490324880421,10.060523899765425,0.0,0.0,0.0,65.85378179437313,0.0,0.0,0.0,0.0,23.76252757127981,0.0,0.0
261.0,565.3961864161158,225.9005357294794,30.448391352891736,0.0,0.0,6.855632958020547,10.060523899829649,0.0,0.0,0.0,65.8544131517247,0.0,0.0,0.0,0.0,23.764907831376643,0.0,0.0
262.0,565.2801841159092,226.021282355535,30.44844608802011,0.0,0.0,6.850893084122483,10.060523899892335,0.0,0.0,0.0,65.8550283423648,0.0,0.0,0.0,0.0,23.767219432135988,0.0,0.0
263.0,565.1644603179051,226.1424130468608,30.448496558281846,0.0,0.0,6.846267314538475,10.060523899953518,0.0,0.0,0.0,65.85562813024745,0.0,0.0,0.0,0.0,23.769464509754844,0.0,0.0
264.0,565.0490135154099,226.2639215813475,30.448539654264177,0.0,0.0,6.841752979485284,10.06052390001321,0.0,0.0,0.0,65.85621342680321,0.0,0.0,0.0,0.0,23.77164513138263,0.0,0.0
265.0,564.9338422052579,226.38580162166454,30.44858284045557,0.0,0.0,6.8373432647043195,10.060523900071443,0.0,0.0,0.0,65.8567839307953,0.0,0.0,0.0,0.0,23.773763303256658,0.0,0.0
266.0,564.8189448878348,226.50804673366684,30.448621794624472,0.0,0.0,6.833036215745131,10.060523900128242,0.0,0.0,0.0,65.85734065943065,0.0,0.0,0.0,0.0,23.775820970154324,0.0,0.0
267.0,564.704320068,226.63065038109573,30.448657152542935,0.0,0.0,6.828827994916292,10.060523900183627,0.0,0.0,0.0,65.85788405255381,0.0,0.0,0.0,0.0,23.77782001605218,0.0,0.0
268.0,564.589966255325,226.7536059383717,30.448684988731817,0.0,0.0,6.824716712577146,10.060523900237614,0.0,0.0,0.0,65.85841505042394,0.0,0.0,0.0,0.0,23.779762264978366,0.0,0.0
269.0,564.4758819647125,226.8769067022194,30.448712007616894,0.0,0.0,6.820696296173161,10.060523900290237,0.0,0.0,0.0,65.85893337685071,0.0,0.0,0.0,0.0,23.781649488674542,0.0,0.0
270.0,564.3620657163909,227.00054589463454,30.448736914837756,0.0,0.0,6.81676400334312,10.060523900341511,0.0,0.0,0.0,65.85943964523119,0.0,0.0,0.0,0.0,23.783483400108757,0.0,0.0
271.0,564.2485160366566,227.1245166728085,30.44875738826307,0.0,0.0,6.812917604669627,10.060523900391464,0.0,0.0,0.0,65.8599345713137,0.0,0.0,0.0,0.0,23.785265659020517,0.0,0.0
272.0,564.1352314583268,227.2488121361696,30.448785198947544,0.0,0.0,6.809149250360126,10.060523900440115,0.0,0.0,0.0,65.86041727147574,0.0,0.0,0.0,0.0,23.786997895184484,0.0,0.0
273.0,564.0222105205711,227.37342534426543,30.448788104419368,0.0,0.0,6.805469090605028,10.06052390048749,0.0,0.0,0.0,65.8608917939617,0.0,0.0,0.0,0.0,23.788681593317254,0.0,0.0
274.0,563.9094517710566,227.4983493058926,30.44879848258383,0.0,0.0,6.801861043528786,10.060523900533605,0.0,0.0,0.0,65.86135491048745,0.0,0.0,0.0,0.0,23.79031834545731,0.0,0.0
275.0,563.7969537636835,227.62357701197624,30.448807400136143,0.0,0.0,6.798326017443911,10.060523900578486,0.0,0.0,0.0,65.86180802541307,0.0,0.0,0.0,0.0,23.791909559528758,0.0,0.0
276.0,563.6847150608512,227.7491013797766,30.448812012940888,0.0,0.0,6.794862374903709,10.060523900622155,0.0,0.0,0.0,65.86225185511022,0.0,0.0,0.0,0.0,23.793456687559978,0.0,0.0
277.0,563.5727342335427,227.8749153737226,30.448816729296794,0.0,0.0,6.791465752422146,10.060523900664633,0.0,0.0,0.0,65.86268627348277,0.0,0.0,0.0,0.0,23.794961082633414,0.0,0.0
278.0,563.4610098606194,228.0010119158133,30.44881139235685,0.0,0.0,6.788137727003404,10.060523900705942,0.0,0.0,0.0,65.86311278853587,0.0,0.0,0.0,0.0,23.796424056754383,0.0,0.0
279.0,563.3495405305779,228.1273838831853,30.4488048224719,0.0,0.0,6.784872212310225,10.060523900746107,0.0,0.0,0.0,65.86353076766798,0.0,0.0,0.0,0.0,23.797846928862658,0.0,0.0
280.0,563.2383248415439,228.25402421579616,30.448804349974967,0.0,0.0,6.781663960935448,10.060523900785142,0.0,0.0,0.0,65.86393971347785,0.0,0.0,0.0,0.0,23.799230899167593,0.0,0.0
281.0,563.1273614003491,228.3809258445799,30.448791789135967,0.0,0.0,6.778517956285607,10.060523900823071,0.0,0.0,0.0,65.86434201152333,0.0,0.0,0.0,0.0,23.800577183384025,0.0,0.0
282.0,563.0166488245212,228.5080816850602,30.4487744031099,0.0,0.0,6.775428976201327,10.060523900859915,0.0,0.0,0.0,65.86473718532056,0.0,0.0,0.0,0.0,23.8018869771799,0.0,0.0
283.0,562.9061857415107,228.63548469730185,30.448763262224542,0.0,0.0,6.772390425830966,10.060523900895701,0.0,0.0,0.0,65.86512428827666,0.0,0.0,0.0,0.0,23.803161393739565,0.0,0.0
284.0,562.7959707888716,228.76312783868775,30.44874456861513,0.0,0.0,6.769405889778317,10.060523900930429,0.0,0.0,0.0,65.8655051375682,0.0,0.0,0.0,0.0,23.804401454533853,0.0,0.0
285.0,562.686002615638,228.89100411656938,30.448724760191435,0.0,0.0,6.766470576136203,10.060523900964137,0.0,0.0,0.0,65.86587935327825,0.0,0.0,0.0,0.0,23.805608303318973,0.0,0.0
286.0,562.5762798814436,229.0227609373137,30.449187900408415,0.0,0.0,6.697406892990803,10.060523900967087,0.0,0.0,0.0,65.87556195629556,0.0,0.0,0.0,0.04313402662607605,23.806504811894325,0.0,0.0
287.0,562.4668503133878,229.15717524506803,30.449995531337514,0.0,0.0,6.5782059487384394,10.060523900947175,0.0,0.0,0.0,65.89230486396666,0.0,0.0,0.0,0.11897285486211259,23.80717335015725,0.0,0.0
288.0,562.3577487595142,229.291266245871,30.450780438718596,0.0,0.0,6.4607137595741415,10.060523900927906,0.0,0.0,0.0,65.90880808657167,0.0,0.0,0.0,0.19371675744190833,23.80783569892468,0.0,0.0
289.0,562.2489713077123,229.42504254068186,30.451542921033706,0.0,0.0,6.344892669779424,10.060523900909267,0.0,0.0,0.0,65.92507698184461,0.0,0.0,0.0,0.26739007727359576,23.808491785725263,0.0,0.0
290.0,562.1405140934705,229.5585111755865,30.452299948913772,0.0,0.0,6.230723059171318,10.060523900891257,0.0,0.0,0.0,65.9411115185784,0.0,0.0,0.0,0.3400010473593887,23.809141658290034,0.0,0.0
291.0,562.0323732834296,229.69167949035648,30.453016149410136,0.0,0.0,6.118207188744313,10.06052390087387,0.0,0.0,0.0,65.95691736548223,0.0,0.0,0.0,0.4115573885075593,23.80978508962841,0.0,0.0
292.0,561.9245450784929,229.82455418335442,30.453721139328415,0.0,0.0,6.007319950944207,10.060523900857106,0.0,0.0,0.0,65.9724931718602,0.0,0.0,0.0,0.48206749174522556,23.810422332133943,0.0,0.0
293.0,561.8170257133058,229.95714226261447,30.45439956354992,0.0,0.0,5.898054870550592,10.060523900840955,0.0,0.0,0.0,65.98784249197348,0.0,0.0,0.0,0.5515394748126657,23.81105332252433,0.0,0.0
294.0,561.7098114592659,230.08945057815632,30.45506673523378,0.0,0.0,5.790392713353906,10.060523900825418,0.0,0.0,0.0,66.00296549303324,0.0,0.0,0.0,0.6199817617025234,23.811678035249354,0.0,0.0
295.0,561.6028986253918,230.22148589089377,30.455708054694092,0.0,0.0,5.684326217140942,10.060523900810482,0.0,0.0,0.0,66.01786573203647,0.0,0.0,0.0,0.6874027574115105,23.812296491762893,0.0,0.0
296.0,561.4962835603817,230.35325488607447,30.45632870040077,0.0,0.0,5.579839766265824,10.060523900796142,0.0,0.0,0.0,66.03254458893335,0.0,0.0,0.0,0.7538111065081061,23.81290872354502,0.0,0.0
297.0,561.3899626533707,230.48476416186912,30.45693483585451,0.0,0.0,5.476917421666373,10.060523900782398,0.0,0.0,0.0,66.04700331641476,0.0,0.0,0.0,0.819215480619551,23.813514708410988,0.0,0.0
298.0,561.2839323356778,230.616020229208,30.45752122972904,0.0,0.0,5.375547555128785,10.060523900769233,0.0,0.0,0.0,66.06124449500957,0.0,0.0,0.0,0.8836246801226656,23.814114460479285,0.0,0.0
299.0,561.1781890821012,230.74702950521117,30.45809244734524,0.0,0.0,5.27571444329038,10.060523900756644,0.0,0.0,0.0,66.07526961833756,0.0,0.0,0.0,0.9470476078445416,23.814707990995956,0.0,0.0
300.0,561.0727294119704,230.87779831671605,30.458644371102583,0.0,0.0,5.177405589017151,10.060523900744624,0.0,0.0,0.0,66.08908119691425,0.0,0.0,0.0,1.0094933127932726,23.815295330940803,0.0,0.0
301.0,560.9675498903587,231.0083328879159,30.459181013724493,0.0,0.0,5.080605206163469,10.060523900733159,0.0,0.0,0.0,66.10268082480368,0.0,0.0,0.0,1.0709708998606726,23.815876479482863,0.0,0.0
302.0,560.8626471292347,231.13863933957325,30.459701325621975,0.0,0.0,4.985299463695535,10.06052390072224,0.0,0.0,0.0,66.11607067972257,0.0,0.0,0.0,1.1314895257100115,23.816451437802183,0.0,0.0
303.0,560.7580177885455,231.26872369778798,30.46020562620567,0.0,0.0,4.8914735681089665,10.060523900711862,0.0,0.0,0.0,66.1292528395984,0.0,0.0,0.0,1.1910585630929538,23.817020242081117,0.0,0.0
304.0,560.653658576879,231.3985918612756,30.460692443499518,0.0,0.0,4.799113344191566,10.06052390070201,0.0,0.0,0.0,66.14222959877524,0.0,0.0,0.0,1.2496874804337794,23.817582908193447,0.0,0.0
305.0,560.5495662527043,231.52824967910612,30.461166745756,0.0,0.0,4.708202632672466,10.060523900692674,0.0,0.0,0.0,66.15500244072825,0.0,0.0,0.0,1.307385392220917,23.818139426132316,0.0,0.0
306.0,560.4457376244291,231.6577027427825,30.461626379478126,0.0,0.0,4.618726268566923,10.060523900683835,0.0,0.0,0.0,66.16757390990435,0.0,0.0,0.0,1.364162535684666,23.818689845881693,0.0,0.0
307.0,560.3421695530724,231.78695677942343,30.462066449918883,0.0,0.0,4.530672349707162,10.060523900675493,0.0,0.0,0.0,66.17994656322645,0.0,0.0,0.0,1.420027818800717,23.819234174107315,0.0,0.0
308.0,560.2388589495013,231.9160171744654,30.46249848399138,0.0,0.0,4.444020357439269,10.060523900667631,0.0,0.0,0.0,66.19212137425932,0.0,0.0,0.0,1.4749914179796921,23.819772435032263,0.0,0.0
309.0,560.1358027776771,232.0448892224744,30.462908511513955,0.0,0.0,4.358760750289463,10.060523900660234,0.0,0.0,0.0,66.20410210608023,0.0,0.0,0.0,1.5290630738073476,23.820304636303145,0.0,0.0
310.0,560.0329980555723,232.1735782401129,30.463312950355686,0.0,0.0,4.274871733220677,10.060523900653292,0.0,0.0,0.0,66.21588908441761,0.0,0.0,0.0,1.5822525020135196,23.82083081416324,0.0,0.0
311.0,559.9304418528051,232.3020892568913,30.463698978092825,0.0,0.0,4.192342892037983,10.060523900646789,0.0,0.0,0.0,66.22748599708648,0.0,0.0,0.0,1.6345696930856133,23.821350988229323,0.0,0.0
312.0,559.8281312939811,232.4304272853805,30.46407438862606,0.0,0.0,4.111155093653095,10.060523900640714,0.0,0.0,0.0,66.2388942522083,0.0,0.0,0.0,1.6860248891127887,23.821865193132524,0.0,0.0
313.0,559.7260635568504,232.55859720953984,30.46443705813824,0.0,0.0,4.031294279908152,10.060523900635058,0.0,0.0,0.0,66.25011623784637,0.0,0.0,0.0,1.7366276811880594,23.822373431380996,0.0,0.0
314.0,559.6242358733665,232.68660372330172,30.46478846524652,0.0,0.0,3.952743632044007,10.0605239006298,0.0,0.0,0.0,66.26115410774946,0.0,0.0,0.0,1.7863884299281787,23.822875756759295,0.0,0.0
315.0,559.5226455295519,232.8144512367406,30.46513369933602,0.0,0.0,3.875485022136994,10.060523900624954,0.0,0.0,0.0,66.27200967736783,0.0,0.0,0.0,1.8353173577155675,23.82337229597956,0.0,0.0
316.0,559.4212898666142,232.9421448190797,30.465455136823262,0.0,0.0,3.799510904430555,10.060523900620431,0.0,0.0,0.0,66.28268678603133,0.0,0.0,0.0,1.8834241762957047,23.823862732094987,0.0,0.0
317.0,559.32016627873,233.06968825522628,30.465774880786917,0.0,0.0,3.7247954366525784,10.06052390061629,0.0,0.0,0.0,66.29318561356457,0.0,0.0,0.0,1.9307194176993527,23.824347441566402,0.0,0.0
318.0,559.2192722149538,233.1970859483221,30.466078785040995,0.0,0.0,3.6513285791835357,10.060523900612496,0.0,0.0,0.0,66.30350992554862,0.0,0.0,0.0,1.9772132658399264,23.82482634738066,0.0,0.0
319.0,559.1186051783834,233.32434199387345,30.46637082533992,0.0,0.0,3.5790926903998224,10.060523900609036,0.0,0.0,0.0,66.31366157090568,0.0,0.0,0.0,2.0229159955336486,23.82529948586315,0.0,0.0
320.0,559.0181627259484,233.45146031732634,30.46665697486744,0.0,0.0,3.508069173021035,10.060523900605894,0.0,0.0,0.0,66.32364219017433,0.0,0.0,0.0,2.0678380019582643,23.82576687948896,0.0,0.0
321.0,558.9179424684941,233.5784448672703,30.466931191474988,0.0,0.0,3.43824513419998,10.060523900603052,0.0,0.0,0.0,66.3334546603551,0.0,0.0,0.0,2.1119891039013,23.826228562998622,0.0,0.0
322.0,558.8179420689904,233.70529924691306,30.467198043643535,0.0,0.0,3.3696021322676195,10.060523900600499,0.0,0.0,0.0,66.34310083770596,0.0,0.0,0.0,2.155379949371871,23.826684567302987,0.0,0.0
323.0,558.7181592443314,233.8320270311539,30.46745361594825,0.0,0.0,3.30212532566506,10.06052390059823,0.0,0.0,0.0,66.35258351063234,0.0,0.0,0.0,2.1980210215854163,23.827134954124272,0.0,0.0
324.0,558.6185917643545,233.95863175007347,30.46769970222585,0.0,0.0,3.2357986911584122,10.060523900596216,0.0,0.0,0.0,66.36190466591096,0.0,0.0,0.0,2.2399221607973145,23.827579736182372,0.0,0.0
325.0,558.5192374498292,234.08511673610374,30.46793645083674,0.0,0.0,3.170606053259211,10.060523900594454,0.0,0.0,0.0,66.371066587867,0.0,0.0,0.0,2.28109369270715,23.828018952889153,0.0,0.0
326.0,558.4200941731364,234.21148511318535,30.468166812487585,0.0,0.0,3.1065297277192774,10.060523900592925,0.0,0.0,0.0,66.38007129863045,0.0,0.0,0.0,2.321546186087339,23.828452645219237,0.0,0.0
327.0,558.3211598582583,234.33773999235922,30.46838995143452,0.0,0.0,3.0435544819324614,10.060523900591622,0.0,0.0,0.0,66.38892111804353,0.0,0.0,0.0,2.3612896031372097,23.828880859880428,0.0,0.0
328.0,558.2224324794392,234.46388439881935,30.46859652368379,0.0,0.0,2.9816677619296827,10.060523900590525,0.0,0.0,0.0,66.39761942696323,0.0,0.0,0.0,2.400334385502292,23.829303648017188,0.0,0.0
329.0,558.1239100598591,234.58992106634517,30.468803877445925,0.0,0.0,2.9208470064679153,10.060523900589626,0.0,0.0,0.0,66.40616649247168,0.0,0.0,0.0,2.438690558375457,23.829721020481063,0.0,0.0
330.0,558.0255906727093,234.71585274653413,30.469001080854746,0.0,0.0,2.8610805336126495,10.060523900588905,0.0,0.0,0.0,66.41456584339929,0.0,0.0,0.0,2.4763683872082964,23.83013304450581,0.0,0.0
331.0,557.9274724391729,234.8416820780282,30.469191509726727,0.0,0.0,2.802351433437882,10.06052390058836,0.0,0.0,0.0,66.42281931718351,0.0,0.0,0.0,2.5133778465382353,23.830539755599094,0.0,0.0
332.0,557.8295535276276,234.9674114404106,30.469371043894764,0.0,0.0,2.744645176120964,10.06052390058797,0.0,0.0,0.0,66.4309296880655,0.0,0.0,0.0,2.549729299882029,23.830941202214603,0.0,0.0
333.0,557.7318321541919,235.0930433025019,30.46954787920852,0.0,0.0,2.687943421460722,10.060523900587725,0.0,0.0,0.0,66.43889817568488,0.0,0.0,0.0,2.585432408703502,23.83133741222258,0.0,0.0
334.0,557.6343065803497,235.21857978950487,30.46971506822008,0.0,0.0,2.632232769743026,10.06052390058762,0.0,0.0,0.0,66.44672787275289,0.0,0.0,0.0,2.6204975124159993,23.831728452625647,0.0,0.0
335.0,557.5369751136234,235.3440231312024,30.469882660709274,0.0,0.0,2.5774935066393376,10.060523900587638,0.0,0.0,0.0,66.45441988170599,0.0,0.0,0.0,2.6549346480405736,23.832114370617614,0.0,0.0
336.0,557.4398361054125,235.46937530444453,30.47003348361565,0.0,0.0,2.5237184564897355,10.060523900587762,0.0,0.0,0.0,66.46197814104336,0.0,0.0,0.0,2.68875289289186,23.832495176117575,0.0,0.0
337.0,557.3428879509926,235.59463816568015,30.470189365319055,0.0,0.0,2.4708809787871138,10.060523900587999,0.0,0.0,0.0,66.46940274089563,0.0,0.0,0.0,2.7219635731337624,23.832870989604622,0.0,0.0
338.0,557.2461290890787,235.71981363994124,30.47032368655058,0.0,0.0,2.418980307955721,10.060523900588311,0.0,0.0,0.0,66.47669831461091,0.0,0.0,0.0,2.7545742176096923,23.833241739476133,0.0,0.0
339.0,557.1495579995416,235.84490337784123,30.47046340868536,0.0,0.0,2.367986965142545,10.06052390058871,0.0,0.0,0.0,66.48386447759391,0.0,0.0,0.0,2.786596584293785,23.83360758970578,0.0,0.0
340.0,557.0531732034784,235.9699089276193,30.47059200078765,0.0,0.0,2.3178948809560995,10.060523900589178,0.0,0.0,0.0,66.49090490009569,0.0,0.0,0.0,2.8180389230565135,23.83396851957141,0.0,0.0
341.0,556.9569732625346,236.09483183113144,30.47071740137679,0.0,0.0,2.268684643522308,10.060523900589704,0.0,0.0,0.0,66.49782100344015,0.0,0.0,0.0,2.848911571038343,23.834324610962558,0.0,0.0
342.0,556.8609567778129,236.21967347280133,30.470844427066385,0.0,0.0,2.220341326820689,10.060523900590278,0.0,0.0,0.0,66.50461408407062,0.0,0.0,0.0,2.8792229097776194,23.834675869437696,0.0,0.0
343.0,556.765122388067,236.34443518076216,30.470955760085587,0.0,0.0,2.172853223258785,10.060523900590901,0.0,0.0,0.0,66.51128877020498,0.0,0.0,0.0,2.9089847247399043,23.835022458343847,0.0,0.0
344.0,556.6694687710527,236.46911815709018,30.471073166036653,0.0,0.0,2.126200720300004,10.060523900591553,0.0,0.0,0.0,66.51784413402419,0.0,0.0,0.0,2.938204116635577,23.83536432852134,0.0,0.0
345.0,556.573994639793,236.59372350093287,30.471169519568953,0.0,0.0,2.080380300978866,10.060523900592228,0.0,0.0,0.0,66.5242853047484,0.0,0.0,0.0,2.9668903497481294,23.835701516655636,0.0,0.0
346.0,556.4786987446273,236.71825224141963,30.471275188736165,0.0,0.0,2.0353645505039846,10.06052390059292,0.0,0.0,0.0,66.53061100853635,0.0,0.0,0.0,2.99505308850799,23.83603411328176,0.0,0.0
347.0,556.3835798699696,236.84270540150334,30.471369430433228,0.0,0.0,1.9911475330777726,10.060523900593614,0.0,0.0,0.0,66.53682561806636,0.0,0.0,0.0,3.0227014570305206,23.836362182657098,0.0,0.0
348.0,556.2886368339481,236.96708374857158,30.471464168879173,0.0,0.0,1.9477110729871203,10.060523900594308,0.0,0.0,0.0,66.54292969503099,0.0,0.0,0.0,3.0498440770802397,23.836685738835023,0.0,0.0
349.0,556.1938684889053,237.0913880766726,30.471552135939625,0.0,0.0,1.905043978236572,10.060523900595,0.0,0.0,0.0,66.54892606647367,0.0,0.0,0.0,3.076489952689097,23.837004853797072,0.0,0.0
350.0,556.0992737192217,237.2156191303584,30.4716370354305,0.0,0.0,1.863131373881495,10.06052390059567,0.0,0.0,0.0,66.55481621740888,0.0,0.0,0.0,3.1026476531682206,23.83731957784608,0.0,0.0
351.0,556.0048514406262,237.3397775069131,30.47171612144841,0.0,0.0,1.8219607024767175,10.060523900596323,0.0,0.0,0.0,66.56060240166063,0.0,0.0,0.0,3.12832592579413,23.837629961152242,0.0,0.0
352.0,555.9106005998137,237.46386375294992,30.471796633531813,0.0,0.0,1.7815160765456681,10.060523900596944,0.0,0.0,0.0,66.56628564581216,0.0,0.0,0.0,3.1535330966331516,23.837936043196734,0.0,0.0
353.0,555.8165201733984,237.58787833408707,30.471866919750767,0.0,0.0,1.7417883758977803,10.060523900597536,0.0,0.0,0.0,66.57186923046858,0.0,0.0,0.0,3.1782779467555446,23.838237904555648,0.0,0.0
354.0,555.7226091671217,237.7118216896684,30.471937052439827,0.0,0.0,1.7027615521262218,10.06052390059808,0.0,0.0,0.0,66.57735372147089,0.0,0.0,0.0,3.2025682554914274,23.83853554957655,0.0,0.0
355.0,555.6288666148703,237.83569417237413,30.472002232900156,0.0,0.0,1.6644238488383454,10.06052390059858,0.0,0.0,0.0,66.58274160780924,0.0,0.0,0.0,3.2264126877876333,23.83882907358895,0.0,0.0
356.0,555.5352915777013,237.9594959477874,30.472063774806465,0.0,0.0,1.626762452297135,10.060523900599026,0.0,0.0,0.0,66.58803448767644,0.0,0.0,0.0,3.249819145615105,23.839118507727864,0.0,0.0
357.0,555.4418831448343,238.08322736640625,30.472126917688776,0.0,0.0,1.5897627324705084,10.060523900599419,0.0,0.0,0.0,66.59323354766117,0.0,0.0,0.0,3.272795651571428,23.83940390123105,0.0,0.0
358.0,555.3486404296647,238.20688856724564,30.47218749546411,0.0,0.0,1.5534142828041022,10.06052390059974,0.0,0.0,0.0,66.5983409775468,0.0,0.0,0.0,3.2953499145984653,23.839685315764296,0.0,0.0
359.0,555.2555625714489,238.33047946699904,30.472245865125302,0.0,0.0,1.517703984639235,10.060523900600003,0.0,0.0,0.0,66.6033585869435,0.0,0.0,0.0,3.3174898748016686,23.83996318589325,0.0,0.0
360.0,555.1626487336574,238.4540004591307,30.47228539796151,0.0,0.0,1.4826281808305166,10.060523900600188,0.0,0.0,0.0,66.60828969931174,0.0,0.0,0.0,3.3392232888532707,23.84023639199492,0.0,0.0
361.0,555.0698981052618,238.5774512394632,30.472336696871814,0.0,0.0,1.448161235471687,10.060523900600304,0.0,0.0,0.0,66.61313277565927,0.0,0.0,0.0,3.3605575543204615,23.840506142733435,0.0,0.0
362.0,554.9773098960349,238.70083178001218,30.472387813587652,0.0,0.0,1.4142967045207104,10.060523900600328,0.0,0.0,0.0,66.61789075337425,0.0,0.0,0.0,3.3815003085727597,23.840772063632706,0.0,0.0
363.0,554.8848833392346,238.82414202311065,30.47243141141632,0.0,0.0,1.3810264807788502,10.060523900600277,0.0,0.0,0.0,66.62256604367066,0.0,0.0,0.0,3.4020584892431174,23.84103432620485,0.0,0.0
364.0,554.7926176895118,238.9473817809402,30.472470149616445,0.0,0.0,1.3483379667507494,10.060523900600138,0.0,0.0,0.0,66.62715997293648,0.0,0.0,0.0,3.4222394709459047,23.8412929487285,0.0,0.0
365.0,554.7005122231491,239.07055087364162,30.472503725592507,0.0,0.0,1.316220130996817,10.060523900599906,0.0,0.0,0.0,66.63167416061869,0.0,0.0,0.0,3.4420505395269783,23.841547883407987,0.0,0.0
366.0,554.6085662362271,239.1936490160285,30.472543485560887,0.0,0.0,1.2846576917259798,10.060523900599582,0.0,0.0,0.0,66.63610884693486,0.0,0.0,0.0,3.4614984793101393,23.841799233743057,0.0,0.0
367.0,554.5167790449092,239.31667596184357,30.472577065381497,0.0,0.0,1.25364456825044,10.060523900599161,0.0,0.0,0.0,66.64046700041979,0.0,0.0,0.0,3.480590369015415,23.842047048852788,0.0,0.0
368.0,554.4251499842422,239.439631284132,30.47261122043954,0.0,0.0,1.2231676297981184,10.06052390059864,0.0,0.0,0.0,66.64474933430903,0.0,0.0,0.0,3.4993328673398474,23.84229137726077,0.0,0.0
369.0,554.3336784087338,239.56251471557567,30.47264246590802,0.0,0.0,1.1932177832769506,10.060523900598017,0.0,0.0,0.0,66.64895773472516,0.0,0.0,0.0,3.5177326836504115,23.842532271841346,0.0,0.0
370.0,554.2423636900584,239.68532585299837,30.472675947694068,0.0,0.0,1.1637831776428575,10.06052390059729,0.0,0.0,0.0,66.65309300826311,0.0,0.0,0.0,3.5357961046085666,23.84276976736656,0.0,0.0
371.0,554.1512052174153,239.80806414849704,30.47270323435647,0.0,0.0,1.134856707827358,10.06052390059645,0.0,0.0,0.0,66.65715759451169,0.0,0.0,0.0,3.5535298290667376,23.843003918999294,0.0,0.0
372.0,554.0602023975321,239.9307292258121,30.472725137166133,0.0,0.0,1.1064277279189243,10.060523900595511,0.0,0.0,0.0,66.66115287253214,0.0,0.0,0.0,3.5709404333770345,23.843234788633538,0.0,0.0
373.0,553.9693546530524,240.05332052180637,30.47274547718714,0.0,0.0,1.0784855415635328,10.06052390059445,0.0,0.0,0.0,66.66507970649083,0.0,0.0,0.0,3.5880338095138518,23.84346240651315,0.0,0.0
374.0,553.8786614229153,240.17583759532903,30.47277004641503,0.0,0.0,1.0510184216676133,10.060523900593282,0.0,0.0,0.0,66.66893877692993,0.0,0.0,0.0,3.604815983194282,23.843686815438073,0.0,0.0
375.0,553.7881221607404,240.2982797796704,30.472792209200275,0.0,0.0,1.0240190133317442,10.060523900592,0.0,0.0,0.0,66.67273225494519,0.0,0.0,0.0,3.62129332189913,23.843908080461734,0.0,0.0
376.0,553.6977363356053,240.42064653277822,30.472810287774433,0.0,0.0,0.997479167517334,10.0605239005906,0.0,0.0,0.0,66.6764615853328,0.0,0.0,0.0,3.637471523210131,23.844126227140173,0.0,0.0
377.0,553.6075034311392,240.54293721266484,30.472830692452735,0.0,0.0,0.9713873823672858,10.060523900589082,0.0,0.0,0.0,66.68012731560223,0.0,0.0,0.0,3.6533562913729623,23.844341317557813,0.0,0.0
378.0,553.5174229444026,240.66515134825067,30.47284384174112,0.0,0.0,0.9457383034663339,10.060523900587445,0.0,0.0,0.0,66.68373181257844,0.0,0.0,0.0,3.6689534841392164,23.84455336628803,0.0,0.0
379.0,553.4274943864003,240.78728807177757,30.472861256668136,0.0,0.0,0.9205185539313938,10.060523900585695,0.0,0.0,0.0,66.68727503600434,0.0,0.0,0.0,3.684268727327141,23.84476244928308,0.0,0.0
380.0,553.3377172812217,240.90934678478823,30.47287342095305,0.0,0.0,0.8957233673105679,10.060523900583815,0.0,0.0,0.0,66.69075927739371,0.0,0.0,0.0,3.6993074955939043,23.844968607252415,0.0,0.0
381.0,553.2480911655449,241.03132679404828,30.47288712940835,0.0,0.0,0.8713416722130928,10.060523900581824,0.0,0.0,0.0,66.6941849479412,0.0,0.0,0.0,3.714075151575858,23.845171871815005,0.0,0.0
382.0,553.1586155884039,241.15322738203642,30.472902450506417,0.0,0.0,0.8473651343269881,10.060523900579703,0.0,0.0,0.0,66.69755321963082,0.0,0.0,0.0,3.7285770065931496,23.8453722885054,0.0,0.0
383.0,553.0692901107768,241.2750478261601,30.4729094294671,0.0,0.0,0.8237896989072562,10.060523900577463,0.0,0.0,0.0,66.70086636027821,0.0,0.0,0.0,3.742818217653711,23.845569900497242,0.0,0.0
384.0,552.9801143049624,241.39678737059893,30.472923095324443,0.0,0.0,0.8006010866271743,10.060523900575099,0.0,0.0,0.0,66.70412383997677,0.0,0.0,0.0,3.756804034249318,23.84576475738469,0.0,0.0
385.0,552.8910877545815,241.5184452583905,30.472931362439912,0.0,0.0,0.7777966849305005,10.060523900572612,0.0,0.0,0.0,66.70732808436524,0.0,0.0,0.0,3.770539279375289,23.845956886346553,0.0,0.0
386.0,552.8022100540367,241.64002071097036,30.472945097531362,0.0,0.0,0.7553642117700675,10.060523900569999,0.0,0.0,0.0,66.71047898795204,0.0,0.0,0.0,3.7840289918364873,23.846146337607845,0.0,0.0
387.0,552.7134808082767,241.76151294713208,30.472953780123557,0.0,0.0,0.7333003962976813,10.060523900567265,0.0,0.0,0.0,66.71357880330225,0.0,0.0,0.0,3.797277973362942,23.846333152542368,0.0,0.0
388.0,552.6248996321768,241.88292117284013,30.47295714824836,0.0,0.0,0.7115980279369697,10.060523900564405,0.0,0.0,0.0,66.716628593507,0.0,0.0,0.0,3.810290923841418,23.846517364662347,0.0,0.0
389.0,552.5364661502286,242.00424456176998,30.472963054612283,0.0,0.0,0.6902467956458771,10.06052390056142,0.0,0.0,0.0,66.71962849467815,0.0,0.0,0.0,3.823072422926488,23.84669901549429,0.0,0.0
390.0,552.4481799969259,242.125482308294,30.472968319074095,0.0,0.0,0.6692407426998779,10.060523900558314,0.0,0.0,0.0,66.7225798848767,0.0,0.0,0.0,3.835627101799469,23.846878142786284,0.0,0.0
391.0,552.3600408156868,242.24663358357222,30.47297738836317,0.0,0.0,0.6485709272554386,10.06052390055508,0.0,0.0,0.0,66.72548327796294,0.0,0.0,0.0,3.8479595104183777,23.847054796299147,0.0,0.0
392.0,552.2720482588894,242.36769755567101,30.472978975425626,0.0,0.0,0.6282354266272359,10.060523900551724,0.0,0.0,0.0,66.72834086520838,0.0,0.0,0.0,3.8600738322377763,23.847228998991895,0.0,0.0
393.0,552.1842019872455,242.48867337402953,30.472984869377665,0.0,0.0,0.6082226334009371,10.060523900548242,0.0,0.0,0.0,66.7311522887818,0.0,0.0,0.0,3.8719744525386797,23.847400792395437,0.0,0.0
394.0,552.0965016702858,242.60956019899504,30.472989645115454,0.0,0.0,0.5885280756128292,10.060523900544638,0.0,0.0,0.0,66.73391910435845,0.0,0.0,0.0,3.883665612108503,23.847570220743872,0.0,0.0
395.0,552.0089469852255,242.7303571759284,30.472997865499877,0.0,0.0,0.5691434076972527,10.060523900540913,0.0,0.0,0.0,66.73664172041326,0.0,0.0,0.0,3.8951514732139274,23.847737322814897,0.0,0.0
396.0,551.9215376173704,242.85106344583,30.47299678002413,0.0,0.0,0.5500679815064877,10.060523900537058,0.0,0.0,0.0,66.73932239319365,0.0,0.0,0.0,3.906435811360947,23.847902111090463,0.0,0.0
397.0,551.8342732590164,242.9716781451696,30.472996980055665,0.0,0.0,0.5312908768763432,10.060523900533088,0.0,0.0,0.0,66.74196087400409,0.0,0.0,0.0,3.917522829813609,23.848064641888364,0.0,0.0
398.0,551.7471536104451,243.0922004055235,30.473001838650028,0.0,0.0,0.5128048121479774,10.060523900528993,0.0,0.0,0.0,66.74455761973486,0.0,0.0,0.0,3.9284163446846048,23.84822494364874,0.0,0.0
399.0,551.6601783789869,243.21262937045918,30.47300454438477,0.0,0.0,0.49460641306432945,10.060523900524771,0.0,0.0,0.0,66.74711426648929,0.0,0.0,0.0,3.939120240480282,23.848383061524896,0.0,0.0
400.0,551.5733472784041,243.3329641576126,30.47301202249315,0.0,0.0,0.4766871954394187,10.060523900520439,0.0,0.0,0.0,66.74963084132175,0.0,0.0,0.0,3.949638196187837,23.8485390212024,0.0,0.0
401.0,551.4866600298803,243.45320389932712,30.473010484900968,0.0,0.0,0.45904742381271474,10.060523900515976,0.0,0.0,0.0,66.75210964643152,0.0,0.0,0.0,3.9599736547087545,23.848692839970457,0.0,0.0
402.0,551.4001163599029,243.57334772431568,30.47301168683705,0.0,0.0,0.4416763493284,10.060523900511402,0.0,0.0,0.0,66.75455021068805,0.0,0.0,0.0,3.970130411050471,23.84884456983694,0.0,0.0
403.0,551.3137160020443,243.69339476355063,30.473013002293104,0.0,0.0,0.4245694059168088,10.060523900506702,0.0,0.0,0.0,66.75695362586919,0.0,0.0,0.0,3.980112045948206,23.848994250784607,0.0,0.0
404.0,551.227458695593,243.81334413505448,30.47301334475689,0.0,0.0,0.40772216544011874,10.060523900501886,0.0,0.0,0.0,66.75932070332104,0.0,0.0,0.0,3.989921759694607,23.849141891640194,0.0,0.0
405.0,551.1413441857119,243.9331949714046,30.473014876381516,0.0,0.0,0.3911281670669463,10.060523900496953,0.0,0.0,0.0,66.76165199283137,0.0,0.0,0.0,3.9995630831712927,23.849287540119555,0.0,0.0
406.0,551.0553722234434,244.0529463988928,30.47302162449812,0.0,0.0,0.37478056853135355,10.060523900491905,0.0,0.0,0.0,66.763947781502,0.0,0.0,0.0,4.009039354964579,23.849431230274856,0.0,0.0
407.0,550.9695425659753,244.17259754805016,30.47302015789886,0.0,0.0,0.35868022169058206,10.060523900486736,0.0,0.0,0.0,66.76621022307808,0.0,0.0,0.0,4.018353569813182,23.849572973130975,0.0,0.0
408.0,550.8838549737027,244.2921475563684,30.4730257075822,0.0,0.0,0.34281539646255554,10.060523900481458,0.0,0.0,0.0,66.76843840070595,0.0,0.0,0.0,4.027509215063934,23.849712827560754,0.0,0.0
409.0,550.7983092145972,244.41159554651054,30.473025883434033,0.0,0.0,0.3271868024766295,10.060523900476062,0.0,0.0,0.0,66.77063430898143,0.0,0.0,0.0,4.0365091187406685,23.849850804565698,0.0,0.0
410.0,550.7129050594168,244.5309406998396,30.473027541218098,0.0,0.0,0.3117869115716154,10.060523900470557,0.0,0.0,0.0,66.7727978581051,0.0,0.0,0.0,4.045356391999255,23.849986867940544,0.0,0.0
411.0,550.6276422852416,244.6501820433074,30.47302398989114,0.0,0.0,0.2966140389394235,10.06052390046493,0.0,0.0,0.0,66.77493042057904,0.0,0.0,0.0,4.054053766452741,23.850121207279617,0.0,0.0
412.0,550.5425206724902,244.76931883485292,30.47303030595707,0.0,0.0,0.2816564744709533,10.060523900459192,0.0,0.0,0.0,66.77703109516416,0.0,0.0,0.0,4.062604791462911,23.850253736583817,0.0,0.0
413.0,550.4575400085139,244.88835017824076,30.47303333854992,0.0,0.0,0.2669160091753227,10.060523900453353,0.0,0.0,0.0,66.77910185945429,0.0,0.0,0.0,4.071011834487751,23.850384497018677,0.0,0.0
414.0,550.3727000829064,245.00727521273518,30.473030047327338,0.0,0.0,0.2523899355493477,10.060523900447393,0.0,0.0,0.0,66.78114361036238,0.0,0.0,0.0,4.0792774994402885,23.850513497727736,0.0,0.0
415.0,550.2880006887393,245.1260931258347,30.47303857884617,0.0,0.0,0.23806499863007835,10.060523900441334,0.0,0.0,0.0,66.78315515333975,0.0,0.0,0.0,4.087405315141764,23.850640838197883,0.0,0.0
416.0,550.2034416269678,245.244803037778,30.473038239328403,0.0,0.0,0.22394729114275558,10.06052390043516,0.0,0.0,0.0,66.78513912852998,0.0,0.0,0.0,4.095397057450094,23.850766463170807,0.0,0.0
417.0,550.1190226980756,245.36340413679198,30.473044807125397,0.0,0.0,0.21002499318426684,10.060523900428882,0.0,0.0,0.0,66.78709453793066,0.0,0.0,0.0,4.103256010022949,23.850890454873213,0.0,0.0
418.0,550.0347437098255,245.4818955372812,30.47306731467143,0.0,0.0,0.19628679691312162,10.06052390042249,0.0,0.0,0.0,66.78902141883249,0.0,0.0,0.0,4.110987303691086,23.85101278284363,0.0,0.0
419.0,549.9506044653999,245.67323506925283,30.472034497692032,0.0,0.0,0.0,10.060523900413123,0.0,0.0,0.0,66.8168734836788,0.0,0.0,0.0,4.114038679424147,23.85105492075785,0.0,0.04667668382432392
420.0,549.8665489781197,245.7945206740034,30.441186234261785,0.0,0.0,0.0,10.060523900328276,0.0,0.0,0.0,66.82202781047839,0.0,0.0,0.0,4.117225022279018,23.850774041755386,0.0,0.048751162615775875
421.0,549.7826043518148,245.91566671067764,30.410824193469114,0.0,0.0,0.0,10.06052390024325,0.0,0.0,0.0,66.82709996058318,0.0,0.0,0.0,4.120388746038404,23.850488076573697,0.0,0.050786396600231216
422.0,549.6987703220069,246.03672543887367,30.38076133586542,0.0,0.0,0.0,10.060523900157522,0.0,0.0,0.0,66.8321192277323,0.0,0.0,0.0,4.123503767439883,23.8501959052675,0.0,0.05281448103221479
423.0,549.6150466510862,246.15764683994826,30.351171424732435,0.0,0.0,0.0,10.060523900071331,0.0,0.0,0.0,66.83705703756918,0.0,0.0,0.0,4.126598495530859,23.849898630108257,0.0,0.054804868883371986
424.0,549.531433164846,246.27844260319944,30.3220002646397,0.0,0.0,0.0,10.060523899984634,0.0,0.0,0.0,66.84192276387913,0.0,0.0,0.0,4.129666312022947,23.84959703296117,0.0,0.05676587209004507
425.0,549.4479296717234,246.39912922457202,30.293194128046032,0.0,0.0,0.0,10.0605238998973,0.0,0.0,0.0,66.84672484641689,0.0,0.0,0.0,4.132699801309685,23.849287156309973,0.0,0.05870654640140323
426.0,549.3645359440759,246.51969106572787,30.264791251142103,0.0,0.0,0.0,10.060523899809457,0.0,0.0,0.0,66.85145747549066,0.0,0.0,0.0,4.1357071176833715,23.848972769921055,0.0,0.060619179758297864
427.0,549.2812517966357,246.6401349728081,30.236764412129272,0.0,0.0,0.0,10.060523899721053,0.0,0.0,0.0,66.85612503627839,0.0,0.0,0.0,4.1386854818486025,23.84865243975118,0.0,0.06250793214300873
428.0,549.198077030983,246.76046046947857,30.209109874843687,0.0,0.0,0.0,10.060523899632091,0.0,0.0,0.0,66.8607281712149,0.0,0.0,0.0,4.14163565326125,23.848326107770056,0.0,0.0643728743126857
429.0,549.1150114545072,246.88066722218292,30.181824358004707,0.0,0.0,0.0,10.060523899542568,0.0,0.0,0.0,66.86526744265,0.0,0.0,0.0,4.1445581206363915,23.84799368924106,0.0,0.06621417478593747
430.0,549.0320548793686,247.00075725000673,30.15489160742138,0.0,0.0,0.0,10.060523899452484,0.0,0.0,0.0,66.86974559783337,0.0,0.0,0.0,4.147452909946105,23.84765505845403,0.0,0.0680335119781881
431.0,548.9492071167946,247.12072998650336,30.128309923706098,0.0,0.0,0.0,10.060523899361831,0.0,0.0,0.0,66.87416293567881,0.0,0.0,0.0,4.150320509018454,23.84731013088694,0.0,0.0698308971816607
432.0,548.8664679833473,247.24058408391613,30.102081207975495,0.0,0.0,0.0,10.060523899270619,0.0,0.0,0.0,66.87851914002842,0.0,0.0,0.0,4.153161720861974,23.846958849470035,0.0,0.07160582761915017
433.0,548.783837302106,247.36032089507432,30.076193422726522,0.0,0.0,0.0,10.060523899178841,0.0,0.0,0.0,66.88281626307055,0.0,0.0,0.0,4.155976600485773,23.846601087448935,0.0,0.0733595526262505
434.0,548.7013148963825,247.4799444374228,30.05062145958277,0.0,0.0,0.0,10.06052389908648,0.0,0.0,0.0,66.88705851069146,0.0,0.0,0.0,4.158764415015851,23.846236626098243,0.0,0.07509502864196611
435.0,548.6189005873894,247.5994519851091,30.025373870419287,0.0,0.0,0.0,10.060523898993537,0.0,0.0,0.0,66.8912444820707,0.0,0.0,0.0,4.161526422070911,23.845865456115558,0.0,0.07681085543242966
436.0,548.536594203308,247.71884091826766,30.00046017247634,0.0,0.0,0.0,10.060523898900039,0.0,0.0,0.0,66.89537256978113,0.0,0.0,0.0,4.164263590428638,23.845487552965864,0.0,0.078505676366641
437.0,548.4543955808632,247.83811548878688,29.9758530377027,0.0,0.0,0.0,10.060523898805956,0.0,0.0,0.0,66.89944738539533,0.0,0.0,0.0,4.166975290423307,23.845102692709073,0.0,0.08018262815908625
438.0,548.3723045527986,247.957274340314,29.95155511575194,0.0,0.0,0.0,10.060523898711295,0.0,0.0,0.0,66.90346849346776,0.0,0.0,0.0,4.169662242701991,23.844710823563407,0.0,0.08184115229120072
439.0,548.2903209575045,248.07631694583824,29.92756532847792,0.0,0.0,0.0,10.060523898616058,0.0,0.0,0.0,66.90743607387387,0.0,0.0,0.0,4.172324837034329,23.844311836772444,0.0,0.08348125886340135
440.0,548.2084446372425,248.19524740735451,29.903857181204838,0.0,0.0,0.0,10.060523898520227,0.0,0.0,0.0,66.9113546274832,0.0,0.0,0.0,4.174962478601938,23.843905527610843,0.0,0.0851059557426143
441.0,548.1266754322477,248.3140606219543,29.880453484585658,0.0,0.0,0.0,10.060523898423817,0.0,0.0,0.0,66.91522028222307,0.0,0.0,0.0,4.177576726186368,23.843491906441784,0.0,0.08671230184984166
442.0,548.0450131925236,248.4327584895492,29.857339975669746,0.0,0.0,0.0,10.060523898326831,0.0,0.0,0.0,66.91903546043163,0.0,0.0,0.0,4.18016754269982,23.843070846388926,0.0,0.08830179320060283
443.0,547.9634577679462,248.55134321061766,29.83450034578971,0.0,0.0,0.0,10.060523898229238,0.0,0.0,0.0,66.92280292264108,0.0,0.0,0.0,4.182734743618454,23.842642154137376,0.0,0.0898762523359397
444.0,547.8820090093614,248.669812687407,29.811942852923625,0.0,0.0,0.0,10.060523898131068,0.0,0.0,0.0,66.9265212890008,0.0,0.0,0.0,4.185278953832356,23.8422057791405,0.0,0.09143459591674512
445.0,547.800666773086,248.78817066770338,29.78964160638394,0.0,0.0,0.0,10.060523898032288,0.0,0.0,0.0,66.93019491341613,0.0,0.0,0.0,4.187799992096686,23.841761509619705,0.0,0.0929796305414652
446.0,547.7194309141685,248.90641150810978,29.767625987501614,0.0,0.0,0.0,10.060523897932931,0.0,0.0,0.0,66.93381886112793,0.0,0.0,0.0,4.190298895363627,23.84130938140498,0.0,0.09450792816135879
447.0,547.6383012961847,249.02453753275455,29.74587758005079,0.0,0.0,0.0,10.060523897832956,0.0,0.0,0.0,66.93739616854991,0.0,0.0,0.0,4.192775825674736,23.840849172977702,0.0,0.09602144573598852
448.0,547.5572777831305,249.14255424844026,29.724359406350576,0.0,0.0,0.0,10.060523897732404,0.0,0.0,0.0,66.94093327469301,0.0,0.0,0.0,4.195230352441487,23.840380713896902,0.0,0.09752401509719268
449.0,547.4763602377631,249.2604556027407,29.703105966029113,0.0,0.0,0.0,10.060523897631242,0.0,0.0,0.0,66.9444241807419,0.0,0.0,0.0,4.197663295563971,23.839903955071684,0.0,0.09901198254988401
450.0,547.395548529762,249.37824213236473,29.682109723308248,0.0,0.0,0.0,10.060523897529475,0.0,0.0,0.0,66.9478702177588,0.0,0.0,0.0,4.2000749184141615,23.83941876949325,0.0,0.10048603537612961
451.0,547.3148425315142,249.49591647887334,29.66135025557283,0.0,0.0,0.0,10.060523897427101,0.0,0.0,0.0,66.95127484021032,0.0,0.0,0.0,4.202465397410843,23.838925014910597,0.0,0.1019481811946374
452.0,547.2342421158083,249.61347600000047,29.640840776610375,0.0,0.0,0.0,10.060523897324128,0.0,0.0,0.0,66.9546358179502,0.0,0.0,0.0,4.204835125691652,23.838422581576754,0.0,0.1033970182859858
453.0,547.1537471601359,249.7309241851064,29.620557198457398,0.0,0.0,0.0,10.060523897220534,0.0,0.0,0.0,66.95795723395472,0.0,0.0,0.0,4.207183936631674,23.837911266703117,0.0,0.10483511298794361
454.0,547.0733575419837,249.8482577899838,29.60051492180975,9.199859475143377e-16,0.0,0.0,10.060523897116335,0.0,0.0,0.0,66.9612364788076,0.0,0.0,0.0,4.2095125672646665,23.837391027818885,0.0,0.10626064212018521
455.0,546.9930731435957,249.96547819386942,29.580702222745643,1.5464078726349413e-13,0.0,0.0,10.060523897011526,0.0,0.0,0.0,66.96447556785587,0.0,0.0,0.0,4.211821098862264,23.836861700766566,0.0,0.10767482955667454
456.0,546.9128938490004,249.926803391071,28.29628943415886,1.6871479870728676,0.0,0.0,10.060523897103792,0.0,0.0,0.0,66.78929138572792,0.0,0.0,0.0,4.210485457729289,23.837158902812767,0.0,0.22479003170348769
457.0,546.832671160949,249.94407822746828,27.465528781512603,2.7690104255367953,0.0,0.0,10.060523897125409,0.0,0.0,0.0,66.67812560086904,0.0,0.0,0.0,4.210455449233933,23.837158741088768,0.0,0.30040091663866814
458.0,546.7524583372063,249.96133568648196,26.634791237466228,3.8508714194019023,0.0,0.0,10.06052389714699,0.0,0.0,0.0,66.56695621720034,0.0,0.0,0.0,4.210425017390545,23.837158623885166,0.0,0.3760096638128
459.0,546.6722553795032,249.97861340122145,25.804349320217202,4.932347229603248,0.0,0.0,10.06052389716852,0.0,0.0,0.0,66.45582632105469,0.0,0.0,0.0,4.21039552311607,23.83715842141416,0.0,0.451591220067849
460.0,546.5920623107143,249.9958867292717,24.973989454988818,6.013715820986561,0.0,0.0,10.060523897190048,0.0,0.0,0.0,66.34470749825833,0.0,0.0,0.0,4.210365952009967,23.837158228958504,0.0,0.527165342562154
461.0,546.5118791274637,250.01315734172107,24.14372601175654,7.094958382873673,0.0,0.0,10.060523897211576,0.0,0.0,0.0,66.23360168982151,0.0,0.0,0.0,4.210336374301407,23.8371580360088,0.0,0.6027307045528877
462.0,546.4317058282126,250.0304255794927,23.313565331607965,8.176068649398989,0.0,0.0,10.060523897233098,0.0,0.0,0.0,66.12250928365792,0.0,0.0,0.0,4.210306787199367,23.83715784215896,0.0,0.6782867167888563
463.0,546.3515424120397,250.04769449441244,22.483538319375327,9.257009002185372,0.0,0.0,10.060523897254612,0.0,0.0,0.0,66.01143380976134,0.0,0.0,0.0,4.210277281317855,23.837157639916587,0.0,0.753830520089292
464.0,546.2713888812264,250.06495392368103,21.653536351329603,10.337908450034055,0.0,0.0,10.06052389727613,0.0,0.0,0.0,65.90036359983303,0.0,0.0,0.0,4.210247652202085,23.837157469378216,0.0,0.8293721284929374
465.0,546.1912452271382,250.08221306559548,20.82366207985879,11.41864733215276,0.0,0.0,10.060523897297646,0.0,0.0,0.0,65.78930916931012,0.0,0.0,0.0,4.21021801008439,23.837157281075903,0.0,0.9049021087825028
466.0,546.1111114513482,250.0994812876954,19.994009598432587,12.499111584263384,0.0,0.0,10.060523897319143,0.0,0.0,0.0,65.67828112420777,0.0,0.0,0.0,4.2101886316614,23.83715705568959,0.0,0.9804117531698112
467.0,546.0309875635949,250.1167353781057,19.164334026677686,13.579592469498268,0.0,0.0,10.060523897340653,0.0,0.0,0.0,65.5672531016274,0.0,0.0,0.0,4.210158912856468,23.837156861407603,0.0,1.0559236941610244
468.0,545.9508735514715,250.13398738670202,18.334763465389592,14.659937900244763,0.0,0.0,10.06052389736215,0.0,0.0,0.0,65.45623884174117,0.0,0.0,0.0,4.210129274609458,23.8371566766514,0.0,1.131426041273109
469.0,545.870769414317,250.15123223524725,17.505246359171302,15.740209733019581,0.0,0.0,10.06052389738365,0.0,0.0,0.0,65.34523265607444,0.0,0.0,0.0,4.210099625474781,23.837156510425487,0.0,1.2069235454028049
470.0,545.7906751478396,250.1684782343467,16.675867882524578,16.8203061870313,0.0,0.0,10.060523897405147,0.0,0.0,0.0,65.23424383128814,0.0,0.0,0.0,4.210070013530672,23.837156334441822,0.0,1.2824084033700782
471.0,545.7105907540873,250.1857241118216,15.84661252537014,17.900244733236224,0.0,0.0,10.060523897426638,0.0,0.0,0.0,65.12327092860183,0.0,0.0,0.0,4.21004043970565,23.83715615108507,0.0,1.3578820399110751
472.0,545.6305162336297,250.20296910193645,15.01747081522954,18.980036120897935,0.0,0.0,10.060523897448121,0.0,0.0,0.0,65.01231304384865,0.0,0.0,0.0,4.210010844344585,23.83715596465585,0.0,1.4333453460244556
473.0,545.5504515862857,250.22022826952247,14.188563289830302,20.05952114948243,0.0,0.0,10.06052389746959,0.0,0.0,0.0,64.90138668304236,0.0,0.0,0.0,4.209981494062611,23.837155767976935,0.0,1.5087872952096313
474.0,545.4703968194448,250.23746487588474,13.359610870059663,21.139077581472417,0.0,0.0,10.060523897491079,0.0,0.0,0.0,64.79045153335554,0.0,0.0,0.0,4.209951742710998,23.8371555504274,0.0,1.5842333934234882
475.0,545.3903519216133,250.25469755172892,12.530718184701469,22.218539991996884,0.0,0.0,10.060523897512553,0.0,0.0,0.0,64.67952816679257,0.0,0.0,0.0,4.209921912366965,23.837155332333896,0.0,1.6596742014073427
476.0,545.3103168913601,250.27192368240594,11.7019004687112,23.297909893294133,0.0,0.0,10.060523897534027,0.0,0.0,0.0,64.56861351869917,0.0,0.0,0.0,4.209892443828434,23.837155213313533,0.0,1.7351079464114987
477.0,545.2302917243311,250.28915768708376,10.87327236947272,24.3770364884306,0.0,0.0,10.060523897555493,0.0,0.0,0.0,64.45772342623766,0.0,0.0,0.0,4.209862813008443,23.837155014394174,0.0,1.8105245539726507
478.0,545.1502764252252,250.30638874109405,10.04473622367178,25.456041123337737,0.0,0.0,10.060523897576958,0.0,0.0,0.0,64.34684617457458,0.0,0.0,0.0,4.209833209119205,23.837154836393726,0.0,1.8859327844237643
479.0,545.0702709927531,250.32362827646395,9.216394363116345,26.534795752269922,0.0,0.0,10.060523897598411,0.0,0.0,0.0,64.23599423154114,0.0,0.0,0.0,4.209803595075024,23.837154588493494,0.0,1.9613233841832665
480.0,544.9902754315008,250.34084654967523,8.387993863442704,27.613624909626598,0.0,0.0,10.060523897619872,0.0,0.0,0.0,64.12513485684778,0.0,0.0,0.0,4.209774030513561,23.8371544570304,0.0,2.036719224081975
481.0,544.910289729909,250.35807129611376,7.559766116281238,28.692229250820294,0.0,0.0,10.060523897641332,0.0,0.0,0.0,64.01429859022947,0.0,0.0,0.0,4.209744404362995,23.8371542731187,0.0,2.112099417060042
482.0,544.8303138915783,250.3752970259439,6.731670376471057,29.7706645937374,0.0,0.0,10.060523897662772,0.0,0.0,0.0,63.90347929138023,0.0,0.0,0.0,4.20971477384018,23.837154068790923,0.0,2.187467606987614
483.0,544.7503479169173,250.39252768204085,5.903737023072612,30.848888050020292,0.0,0.0,10.060523897684211,0.0,0.0,0.0,63.792681824689225,0.0,0.0,0.0,4.209685413285644,23.83715385449615,0.0,2.2628209251041587
484.0,544.6703918109487,250.40973878862516,5.075756090332616,31.927172330068206,0.0,0.0,10.06052389770566,0.0,0.0,0.0,63.681878285367475,0.0,0.0,0.0,4.209655653226665,23.837153700508033,0.0,2.338178703665174
485.0,544.5904455600786,250.42695648719803,4.247953070962513,33.005225914003,0.0,0.0,10.060523897727101,0.0,0.0,0.0,63.57109831703498,0.0,0.0,0.0,4.209626111083766,23.83715350835064,0.0,2.4135202333419965
486.0,544.5105091704031,250.4441678105048,3.420218030283253,34.083192420591054,0.0,0.0,10.060523897748535,0.0,0.0,0.0,63.46032710573659,0.0,0.0,0.0,4.209596463199176,23.83715333433064,0.0,2.488855605390287
487.0,544.4305826375532,250.46141773741107,2.592936929765396,35.160569310722,0.0,0.0,10.060523897770064,0.0,0.0,0.0,63.349615703298696,0.0,0.0,0.0,4.209567879958999,23.83715289336735,0.0,2.5641494649838843
488.0,544.350666090319,250.4785902426803,1.7651094612240616,36.23865480961236,0.0,0.0,10.060523897791391,0.0,0.0,0.0,63.23883305917359,0.0,0.0,0.0,4.2095373938331,23.83715295044753,0.0,2.6394934046698335
489.0,544.2707592745884,250.4958426658705,0.9381044733588398,37.31567131455439,0.0,0.0,10.060523897812391,0.0,0.0,0.0,63.128158832646776,0.0,0.0,0.0,4.209509056692298,23.837152504798286,0.0,2.714761254847335
490.0,544.1908624404947,250.51337468118632,0.11358807762064647,38.38944681692869,0.0,0.0,10.060523897833766,0.0,0.0,0.0,63.017818357529826,0.0,0.0,0.0,4.2094875432822105,23.837150556485458,0.0,2.78980258002363
491.0,544.1109756581781,250.61381656051154,0.0003140327969477359,38.53679583800007,0.0,0.0,10.060523897753695,0.0,0.0,0.0,63.00267719615623,0.0,0.0,0.0,4.2115192295774815,23.836681868342044,0.0,2.7996342796389846
492.0,544.0311705660042,250.72739305943176,0.00010190000858738166,38.53687394088536,0.0,0.0,10.060523897657092,0.0,0.0,0.0,63.002669525844205,0.0,0.0,0.0,4.2138580914090396,23.83613019023749,0.0,2.7991108227536934
493.0,543.9514583039095,250.84092171195735,0.0,38.53680796311152,0.0,0.0,10.060523897559923,0.0,0.0,0.0,63.00267661942203,0.0,0.0,0.0,4.216177060844376,23.83556853344706,0.0,2.798588853735466
494.0,543.8718386371424,250.9544038745323,0.0,38.53660868614467,0.0,0.0,10.060523897462252,0.0,0.0,0.0,63.00269741549786,0.0,0.0,0.0,4.218475349923334,23.834996993238654,0.0,2.798069354471686
495.0,543.7923113050254,251.06782575211278,0.0,38.53640876409113,0.0,0.0,10.060523897364057,0.0,0.0,0.0,63.002718283873286,0.0,0.0,0.0,4.220753547633003,23.83441538053584,0.0,2.7975614600877483
496.0,543.7128760550828,251.18118700098654,0.0,38.53620819362313,0.0,0.0,10.060523897265337,0.0,0.0,0.0,63.00273922491219,0.0,0.0,0.0,4.223011935113347,23.833823537291664,0.0,2.797065139719649
497.0,543.6335326376903,251.2944874745284,0.0,38.536006983580876,0.0,0.0,10.060523897166101,0.0,0.0,0.0,63.002760237661526,0.0,0.0,0.0,4.225250711632415,23.83322131438751,0.0,2.796580389526534
498.0,543.5542808041345,251.40772691405786,0.0,38.535805136068795,0.0,0.0,10.060523897066345,0.0,0.0,0.0,63.002781321890936,0.0,0.0,0.0,4.227470121857818,23.832608553000533,0.0,2.7961071929922765
499.0,543.4751203078383,251.52090495454925,0.0,38.53560264400135,0.0,0.0,10.060523896966055,0.0,0.0,0.0,63.00280247837241,0.0,0.0,0.0,4.229670456374005,23.83198508579002,0.0,2.795645519588566
500.0,543.3960509055389,251.63402143421203,0.0,38.535399514911056,0.0,0.0,10.06052389686525,0.0,0.0,0.0,63.00282370628658,0.0,0.0,0.0,4.231851918725356,23.831350754144,0.0,2.795195368266449
501.0,543.3170723552538,251.74707613826766,0.0,38.535195752380424,0.0,0.0,10.060523896763913,0.0,0.0,0.0,63.00284500524032,0.0,0.0,0.0,4.234014734643737,23.830705393403516,0.0,2.794756732244186
502.0,543.2381844169095,251.86006873654267,0.0,38.53499134835119,0.0,0.0,10.06052389666205,0.0,0.0,0.0,63.002866376117524,0.0,0.0,0.0,4.236159181937477,23.83004883042681,0.0,2.7943295879964856
503.0,543.1593868536224,251.97299911066452,0.0,38.53478631360275,0.0,0.0,10.060523896559657,0.0,0.0,0.0,63.002887817736124,0.0,0.0,0.0,4.238285443579355,23.82938090003467,0.0,2.7939139455194035
504.0,543.0806794295498,252.08586725179677,0.0,38.53458067199224,0.0,0.0,10.060523896456733,0.0,0.0,0.0,63.00290932746606,0.0,0.0,0.0,4.240393650303958,23.828701438150798,0.0,2.7935098354244294
505.0,543.002061908811,252.1986724333962,0.0,38.53437436855017,0.0,0.0,10.060523896353272,0.0,0.0,0.0,63.00293091136154,0.0,0.0,0.0,4.242484267711165,23.82801024622137,0.0,2.7931171702497033
506.0,542.9235340631526,252.31141475069782,0.0,38.53416743489771,0.0,0.0,10.06052389624928,0.0,0.0,0.0,63.00295256594335,0.0,0.0,0.0,4.244557379336006,23.82730716039921,0.0,2.7927359986945417
507.0,542.8450956632911,252.4240938478574,0.0,38.53395985081051,0.0,0.0,10.06052389614475,0.0,0.0,0.0,63.002974293449064,0.0,0.0,0.0,4.246613282372319,23.826591994848204,0.0,2.792366293797299
508.0,542.7667464837903,252.5367098573049,0.0,38.53375165595834,0.0,0.0,10.060523896039685,0.0,0.0,0.0,63.002996089494246,0.0,0.0,0.0,4.248652038334513,23.8258645790032,0.0,2.7920081168650244
509.0,542.6884862979173,252.6492624392949,0.0,38.53354283022665,0.0,0.0,10.060523895934077,0.0,0.0,0.0,63.00301795630297,0.0,0.0,0.0,4.250673938691982,23.82512472182474,0.0,2.7916614453980935
510.0,542.6103148827807,252.76175147663744,0.0,38.53333338075608,0.0,0.0,10.060523895827933,0.0,0.0,0.0,63.003039893085,0.0,0.0,0.0,4.252679166823952,23.824372237577037,0.0,2.791326298122568
511.0,542.532232017002,252.87417678152647,0.0,38.533123303531674,0.0,0.0,10.060523895721246,0.0,0.0,0.0,63.00306190028684,0.0,0.0,0.0,4.254667942489749,23.823606935726698,0.0,2.7910026808868262
512.0,542.4542374815491,252.98653818719762,0.0,38.532912596184644,0.0,0.0,10.060523895614013,0.0,0.0,0.0,63.003083978172796,0.0,0.0,0.0,4.256640476061308,23.822828623922057,0.0,2.790690603982992
513.0,542.3763310595734,253.0988356197506,0.0,38.53270126923704,0.0,0.0,10.060523895506234,0.0,0.0,0.0,63.00310612557616,0.0,0.0,0.0,4.258596931059722,23.822037108868997,0.0,2.7903900973614877
514.0,542.2985125354767,253.21106885036193,0.0,38.532489307063386,0.0,0.0,10.060523895397917,0.0,0.0,0.0,63.0031283442359,0.0,0.0,0.0,4.260537552932423,23.821232192031797,0.0,2.7901011591422167
515.0,542.2207816966567,253.3232378845915,0.0,38.53227673164252,0.0,0.0,10.060523895289045,0.0,0.0,0.0,63.00315063170835,0.0,0.0,0.0,4.262462463934457,23.820413674537672,0.0,2.789823838899848
516.0,542.143138331045,253.435342474951,0.0,38.53206352327101,0.0,0.0,10.060523895179621,0.0,0.0,0.0,63.003172990192596,0.0,0.0,0.0,4.2643719311115555,23.819581360782127,0.0,2.789558122746491
517.0,542.0655822297289,253.5473826138396,0.0,38.53184970259899,0.0,0.0,10.06052389506965,0.0,0.0,0.0,63.00319541739159,0.0,0.0,0.0,4.266266089008124,23.818735050792814,0.0,2.789304054856659
518.0,541.9881131844776,253.65935880342533,0.0,38.53163523712613,0.0,0.0,10.060523894959111,0.0,0.0,0.0,63.00321791673943,0.0,0.0,0.0,4.268144559403387,23.81787424236186,0.0,2.7890620698180135
519.0,541.9107309891881,253.77126989915703,0.0,38.531420118930626,0.0,0.0,10.060523894848021,0.0,0.0,0.0,63.00324048928988,0.0,0.0,0.0,4.270008519904829,23.81699915856497,0.0,2.7888315227270413
520.0,541.8334354404511,253.88311465042716,0.0,38.53120460002242,0.0,0.0,10.060523894736436,0.0,0.0,0.0,63.003263107956975,0.0,0.0,0.0,4.271858875771877,23.816110286073503,0.0,2.7886117521969034
521.0,541.7562263365473,253.99489726299942,0.0,38.530988070433885,0.0,0.0,10.060523894624188,0.0,0.0,0.0,63.00328583809841,0.0,0.0,0.0,4.273692775904075,23.815205057157097,0.0,2.788405383253522
522.0,541.6791034763768,254.10661354913873,0.0,38.530771104953715,0.0,0.0,10.060523894511435,0.0,0.0,0.0,63.00330861810586,0.0,0.0,0.0,4.275513270046443,23.814285543980237,0.0,2.7882099590982996
523.0,541.6020666618095,254.21826390535574,0.0,38.53055381855801,0.0,0.0,10.060523894398179,0.0,0.0,0.0,63.00333143523625,0.0,0.0,0.0,4.277319651092839,23.81335156742591,0.0,2.788025899732357
524.0,541.5251156960732,254.32985140379193,0.0,38.530335486561846,0.0,0.0,10.060523894284257,0.0,0.0,0.0,63.00335436799722,0.0,0.0,0.0,4.279111068134931,23.81240052498657,0.0,2.7878549147654734
525.0,541.4482503834927,254.44137205867753,0.0,38.530116758482244,0.0,0.0,10.060523894169835,0.0,0.0,0.0,63.00337734647119,0.0,0.0,0.0,4.280889835613546,23.811434733693837,0.0,2.7876948027214885
526.0,541.3714705311321,254.55282817540646,0.0,38.52989731547062,0.0,0.0,10.060523894054839,0.0,0.0,0.0,63.00340040438186,0.0,0.0,0.0,4.282654140685667,23.81045282714402,0.0,2.787547051171376
527.0,541.2947759471032,254.66422003702797,0.0,38.52967727666568,0.0,0.0,10.060523893939253,0.0,0.0,0.0,63.00342352890928,0.0,0.0,0.0,4.284404015616348,23.80945421411723,0.0,2.7874119476225525
528.0,541.2181664408838,254.77554635269698,0.0,38.52945659489661,0.0,0.0,10.06052389382309,0.0,0.0,0.0,63.003446726392,0.0,0.0,0.0,4.286141662902182,23.808439416219954,0.0,2.787288220851888
529.0,541.1416418245386,254.8868057526148,0.0,38.52923548956365,0.0,0.0,10.060523893706442,0.0,0.0,0.0,63.003469971152484,0.0,0.0,0.0,4.287865272929512,23.807408973208716,0.0,2.78717654127558
530.0,541.0652019110536,255.42429309282213,0.0,38.53008123897273,0.0,0.0,10.060523893848607,0.0,0.0,0.0,63.003380399745765,0.0,0.0,0.0,4.284892474287441,23.311431878577036,0.11748029613251208,2.89669566011524
531.0,540.9887418956566,255.73499533065055,0.0,38.53035786163919,0.0,0.0,10.060523893853215,0.0,0.0,0.0,63.0033510135733,0.0,0.0,0.0,4.2844180433181895,23.07875968269612,0.17246286889273427,2.94789235146459
532.0,540.9123174477173,256.04555365668483,0.0,38.530633471681234,0.0,0.0,10.060523893857791,0.0,0.0,0.0,63.003321738001915,0.0,0.0,0.0,4.283943771094423,22.84619489232008,0.22741995709733095,2.999065201649149
533.0,540.8359285119716,256.35596645060514,0.0,38.530907685176096,0.0,0.0,10.060523893862285,0.0,0.0,0.0,63.00329260551193,0.0,0.0,0.0,4.283469854037309,22.613739675261986,0.28235134509942644,3.0502140652066476
534.0,540.7595750333686,256.66623604580553,0.0,38.5312009209507,0.0,0.0,10.060523893867494,0.0,0.0,0.0,63.00326146899106,0.0,0.0,0.0,4.282996077362671,22.381389717490798,0.3372577612407628,3.1013408482108176
535.0,540.683256586327,256.97636158698714,0.0,38.5315265184349,0.0,0.0,10.060523893873793,0.0,0.0,0.0,63.003226918332274,0.0,0.0,0.0,4.2825224717372725,22.14914620731844,0.392139023216103,3.1524463632963586
536.0,540.606972494299,257.2863534716447,0.0,38.531723485917894,0.0,0.0,10.06052389387603,0.0,0.0,0.0,63.00320594243723,0.0,0.0,0.0,4.282049371386969,21.917010564599053,0.44699504678900126,3.2035199786805557
537.0,540.530725058766,257.59619374260245,0.0,38.53199357762824,0.0,0.0,10.060523893880926,0.0,0.0,0.0,63.00317732274095,0.0,0.0,0.0,4.28157621114613,21.684983214062925,0.5018249951128575,3.2545739593669456
538.0,540.4545128611868,257.90589027978,0.0,38.532262416609115,0.0,0.0,10.060523893885211,0.0,0.0,0.0,63.00314870006613,0.0,0.0,0.0,4.281103357191239,21.453063778910277,0.5566296884112992,3.305604393687985
539.0,540.3783358478586,258.2154444241504,0.0,38.532529927165314,0.0,0.0,10.060523893889782,0.0,0.0,0.0,63.00312028275832,0.0,0.0,0.0,4.280630730229807,21.22125138958082,0.6114090700317626,3.356611156734973
540.0,540.3021939644008,258.52485499254954,0.0,38.53279623882045,0.0,0.0,10.060523893894329,0.0,0.0,0.0,63.00309199388792,0.0,0.0,0.0,4.280158048269556,20.989546073243936,0.6661633692787655,3.407594338749284
541.0,540.2260871567397,258.83412375276407,0.0,38.53306157497872,0.0,0.0,10.060523893898905,0.0,0.0,0.0,63.00306380879348,0.0,0.0,0.0,4.279686232015175,20.757946668855237,0.7208923796911418,3.4585541650559946
542.0,540.1500153707282,259.14325087583495,0.0,38.53332594285174,0.0,0.0,10.060523893903554,0.0,0.0,0.0,63.00303572928711,0.0,0.0,0.0,4.279214341023244,20.526453227063612,0.7755962379569247,3.5094903567494753
543.0,540.0739785530469,259.45227013595985,0.0,38.53320689297649,0.0,0.0,10.060523893898466,0.0,0.0,0.0,63.00304811154592,0.0,0.0,0.0,4.278740722310288,20.29506106295135,0.8302763296014116,3.560378469085419
544.0,539.9979766499039,259.7611037885256,0.0,38.53374423877175,0.0,0.0,10.060523893911363,0.0,0.0,0.0,63.00299120911274,0.0,0.0,0.0,4.2782710293947845,20.063786119154983,0.8849287141128325,3.611292602166559
545.0,539.9220096080332,260.0697801831742,0.0,38.53411213642736,0.0,0.0,10.060523893918871,0.0,0.0,0.0,63.00295222527037,0.0,0.0,0.0,4.277799753296076,19.83261148393798,0.9395574043467215,3.6621582511549398
546.0,539.8460773739994,260.3783396999853,0.0,38.534371998385346,0.0,0.0,10.060523893921893,0.0,0.0,0.0,63.002924618764666,0.0,0.0,0.0,4.277328815241898,19.60154349627325,0.9941611209932286,3.713000842899975
547.0,539.7701798948812,260.68675990689,0.0,38.534631119847816,0.0,0.0,10.060523893927257,0.0,0.0,0.0,63.002897132062465,0.0,0.0,0.0,4.276857850800673,19.37057937110996,1.0487398728213617,3.7638200633292347
548.0,539.6943171164703,260.99502971665726,0.0,38.53488906972542,0.0,0.0,10.060523893931338,0.0,0.0,0.0,63.002869703580245,0.0,0.0,0.0,4.276387420851298,19.139730978867277,1.1032914119642607,3.814613849706967
549.0,539.6184889899812,261.3031760486084,0.0,38.53514560894113,0.0,0.0,10.060523893935995,0.0,0.0,0.0,63.00284248091767,0.0,0.0,0.0,4.27591686250873,18.90896848158159,1.1578227035163673,3.8653887640377707
550.0,539.542695458331,261.6111730458343,0.0,38.535401713197544,0.0,0.0,10.060523893940722,0.0,0.0,0.0,63.00281526107909,0.0,0.0,0.0,4.275446706035567,18.678321056256063,1.2123267495423713,3.916138171961829
551.0,539.4669364701132,261.9190219580451,0.0,38.53565632737303,0.0,0.0,10.060523893945295,0.0,0.0,0.0,63.00278821484144,0.0,0.0,0.0,4.274976948735344,18.44778807707809,1.2668038605892107,3.9668624049717622
552.0,539.3912119750902,262.2267393831916,0.0,38.53591000341792,0.0,0.0,10.06052389394996,0.0,0.0,0.0,63.00276127313767,0.0,0.0,0.0,4.274507230893232,18.217349886033674,1.3212585148414309,4.017565672023493
553.0,539.3155219190813,262.53431803683304,0.0,38.53616265032051,0.0,0.0,10.060523893954635,0.0,0.0,0.0,63.00273444105526,0.0,0.0,0.0,4.274037718219856,17.9870151219568,1.3756887329589427,4.068246099900948
554.0,539.239866249884,262.8417570573928,0.0,38.53641427268866,0.0,0.0,10.060523893959308,0.0,0.0,0.0,63.00270771811251,0.0,0.0,0.0,4.273568429826115,17.756784882236165,1.4300942518386448,4.118903442571024
555.0,539.1642449156404,263.1490526287826,0.0,38.536664866106754,0.0,0.0,10.060523893963987,0.0,0.0,0.0,63.002681104762075,0.0,0.0,0.0,4.273099394171963,17.526663742172396,1.4844739979440753,4.169536682651235
556.0,539.0886578651157,263.4562128362403,0.0,38.53691445903346,0.0,0.0,10.060523893968673,0.0,0.0,0.0,63.00265459800337,0.0,0.0,0.0,4.2726305436596155,17.296642325194462,1.5388301706110596,4.22014791066461
557.0,539.0131050460697,263.7632336259555,0.0,38.537163044576594,0.0,0.0,10.060523893973372,0.0,0.0,0.0,63.00262819859234,0.0,0.0,0.0,4.27216195500116,17.0667253961891,1.5931616339323575,4.270736059901723
558.0,538.9375864071895,264.07011544134025,0.0,38.537410621000426,0.0,0.0,10.060523893978061,0.0,0.0,0.0,63.00260190661479,0.0,0.0,0.0,4.27169352441608,16.836912649663404,1.6474685136034963,4.321301204370013
559.0,538.8621018969252,264.37685804137584,0.0,38.53765721511586,0.0,0.0,10.060523893982772,0.0,0.0,0.0,63.00257571924066,0.0,0.0,0.0,4.2712253991912785,16.607204321464433,1.7017506734214218,4.371843289324869
560.0,538.7866514642596,264.6834634593917,0.0,38.537902797233706,0.0,0.0,10.060523893987476,0.0,0.0,0.0,63.002549639759046,0.0,0.0,0.0,4.270757380836284,16.377598278301626,1.7560087173977132,4.422362788039846
561.0,538.7112350578715,264.98992847194467,0.0,38.53814739721913,0.0,0.0,10.06052389399219,0.0,0.0,0.0,63.002523665160446,0.0,0.0,0.0,4.2702896664891234,16.14809789042862,1.8102417636945118,4.472858948975845
562.0,538.6358526272037,265.29625751443655,0.0,38.53839102389419,0.0,0.0,10.06052389399691,0.0,0.0,0.0,63.0024977939801,0.0,0.0,0.0,4.269822129275167,15.918698967158454,1.8644508395675357,4.523332709474874
563.0,538.5605041211422,265.60245109401734,0.0,38.53863368642828,0.0,0.0,10.060523894001609,0.0,0.0,0.0,63.00247202495081,0.0,0.0,0.0,4.269354789383501,15.689400239139975,1.9186362266982486,4.573784355571813
564.0,538.4851894885135,265.9085010080389,0.0,38.5388753385844,0.0,0.0,10.06052389400685,0.0,0.0,0.0,63.0024463653065,0.0,0.0,0.0,4.26888769712547,15.460211966936754,1.9727955713264158,4.62421157565477
565.0,538.4099086800785,266.21441755242114,0.0,38.53911607174979,0.0,0.0,10.06052389401088,0.0,0.0,0.0,63.00242080108038,0.0,0.0,0.0,4.268420900612182,15.231121555573102,2.026931672724002,4.674617226849209
566.0,538.3346616445945,266.52019582273556,0.0,38.5393558179866,0.0,0.0,10.060523894015835,0.0,0.0,0.0,63.00239534320565,0.0,0.0,0.0,4.26795421982675,15.002135192789735,2.0810432831806436,4.72499987741946
567.0,538.2594483320481,266.8258374688444,0.0,38.53959461524267,0.0,0.0,10.06052389402058,0.0,0.0,0.0,63.00236998634286,0.0,0.0,0.0,4.267487788360711,14.77325096632069,2.135130729018134,4.775359981887922
568.0,538.1842686922589,267.13134368605847,0.0,38.53983247615728,0.0,0.0,10.060523894025286,0.0,0.0,0.0,63.00234472942439,0.0,0.0,0.0,4.267021525997428,14.544467182376257,2.1891944444654587,4.825697899463387
569.0,538.1091226749359,267.4367142398081,0.0,38.54006937487747,0.0,0.0,10.0605238940301,0.0,0.0,0.0,63.00231957491799,0.0,0.0,0.0,4.266555506518697,14.315785133331067,2.2432341124222677,4.876013383340988
570.0,538.0340102301418,267.74194341255895,0.0,38.540305297736886,0.0,0.0,10.060523894034878,0.0,0.0,0.0,63.002294523889816,0.0,0.0,0.0,4.2660897760029295,14.087210798265895,2.297248342444233,4.926305072995723
571.0,537.9589313091095,268.04704107703037,0.0,38.54054034559003,0.0,0.0,10.06052389403965,0.0,0.0,0.0,63.00226956650271,0.0,0.0,0.0,4.265624153377667,13.858733403672971,2.351239662730833,4.976575326324973
572.0,537.8838858614677,268.35200192578156,0.0,38.54077446747691,0.0,0.0,10.060523894044358,0.0,0.0,0.0,63.00224470801574,0.0,0.0,0.0,4.265158846768084,13.630357982688237,2.405206804893348,5.0268231045382565
573.0,537.8088738378003,268.6568262479043,0.0,38.541007622267834,0.0,0.0,10.060523894049169,0.0,0.0,0.0,63.00221995179562,0.0,0.0,0.0,4.2646936638390285,13.402085967641002,2.4591496290657364,5.077048013729446
574.0,537.7338951891078,268.96151744991766,0.0,38.541239865018255,0.0,0.0,10.060523894053924,0.0,0.0,0.0,63.002195292980765,0.0,0.0,0.0,4.264228728220053,13.17391224735399,2.513069159642426,5.127251261425869
575.0,537.6589498656897,269.26607076489677,0.0,38.541471218047406,0.0,0.0,10.06052389405874,0.0,0.0,0.0,63.00217072891596,0.0,0.0,0.0,4.263763982883157,12.94584279446924,2.5669640899274238,5.177431440207205
576.0,537.584037819009,269.570488933914,0.0,38.54170159947242,0.0,0.0,10.06052389406354,0.0,0.0,0.0,63.00214626897481,0.0,0.0,0.0,4.263299505712062,12.717874550192313,2.6208350885472127,5.227589319075969
577.0,537.5091590001465,269.87477355749036,0.0,38.54193116152607,0.0,0.0,10.060523894068345,0.0,0.0,0.0,63.002121895523125,0.0,0.0,0.0,4.262835220050041,12.490005587147046,2.674682621057676,5.277725204818446
578.0,537.4343133600834,270.1789237229496,0.0,38.54215974895972,0.0,0.0,10.060523894073192,0.0,0.0,0.0,63.002097627061865,0.0,0.0,0.0,4.2623710752968815,12.262236907611356,2.7285064801082735,5.3278389825496895
579.0,537.3595008500815,270.4829381084155,0.0,38.54238750003982,0.0,0.0,10.060523894077946,0.0,0.0,0.0,63.002073445295736,0.0,0.0,0.0,4.261907211784945,12.03457099972066,2.7823060045717685,5.377930124387986
580.0,537.2847214219208,270.7868205482203,0.0,38.542614378054346,0.0,0.0,10.060523894082706,0.0,0.0,0.0,63.00204935679539,0.0,0.0,0.0,4.261443536557664,11.80700219567886,2.836082653668153,5.427999837140156
581.0,537.2099750266464,271.090563485554,0.0,38.542840264467145,0.0,0.0,10.060523894087575,0.0,0.0,0.0,63.00202537603895,0.0,0.0,0.0,4.260980114519498,11.579540795965737,2.8898338310490135,5.478045737874778
582.0,537.135261617214,271.3941779395277,0.0,38.54306532512713,0.0,0.0,10.060523894092409,0.0,0.0,0.0,63.00200148232411,0.0,0.0,0.0,4.260516863442588,11.352172751789674,2.9435629983522795,5.528071081813763
583.0,537.0605811443445,271.6976544026689,0.0,38.54328944573165,0.0,0.0,10.060523894097239,0.0,0.0,0.0,63.001977688695966,0.0,0.0,0.0,4.260053877875039,11.124909628222294,2.9972673728914625,5.578073247278542
584.0,536.985933560822,272.00099967249963,0.0,38.54351281434399,0.0,0.0,10.06052389410205,0.0,0.0,0.0,63.001953972719356,0.0,0.0,0.0,4.259591046530471,10.897744518777628,3.0509485734336454,5.628053775714562
585.0,536.9113188184605,272.30421384621104,0.0,38.543735258388224,0.0,0.0,10.06052389410691,0.0,0.0,0.0,63.00193035950297,0.0,0.0,0.0,4.259128437858242,10.670676110975057,3.1046068978523302,5.678012979713435
586.0,536.8367368690208,272.6072945478734,0.0,38.543956784156165,0.0,0.0,10.060523894111732,0.0,0.0,0.0,63.001906841882295,0.0,0.0,0.0,4.258665956517619,10.443707607972359,3.1582417283233655,5.727950052977177
587.0,536.7621876649632,272.9102385082976,0.0,38.54417754966313,0.0,0.0,10.060523894116608,0.0,0.0,0.0,63.001883405634885,0.0,0.0,0.0,4.25820383252583,10.216843394988832,3.2118517631090313,5.777864204638415
588.0,536.6876711595049,273.21305165864715,0.0,38.54439739105903,0.0,0.0,10.060523894121461,0.0,0.0,0.0,63.00186006746297,0.0,0.0,0.0,4.25774184184144,9.990076010250174,3.265439008335956,5.827756927750215
589.0,536.6131873049073,273.5157310711635,0.0,38.54461638594215,0.0,0.0,10.060523894126318,0.0,0.0,0.0,63.00183681955251,0.0,0.0,0.0,4.2572800825726,9.76340909376185,3.319002489177584,5.877627472160331
590.0,536.5387360541329,273.81828048776276,0.0,38.54483451367188,0.0,0.0,10.060523894131217,0.0,0.0,0.0,63.00181366506038,0.0,0.0,0.0,4.256818472393674,9.536838895746211,3.3725431344646934,5.927476593859267
591.0,536.4643173597377,274.1206962527613,0.0,38.545051839999765,0.0,0.0,10.060523894136061,0.0,0.0,0.0,63.001790593864804,0.0,0.0,0.0,4.2563571899179236,9.310369041634763,3.4260600145514744,5.97730371431478
592.0,536.389931174864,274.42297867636205,0.0,38.545268377509146,0.0,0.0,10.060523894140035,0.0,0.0,0.0,63.00176758617516,0.0,0.0,0.0,4.255896010252938,9.083999443539712,3.4795532639097853,6.027108620970108
593.0,536.3155774529367,274.7251324008205,0.0,38.54548398659568,0.0,0.0,10.060523894145817,0.0,0.0,0.0,63.00174472027051,0.0,0.0,0.0,4.255435072294707,8.85772525795663,3.5330239327991384,6.076892471829004
594.0,536.2412561467107,275.02715251125875,0.0,38.54569879737546,0.0,0.0,10.060523894150702,0.0,0.0,0.0,63.0017219175448,0.0,0.0,0.0,4.254974356334518,8.631551702730796,3.5864708237611516,6.1266541031847
595.0,536.1669672099009,275.32904148058867,0.0,38.545912782878545,0.0,0.0,10.060523894155594,0.0,0.0,0.0,63.001699202875706,0.0,0.0,0.0,4.254513842480264,8.405476184509569,3.6398945437969927,6.176394099258401
596.0,536.0927105959636,275.6308019458939,0.0,38.5461259093315,0.0,0.0,10.060523894160477,0.0,0.0,0.0,63.001676580242886,0.0,0.0,0.0,4.254053494114243,8.179495440778696,3.693295888969536,6.226113195821175
597.0,536.0184862579841,275.9324262106554,0.0,38.546338296412465,0.0,0.0,10.060523894165392,0.0,0.0,0.0,63.00165403554903,0.0,0.0,0.0,4.253593399377999,7.953619367929545,3.746672496531301,6.2758091204715205
598.0,535.9442941507667,276.2339212481904,0.0,38.54654982863469,0.0,0.0,10.060523894170144,0.0,0.0,0.0,63.00163158223645,0.0,0.0,0.0,4.253133511125383,7.727839025082082,3.800026475625827,6.3254839441368595
599.0,535.8701342278301,276.53528658672946,0.0,38.54676055427214,0.0,0.0,10.060523894175173,0.0,0.0,0.0,63.001609214784715,0.0,0.0,0.0,4.252673812057501,7.502155364363418,3.853357607952566,6.37513743049515
600.0,535.7960064429951,276.8365223211109,0.0,38.54697045997862,0.0,0.0,10.060523894180141,0.0,0.0,0.0,63.001586935488234,0.0,0.0,0.0,4.252214350304459,7.276567791623578,3.906665971522901,6.424769749356261
601.0,535.7219107501218,277.1376231630153,0.0,38.547179558115296,0.0,0.0,10.060523894185044,0.0,0.0,0.0,63.001564740446035,0.0,0.0,0.0,4.251755083851817,7.0510837840368525,3.9599499956002893,6.474379129740246
602.0,535.6478471044096,277.43860152612456,0.0,38.547387922347234,0.0,0.0,10.060523894189979,0.0,0.0,0.0,63.00154262443154,0.0,0.0,0.0,4.251295929901479,6.825688537757259,4.013212965046771,6.523968944006571
603.0,535.5738154588657,277.73944709536676,0.0,38.54759545360676,0.0,0.0,10.06052389419491,0.0,0.0,0.0,63.001520597104125,0.0,0.0,0.0,4.250837035942314,6.600393470788298,4.0664522701033645,6.573536654175608
604.0,535.4998157684234,278.04016055667864,0.0,38.54780219161235,0.0,0.0,10.060523894199848,0.0,0.0,0.0,63.00149865422585,0.0,0.0,0.0,4.250378379904284,6.375198250619492,4.119667980582589,6.62308231588463
605.0,535.4258479881088,278.34074588630966,0.0,38.548008130666055,0.0,0.0,10.060523894204785,0.0,0.0,0.0,63.00147679636517,0.0,0.0,0.0,4.249919903572475,6.150098349354048,4.1728611686457695,6.672606941664235
606.0,535.3519120723757,278.6412028790462,0.0,38.548213338665406,0.0,0.0,10.060523894209735,0.0,0.0,0.0,63.00145501641757,0.0,0.0,0.0,4.249461612727221,5.92509409166782,4.226031760095643,6.722110451216948
607.0,535.278007975874,278.9415282109962,0.0,38.548417712441996,0.0,0.0,10.060523894214835,0.0,0.0,0.0,63.0014333297683,0.0,0.0,0.0,4.249003576402297,5.70018934205016,4.279178821806455,6.771592004157616
608.0,535.2041356539926,279.2417265276476,0.0,38.54862134655231,0.0,0.0,10.06052389421965,0.0,0.0,0.0,63.001411714056594,0.0,0.0,0.0,4.248545706486266,5.475378854483157,4.332303617723181,6.821052749843285
609.0,535.1302950614372,279.54179471050395,0.0,38.54882420740516,0.0,0.0,10.060523894224609,0.0,0.0,0.0,63.00139018271155,0.0,0.0,0.0,4.248088062536332,5.2506663304499215,4.385405254804948,6.8704918719185075
610.0,535.0564861536343,279.84173456179866,0.0,38.54902629819841,0.0,0.0,10.060523894229581,0.0,0.0,0.0,63.001368734608725,0.0,0.0,0.0,4.247630602134054,5.026049635199439,4.438484265488092,6.919909834894182
611.0,534.9827088858146,280.14154615996154,0.0,38.54922763113563,0.0,0.0,10.060523894234533,0.0,0.0,0.0,63.00134736607186,0.0,0.0,0.0,4.247173350637297,4.801528996996263,4.491540567320677,6.969306597723114
612.0,534.9089632133803,280.44123063491134,0.0,38.549428202912274,0.0,0.0,10.060523894239525,0.0,0.0,0.0,63.00132608072747,0.0,0.0,0.0,4.246716283172216,4.577102947656701,4.54457451765296,7.018682487669472
613.0,534.8352490916383,280.7407848891894,0.0,38.54962801857291,0.0,0.0,10.06052389424451,0.0,0.0,0.0,63.00130487481228,0.0,0.0,0.0,4.2462594463658405,4.352775228255636,4.597585231942796,7.068036667182088
614.0,534.7615664766229,281.0402126361066,0.0,38.54982708936604,0.0,0.0,10.060523894249497,0.0,0.0,0.0,63.00128374818937,0.0,0.0,0.0,4.2458027919742305,4.128541616751718,4.650573706431789,7.117370080617075
615.0,534.6879153238358,281.3395125356059,0.0,38.550025412599375,0.0,0.0,10.060523894254489,0.0,0.0,0.0,63.001262701167896,0.0,0.0,0.0,4.245346338134061,3.9044037541163292,4.703539558019371,7.166682358407674
616.0,534.6142955891765,281.6386837310321,0.0,38.55022298934011,0.0,0.0,10.060523894259486,0.0,0.0,0.0,63.001241733588174,0.0,0.0,0.0,4.244890099960162,3.68036265182961,4.756482543612887,7.215973276236176
617.0,534.5407072288397,281.93772686464405,0.0,38.55041982712525,0.0,0.0,10.060523894264488,0.0,0.0,0.0,63.001220844687,0.0,0.0,0.0,4.244434072929138,3.4564176935749384,4.809402807576728,7.2652429733867665
618.0,534.4671501990584,282.23664627111134,0.0,38.550615936171525,0.0,0.0,10.060523894269496,0.0,0.0,0.0,63.001200033346336,0.0,0.0,0.0,4.243978197997055,3.2325638989423475,4.86230153039845,7.314492558521048
619.0,534.3936244553912,282.5354361294161,0.0,38.550811308636575,0.0,0.0,10.060523894274507,0.0,0.0,0.0,63.00117930044617,0.0,0.0,0.0,4.24352255649079,3.0088080986614827,4.915177096514925,7.363720507786628
620.0,534.3201299546481,282.83409915633496,0.0,38.55100595331415,0.0,0.0,10.060523894279523,0.0,0.0,0.0,63.0011586449905,0.0,0.0,0.0,4.243067113607374,2.7851472156082706,4.9680302328768855,7.412927508234086
621.0,534.246666653258,283.1326342120015,0.0,38.551199871717905,0.0,0.0,10.060523894284541,0.0,0.0,0.0,63.00113806684511,0.0,0.0,0.0,4.242611885014264,2.5615826440544827,5.020860611964953,7.4621132470195155
622.0,534.1732345080261,283.4310434126103,0.0,38.55139306873264,0.0,0.0,10.06052389428957,0.0,0.0,0.0,63.00111756551187,0.0,0.0,0.0,4.242156849112286,2.33811200087886,5.073668791457661,7.511278259616309
623.0,534.0998334754925,283.72934083516833,0.0,38.55158553305879,0.0,0.0,10.060523894294544,0.0,0.0,0.0,63.001097140892746,0.0,0.0,0.0,4.241701516803423,2.114719144043658,5.12645919372503,7.560425821781557
624.0,534.0264635097798,284.0274985538802,0.0,38.551777349660505,0.0,0.0,10.060523894299644,0.0,0.0,0.0,63.00107678808023,0.0,0.0,0.0,4.241247179663191,1.8914356408595243,5.17922255052692,7.609549853539519
625.0,533.9531245699643,284.3255305975546,0.0,38.55196824413919,0.0,0.0,10.060523894304765,0.0,0.0,0.0,63.001056536583725,0.0,0.0,0.0,4.240792707893168,1.668247140132099,5.231964060676483,7.658652589417611
626.0,533.8798166133174,284.62343688473675,0.0,38.55215890348199,0.0,0.0,10.060523894309336,0.0,0.0,0.0,63.00103630478453,0.0,0.0,0.0,4.240338475035468,1.445152317351522,5.284683433963083,7.7077346833879306
627.0,533.8065395967819,284.92121800108856,0.0,38.55234817961163,0.0,0.0,10.060523894314397,0.0,0.0,0.0,63.001016175877126,0.0,0.0,0.0,4.23988441084087,1.2221515511132117,5.3373805805690635,7.7567959741240236
628.0,533.7332934774373,285.2188723945715,0.0,38.55253736717374,0.0,0.0,10.06052389431985,0.0,0.0,0.0,63.00099614200188,0.0,0.0,0.0,4.239430583837794,0.9992452687552139,5.390055373246804,7.805836412905811
629.0,533.6600782132404,285.51638449933444,0.0,38.55272564088454,0.0,0.0,10.060523894324907,0.0,0.0,0.0,63.00097616527475,0.0,0.0,0.0,4.238977204280678,0.7764529709047033,5.442703213020793,7.854851695991879
630.0,533.5868937647643,285.81382734596866,0.0,38.552913202908115,0.0,0.0,10.060523894329975,0.0,0.0,0.0,63.000956262996034,0.0,0.0,0.0,4.238523138098349,0.5536892602633315,5.495344509235026,7.903860696141496
631.0,533.5137400783681,286.11116281151567,0.0,38.55310016955508,0.0,0.0,10.060523894335082,0.0,0.0,0.0,63.00093642517091,0.0,0.0,0.0,4.238068814160101,0.3309993012984712,5.547968110643977,7.9528537847751055
632.0,533.4406171077118,286.4082480883808,0.0,38.55328620483622,0.0,0.0,10.060523894339044,0.0,0.0,0.0,63.00091667971127,0.0,0.0,0.0,4.237617038789774,0.10854681919949867,5.60053568410388,8.001793792271902
633.0,533.3675248365058,286.6070070558455,0.0,38.55330561591411,0.0,0.0,10.060523894294828,0.0,0.0,0.0,63.000914559561515,0.0,0.0,0.0,4.238242429784931,0.00015141583180648744,5.626150531628229,8.025350378755464
634.0,533.2944834872467,286.71244421546146,0.0,38.55316766174342,0.0,0.0,10.060523894200008,0.0,0.0,0.0,63.00092904688657,0.0,0.0,0.0,4.239883667176324,0.0,5.626186313314726,8.024820159819635
635.0,533.2215122001835,286.8176836587486,0.0,38.55302903085542,0.0,0.0,10.060523894101436,0.0,0.0,0.0,63.00094361550624,0.0,0.0,0.0,4.241515726499581,0.0,5.626186314033055,8.02425988216348
636.0,533.1486108682383,286.9228576625558,0.0,38.55288936893478,0.0,0.0,10.06052389402096,0.0,0.0,0.0,63.0009582817791,0.0,0.0,0.0,4.243137303308698,0.0,5.626186314757071,8.023703241666938
637.0,533.0757793582602,287.0279630965056,0.0,38.55275023241976,0.0,0.0,10.060523893912789,0.0,0.0,0.0,63.00097288112744,0.0,0.0,0.0,4.244748606109906,0.0,5.626186315466582,8.023150334181235
638.0,533.0030175386016,287.13300207322976,0.0,38.55261014412498,0.0,0.0,10.06052389381848,0.0,0.0,0.0,63.000987651493276,0.0,0.0,0.0,4.246349598353106,0.0,5.62618631617591,8.022601097726252
639.0,532.9303252772573,287.23797386464986,0.0,38.552469826714876,0.0,0.0,10.060523893722108,0.0,0.0,0.0,63.0010024070981,0.0,0.0,0.0,4.2479404852493206,0.0,5.626186316883869,8.022055428925793
640.0,532.8577024446648,287.3428781470341,0.0,38.5523289783946,0.0,0.0,10.0605238936253,0.0,0.0,0.0,63.00101722106971,0.0,0.0,0.0,4.2495216825409,0.0,5.626186317589101,8.021513227699893
641.0,532.7851489119315,287.44771566778155,0.0,38.55218808127607,0.0,0.0,10.060523893528165,0.0,0.0,0.0,63.00103204198408,0.0,0.0,0.0,4.251092231127918,0.0,5.626186318290739,8.020974753613297
642.0,532.7126645507948,287.5524839837647,0.0,38.55204690776898,0.0,0.0,10.060523893430593,0.0,0.0,0.0,63.00104689564469,0.0,0.0,0.0,4.252653327454235,0.0,5.62618631899076,8.0204396345457
643.0,532.6402492346764,287.65718592991595,0.0,38.5519047311045,0.0,0.0,10.060523893332615,0.0,0.0,0.0,63.00106185621878,0.0,0.0,0.0,4.254204631156804,0.0,5.626186319686961,8.019908175483923
644.0,532.5679028370234,287.7618193168626,0.0,38.55176242941225,0.0,0.0,10.060523893234299,0.0,0.0,0.0,63.00107683579851,0.0,0.0,0.0,4.255746306900994,0.0,5.626186320380182,8.019379937650363
645.0,532.4956252329685,287.866385038382,0.0,38.551620000954635,0.0,0.0,10.060523893135478,0.0,0.0,0.0,63.00109182481581,0.0,0.0,0.0,4.25727827898644,0.0,5.6261863210718515,8.018855118505254
646.0,532.4234162985182,287.9708820966252,0.0,38.551476812155514,0.0,0.0,10.060523893036349,0.0,0.0,0.0,63.00110689985857,0.0,0.0,0.0,4.258801043421783,0.0,5.626186321760131,8.018333831733335
647.0,532.3512759101848,288.0753119197328,0.0,38.551333637157846,0.0,0.0,10.060523892936823,0.0,0.0,0.0,63.00112197598183,0.0,0.0,0.0,4.2603141595053176,0.0,5.626186322445238,8.017815617059577
648.0,532.2792039460405,288.1796724486439,0.0,38.55119002077636,0.0,0.0,10.06052389283672,0.0,0.0,0.0,63.0011370987917,0.0,0.0,0.0,4.261817991939458,0.0,5.626186323128578,8.017300859055705
649.0,532.2072002849594,288.2839646451512,0.0,38.55104595612017,0.0,0.0,10.060523892736297,0.0,0.0,0.0,63.00115227277992,0.0,0.0,0.0,4.263312714975943,0.0,5.626186323807868,8.016789322177566
650.0,532.1352648066747,288.38818850500127,0.0,38.55090150628288,0.0,0.0,10.060523892635509,0.0,0.0,0.0,63.001167489270976,0.0,0.0,0.0,4.264798291552156,0.0,5.62618632448566,8.01628104192619
651.0,532.063397391627,288.49234413652033,0.0,38.55075657333911,0.0,0.0,10.060523892534396,0.0,0.0,0.0,63.00118276179953,0.0,0.0,0.0,4.266274844247955,0.0,5.626186325191737,8.015776001740527
652.0,531.9915979219575,288.59643010488475,0.0,38.550611431102965,0.0,0.0,10.060523892432652,0.0,0.0,0.0,63.00119805368043,0.0,0.0,0.0,4.267742389915268,0.0,5.626186325832413,8.015274079891864
653.0,531.9198662797813,288.7004475624395,0.0,38.55046583093407,0.0,0.0,10.060523892330606,0.0,0.0,0.0,63.00121339839435,0.0,0.0,0.0,4.269201094863419,0.0,5.626186326501714,8.014775332073112
654.0,531.8482023486337,288.8043953830453,0.0,38.55031985074427,0.0,0.0,10.060523892228163,0.0,0.0,0.0,63.00122878569777,0.0,0.0,0.0,4.270651009658595,0.0,5.626186327168621,8.014279697675404
655.0,531.7766060128633,288.9082751064661,0.0,38.55017349353477,0.0,0.0,10.060523892125266,0.0,0.0,0.0,63.001244214993854,0.0,0.0,0.0,4.2720922160765955,0.0,5.626186327832889,8.013787152055322
656.0,531.7050771577034,289.01208539385357,0.0,38.550026761749045,0.0,0.0,10.060523892021974,0.0,0.0,0.0,63.00125968612936,0.0,0.0,0.0,4.273524796431992,0.0,5.626186328494594,8.013297663932184
657.0,531.6336156693256,289.11582616082296,0.0,38.54987963728555,0.0,0.0,10.06052389191824,0.0,0.0,0.0,63.00127520095011,0.0,0.0,0.0,4.274948819023982,0.0,5.626186329155537,8.012811201781844
658.0,531.5622214347146,289.21949730630706,0.0,38.54973218336973,0.0,0.0,10.060523891814077,0.0,0.0,0.0,63.001290752868414,0.0,0.0,0.0,4.276364390257114,0.0,5.626186329807153,8.012327746406477
659.0,531.4908943416539,289.32309959031096,0.0,38.54958425383948,0.0,0.0,10.060523891709588,0.0,0.0,0.0,63.00130635725994,0.0,0.0,0.0,4.2777715450957565,0.0,5.6261863304643285,8.011847258824464
660.0,531.4196342793169,289.42663207742646,0.0,38.54943600388563,0.0,0.0,10.060523891604616,0.0,0.0,0.0,63.001321996381584,0.0,0.0,0.0,4.279170418584965,0.0,5.626186331114949,8.011369727855664
661.0,531.3484411371328,289.5300947849961,0.0,38.54928733039604,0.0,0.0,10.060523891499196,0.0,0.0,0.0,63.00133768422349,0.0,0.0,0.0,4.280561019911938,0.0,5.626186331765035,8.010895103506511
662.0,531.2773148056874,289.63348683771017,0.0,38.5491385875907,0.0,0.0,10.060523891393368,0.0,0.0,0.0,63.00135338539126,0.0,0.0,0.0,4.281943482214789,0.0,5.626186332412525,8.010423383511476
663.0,531.2062551762843,289.73681021437926,0.0,38.5489891877487,0.0,0.0,10.060523891288538,0.0,0.0,0.0,63.00136914927163,0.0,0.0,0.0,4.283317808900665,0.0,5.626186333055335,8.009954489080792
664.0,531.1352621412196,289.8400631393504,0.0,38.548838687638714,0.0,0.0,10.060523891180482,0.0,0.0,0.0,63.00138503806969,0.0,0.0,0.0,4.284684186539516,0.0,5.62618633369716,8.009488452726279
665.0,531.0643355933115,289.9432460935392,0.0,38.54868895771075,0.0,0.0,10.060523891073402,0.0,0.0,0.0,63.00140084577639,0.0,0.0,0.0,4.286042572224279,0.0,5.6261863343365945,8.009025284236426
666.0,530.9934754269807,290.04635915946363,0.0,38.5485386331903,0.0,0.0,10.060523890965843,0.0,0.0,0.0,63.00141671549886,0.0,0.0,0.0,4.2873931091761825,0.0,5.626186334973534,8.008564851302905
667.0,530.9226815366804,290.1494021921284,0.0,38.54838774942812,0.0,0.0,10.060523890857942,0.0,0.0,0.0,63.00143265962325,0.0,0.0,0.0,4.28873583784629,0.0,5.626186335612497,8.008107232664827
668.0,530.8519538179817,290.25237464116435,0.0,38.54823602453631,0.0,0.0,10.060523890749474,0.0,0.0,0.0,63.001448677795615,0.0,0.0,0.0,4.2900708014078015,0.0,5.626186336240243,8.007652259505363
669.0,530.7812921672419,290.35527658184867,0.0,38.54808440501384,0.0,0.0,10.060523890640646,0.0,0.0,0.0,63.001464694153235,0.0,0.0,0.0,4.291398119206204,0.0,5.626186336870123,8.007200052685853
670.0,530.7106964818624,290.4581082245635,0.0,38.547931931274924,0.0,0.0,10.060523890531353,0.0,0.0,0.0,63.001480802973106,0.0,0.0,0.0,4.292717859638665,0.0,5.626186337496691,8.006750453835116
671.0,530.6401666594666,290.56086921436435,0.0,38.54777990332126,0.0,0.0,10.060523890421639,0.0,0.0,0.0,63.00149686366885,0.0,0.0,0.0,4.2940300337552175,0.0,5.626186338121835,8.006303596313398
672.0,530.5697025979929,290.663559914085,0.0,38.54762683161483,0.0,0.0,10.060523890308616,0.0,0.0,0.0,63.001512973317254,0.0,0.0,0.0,4.295334789860171,0.0,5.626186338746831,8.005859440346331
673.0,530.4993041993765,290.76617955900747,0.0,38.547473715867184,0.0,0.0,10.060523890200972,0.0,0.0,0.0,63.00152922748175,0.0,0.0,0.0,4.296632106424701,0.0,5.626186339366162,8.00541782165888
674.0,530.4289713629435,290.8687281841932,0.0,38.54731998657926,0.0,0.0,10.060523890089971,0.0,0.0,0.0,63.0015454785589,0.0,0.0,0.0,4.297922092529464,0.0,5.626186339985303,8.004978805132618
675.0,530.3587039899082,290.9712068150942,0.0,38.54716586757035,0.0,0.0,10.060523889980699,0.0,0.0,0.0,63.00156176481804,0.0,0.0,0.0,4.299204865022714,0.0,5.626186340602758,8.00454237517824
676.0,530.2885019802599,290.85100453109357,0.0,38.547035531087644,0.0,0.0,10.06052388994879,0.0,0.0,0.0,63.001575590856824,0.0,0.0,0.0,4.64541659264185,0.0,5.626186340625286,7.859802720684605
677.0,530.218314849119,290.64685286560564,0.0,38.54691236188485,0.0,0.0,10.060523889946493,0.0,0.0,0.0,63.00158866126958,0.0,0.0,0.0,5.121679670624071,0.0,5.62618634041314,7.660655349403464
678.0,530.1481235706261,290.44259744573924,0.0,38.54678923378998,0.0,0.0,10.06052388994729,0.0,0.0,0.0,63.00160173545987,0.0,0.0,0.0,5.598114029710544,0.0,5.626186340217624,7.4614364514601625
679.0,530.0779281180755,290.2382306805746,0.0,38.54666610091029,0.0,0.0,10.060523889946746,0.0,0.0,0.0,63.001614802869696,0.0,0.0,0.0,6.074729502775008,0.0,5.626186340005224,7.2621414137213485
680.0,530.0077284620597,290.03404489597443,0.0,38.54654274457378,0.0,0.0,10.060523889946328,0.0,0.0,0.0,63.001627897377205,0.0,0.0,0.0,6.551074391136364,0.0,5.62618633979943,7.0629597862202855
681.0,529.9375246381444,289.8296860621673,0.0,38.54641889536297,0.0,0.0,10.060523889952647,0.0,0.0,0.0,63.00164120558141,0.0,0.0,0.0,7.02769606761628,0.0,5.626186339584262,6.863662294111277
682.0,529.8673166038309,289.625386426554,0.0,38.54619809928123,0.0,0.0,10.060523889944145,0.0,0.0,0.0,63.0016644012701,0.0,0.0,0.0,7.50427213888452,0.0,5.626186339388071,6.6643841956572505
683.0,529.7971043624964,289.421028673408,0.0,38.54617089889223,0.0,0.0,10.060523889945406,0.0,0.0,0.0,63.00166736807883,0.0,0.0,0.0,7.980877563007645,0.0,5.626186339181796,6.465093103397915
684.0,529.7268879072101,289.21667967137165,0.0,38.54604608707103,0.0,0.0,10.060523889945316,0.0,0.0,0.0,63.00168061809925,0.0,0.0,0.0,8.457513149404573,0.0,5.626186338976339,6.265789946472272
685.0,529.6566672304184,289.01230259072497,0.0,38.54592092524624,0.0,0.0,10.060523889945094,0.0,0.0,0.0,63.001694020062814,0.0,0.0,0.0,8.934202675041435,0.0,5.626186338767798,6.0664640098806775
686.0,529.5864423214986,288.80794446347187,0.0,38.54579589349887,0.0,0.0,10.060523889944834,0.0,0.0,0.0,63.00170736149161,0.0,0.0,0.0,9.410871790329365,0.0,5.626186338560215,5.86714665105537
687.0,529.516213179618,288.60355849411684,0.0,38.5456704547599,0.0,0.0,10.06052388994436,0.0,0.0,0.0,63.001720484531184,0.0,0.0,0.0,9.887594804147763,0.0,5.626186338351867,5.667806699124851
688.0,529.4459797952725,288.3991588860317,0.0,38.54554471661715,0.0,0.0,10.060523889943457,0.0,0.0,0.0,63.0017338337868,0.0,0.0,0.0,10.364347419498884,0.0,5.626186338146673,5.468454448555059
689.0,529.3757421607262,288.1947468641037,0.0,38.54541891325013,0.0,0.0,10.060523889944207,0.0,0.0,0.0,63.00174720587965,0.0,0.0,0.0,10.841129286449645,0.0,5.6261863379468835,5.269089878145529
690.0,529.3055002687418,287.99032209072783,0.0,38.54529266828354,0.0,0.0,10.060523889955903,0.0,0.0,0.0,63.00176059381894,0.0,0.0,0.0,11.317940642916742,0.0,5.626186337728196,5.069712915219998
691.0,529.2352541120774,287.78588596392854,0.0,38.54516608699963,0.0,0.0,10.060523889944635,0.0,0.0,0.0,63.00177403800828,0.0,0.0,0.0,11.79478104602996,0.0,5.6261863375385,4.870323809800045
692.0,529.165003683424,287.58143557631803,0.0,38.54503922792889,0.0,0.0,10.060523889942926,0.0,0.0,0.0,63.00178750118374,0.0,0.0,0.0,12.271651027790028,0.0,5.626186337311886,4.670922333502267
693.0,529.0947489757522,287.37697279331104,0.0,38.54491206657449,0.0,0.0,10.060523889942635,0.0,0.0,0.0,63.00180099895021,0.0,0.0,0.0,12.748550834905,0.0,5.626186337102907,4.47150835808886
694.0,529.0244899816122,287.17249782707245,0.0,38.54478461631657,0.0,0.0,10.060523889942347,0.0,0.0,0.0,63.001814528831254,0.0,0.0,0.0,13.225479308982177,0.0,5.62618633689346,4.272082372942294
695.0,528.9542266937749,286.9680373616365,0.0,38.54465690333454,0.0,0.0,10.060523889942091,0.0,0.0,0.0,63.0018280879121,0.0,0.0,0.0,13.702395381552822,0.0,5.626186336864208,4.072661550030462
696.0,528.883959106799,286.7635012780284,0.0,38.544528373485555,0.0,0.0,10.060523889941706,0.0,0.0,0.0,63.001841728491215,0.0,0.0,0.0,14.179438284380453,0.0,5.626186336472629,3.8731884448975666
697.0,528.8136872094844,286.55899924123753,0.0,38.544400502890554,0.0,0.0,10.060523889941518,0.0,0.0,0.0,63.00185530652537,0.0,0.0,0.0,14.656437211557115,0.0,5.626186336264131,3.6737321791774655
698.0,528.7434109970711,280.9988437146426,0.0,38.5455094319784,0.0,0.0,10.060523892418688,0.0,0.0,0.0,63.001739449543386,0.0,0.0,0.0,23.43586499312781,0.0,5.6261863219238215,1.544071228395667e-05
699.0,528.671990003923,281.1032902984523,0.0,38.54530780529544,0.0,0.0,10.060523892281427,0.0,0.0,0.0,63.00176072819959,0.0,0.0,0.0,23.436254432439014,0.0,5.626186322541791,1.3694680883522125e-05
700.0,528.6006309684547,281.20767245893495,0.0,38.54510586164439,0.0,0.0,10.060523892143376,0.0,0.0,0.0,63.00178204272484,0.0,0.0,0.0,23.43664002913941,0.0,5.626186323157563,1.2390769102071768e-05
701.0,528.5293338521934,281.3119904500455,0.0,38.544903607318126,0.0,0.0,10.060523892004522,0.0,0.0,0.0,63.0018033924131,0.0,0.0,0.0,23.437021264589266,0.0,5.626186323770745,1.175717883956231e-05
702.0,528.4580986167255,281.41624110522565,0.0,38.544701049470504,0.0,0.0,10.060523891864893,0.0,0.0,0.0,63.00182477684666,0.0,0.0,0.0,23.43740224567806,0.0,5.626186324384105,1.0083054139789861e-05
703.0,528.3869252234788,281.52042786860676,0.0,38.54449816362188,0.0,0.0,10.060523891724436,0.0,0.0,0.0,63.00184619837248,0.0,0.0,0.0,23.437777601008925,0.0,5.626186324995014,9.623924156771936e-06
704.0,528.3158136346113,281.624547520841,0.0,38.54429495412591,0.0,0.0,10.060523891583186,0.0,0.0,0.0,63.001867656549166,0.0,0.0,0.0,23.438152507555113,0.0,5.626186325603975,8.239087003908054e-06
705.0,528.2447638122277,281.7286022994188,0.0,38.544091441593004,0.0,0.0,10.060523891441129,0.0,0.0,0.0,63.001889149168086,0.0,0.0,0.0,23.438522923575437,0.0,5.626186326211305,7.619144458559126e-06
706.0,528.1737757183095,281.83259113826796,0.0,38.54388761134329,0.0,0.0,10.060523891298256,0.0,0.0,0.0,63.001910677806116,0.0,0.0,0.0,23.438890357353493,0.0,5.62618632681682,7.148595365875338e-06
707.0,528.1028493153391,281.9365142437002,0.0,38.54368345755946,0.0,0.0,10.060523891154558,0.0,0.0,0.0,63.00193224286911,0.0,0.0,0.0,23.439254625781743,0.0,5.626186327419024,6.919186719822879e-06
708.0,528.0319845659765,282.0403702755715,0.0,38.54347897761447,0.0,0.0,10.060523891010057,0.0,0.0,0.0,63.001953845226154,0.0,0.0,0.0,23.439616741852316,0.0,5.6261863280217455,6.509463077179655e-06
709.0,527.9611814330892,282.14415973419807,0.0,38.543274172083166,0.0,0.0,10.060523890864737,0.0,0.0,0.0,63.001975484468566,0.0,0.0,0.0,23.439976236927436,0.0,5.626186328622622,6.13078435608366e-06
710.0,527.8904398796717,282.2478824193125,0.0,38.543069039775126,0.0,0.0,10.06052389071859,0.0,0.0,0.0,63.00199716076493,0.0,0.0,0.0,23.44033314789901,0.0,5.626186329221899,5.777889544129187e-06
711.0,527.8197598689252,282.35153798193033,0.0,38.54286358121039,0.0,0.0,10.060523890571622,0.0,0.0,0.0,63.00201887419773,0.0,0.0,0.0,23.44068763523323,0.0,5.626186329820251,5.391440622825674e-06
712.0,527.7491413642148,282.45512688404256,0.0,38.54265779013645,0.0,0.0,10.06052389042381,0.0,0.0,0.0,63.00204062499296,0.0,0.0,0.0,23.44103934668416,0.0,5.626186330415432,5.138336464373714e-06
713.0,527.6785843292033,282.5586483096652,0.0,38.54245165866328,0.0,0.0,10.06052389027516,0.0,0.0,0.0,63.00206241439462,0.0,0.0,0.0,23.441388782012933,0.0,5.626186331009354,4.813484595621849e-06
714.0,527.6080887278899,282.66210248390513,0.0,38.54224520662171,0.0,0.0,10.060523890125683,0.0,0.0,0.0,63.002084240241594,0.0,0.0,0.0,23.44173553438684,0.0,5.626186331602055,4.5950066765091245e-06
715.0,527.5376545240529,282.7654892303558,0.0,38.542038417144774,0.0,0.0,10.060523889975359,0.0,0.0,0.0,63.002106104341316,0.0,0.0,0.0,23.442079680169623,0.0,5.626186332193244,4.46302820959139e-06
716.0,527.4672816819416,282.8688015679063,0.0,38.541831299927516,0.0,0.0,10.060523889824193,0.0,0.0,0.0,63.002128005542204,0.0,0.0,0.0,23.442431812031163,0.0,5.626186332782664,0.0
717.0,527.3969701658326,282.9720530221582,0.0,38.54162384297526,0.0,0.0,10.060523889672174,0.0,0.0,0.0,63.00214994515776,0.0,0.0,0.0,23.44277092126603,0.0,5.626186333370408,0.0
718.0,527.3267199405944,283.0752364604138,0.0,38.541416042734255,0.0,0.0,10.060523889519303,0.0,0.0,0.0,63.00217192371702,0.0,0.0,0.0,23.443107699670126,0.0,5.626186333956718,0.0
719.0,527.2565309710774,283.17835184009,0.0,38.54120791824025,0.0,0.0,10.060523889365577,0.0,0.0,0.0,63.00219393903694,0.0,0.0,0.0,23.443442172475375,0.0,5.626186334541518,0.0
720.0,527.1864032221197,283.2813989149005,0.0,38.54099944335318,0.0,0.0,10.060523889210994,0.0,0.0,0.0,63.002215994066425,0.0,0.0,0.0,23.44377435927573,0.0,5.626186335124778,0.0
721.0,527.1163366591579,283.38437764516755,0.0,38.54079063074586,0.0,0.0,10.060523889055542,0.0,0.0,0.0,63.00223808719741,0.0,0.0,0.0,23.444104296455592,0.0,5.6261863357063815,0.0
722.0,527.046331247615,283.4872879520685,0.0,38.54058145526047,0.0,0.0,10.060523888899208,0.0,0.0,0.0,63.002260220507594,0.0,0.0,0.0,23.444432052255245,0.0,5.6261863362860325,0.0
723.0,526.9763869533564,283.59012952427406,0.0,38.54037194867282,0.0,0.0,10.060523888742015,0.0,0.0,0.0,63.00228239198476,0.0,0.0,0.0,23.444757552993963,0.0,5.626186336864693,0.0
724.0,526.9065037421826,283.6929022926251,0.0,38.540162094480856,0.0,0.0,10.060523888583953,0.0,0.0,0.0,63.002304602935354,0.0,0.0,0.0,23.445080852799364,0.0,5.626186337441918,0.0
725.0,526.8366815802455,283.7956061353262,0.0,38.53995189171189,0.0,0.0,10.060523888425013,0.0,0.0,0.0,63.002326853436614,0.0,0.0,0.0,23.445401975668872,0.0,5.626186338017646,0.0
726.0,526.7669204339246,283.89824084471445,0.0,38.5397413545891,0.0,0.0,10.060523888265203,0.0,0.0,0.0,63.002349142470784,0.0,0.0,0.0,23.44572089923018,0.0,5.626186338591766,0.0
727.0,526.6972202698145,284.0008064217919,0.0,38.539530480804736,0.0,0.0,10.060523888104509,0.0,0.0,0.0,63.00237146941043,0.0,0.0,0.0,23.446037701276342,0.0,5.6261863391643505,0.0
728.0,526.6275810546609,284.10330270518756,0.0,38.53931922563802,0.0,0.0,10.060523887942923,0.0,0.0,0.0,63.00239383928497,0.0,0.0,0.0,23.446352386629073,0.0,5.626186339735346,0.0
729.0,526.5580027555613,284.2057296094487,0.0,38.539107547930264,0.0,0.0,10.06052388778044,0.0,0.0,0.0,63.0024162564146,0.0,0.0,0.0,23.44666498491663,0.0,5.626186340304803,0.0
730.0,526.488485339865,284.3080870238475,0.0,38.53889547197708,0.0,0.0,10.060523887617052,0.0,0.0,0.0,63.002438718210826,0.0,0.0,0.0,23.446975527355328,0.0,5.6261863408727795,0.0
731.0,526.419028775124,284.4103747560219,0.0,38.5386831581308,0.0,0.0,10.060523887452769,0.0,0.0,0.0,63.00246120765162,0.0,0.0,0.0,23.447284033283072,0.0,5.626186341439372,0.0
732.0,526.349633028839,284.51259267434637,0.0,38.538470594324444,0.0,0.0,10.060523887287587,0.0,0.0,0.0,63.00248372600094,0.0,0.0,0.0,23.447590515893605,0.0,5.62618634200455,0.0
733.0,526.2802980687933,284.61474072969736,0.0,38.53825757041462,0.0,0.0,10.06052388712149,0.0,0.0,0.0,63.00250629579086,0.0,0.0,0.0,23.44789497820037,0.0,5.626186342568177,0.0
734.0,526.2110238633152,284.7168187684889,0.0,38.53804419591393,0.0,0.0,10.060523886954485,0.0,0.0,0.0,63.002528905266146,0.0,0.0,0.0,23.448197447954854,0.0,5.626186343130354,0.0
735.0,526.141810380797,284.8188266943229,0.0,38.53783043060054,0.0,0.0,10.060523886786566,0.0,0.0,0.0,63.00255155879471,0.0,0.0,0.0,23.448497941919403,0.0,5.626186343691033,0.0
736.0,526.0726575899071,284.92076434514104,0.0,38.537616389551516,0.0,0.0,10.060523886617734,0.0,0.0,0.0,63.00257424395412,0.0,0.0,0.0,23.448796486404568,0.0,5.626186344250348,0.0
737.0,526.0035654593732,285.0226316462822,0.0,38.53740197459726,0.0,0.0,10.060523886447971,0.0,0.0,0.0,63.002596971327705,0.0,0.0,0.0,23.449093093520545,0.0,5.6261863448082154,0.0
738.0,525.9345339583009,285.1244284972018,0.0,38.537187159062874,0.0,0.0,10.06052388627728,0.0,0.0,0.0,63.002619743808076,0.0,0.0,0.0,23.449387779772536,0.0,5.626186345364606,0.0
739.0,525.865563056069,285.2261547860435,0.0,38.53697194330874,0.0,0.0,10.060523886105656,0.0,0.0,0.0,63.002642561357725,0.0,0.0,0.0,23.449680563371803,0.0,5.626186345919529,0.0
740.0,525.7966527222959,285.32781036445556,0.0,38.53675642344412,0.0,0.0,10.060523885933108,0.0,0.0,0.0,63.002665413603644,0.0,0.0,0.0,23.449971468625478,0.0,5.6261863464731,0.0
741.0,525.7278029266662,285.4293951742212,0.0,38.536540477483186,0.0,0.0,10.06052388575961,0.0,0.0,0.0,63.00268831373199,0.0,0.0,0.0,23.45026050500923,0.0,5.62618634702518,0.0
742.0,525.6590136393024,285.53090905227333,0.0,38.53632423645354,0.0,0.0,10.060523885585177,0.0,0.0,0.0,63.00271124757678,0.0,0.0,0.0,23.4505476988438,0.0,5.626186347575945,0.0
743.0,525.5902848303418,285.6323519590491,0.0,38.53610754783849,0.0,0.0,10.060523885409793,0.0,0.0,0.0,63.00273423164756,0.0,0.0,0.0,23.450833056965823,0.0,5.6261863481251915,0.0
744.0,525.5216164703961,285.7337237191472,0.0,38.535890566376814,0.0,0.0,10.060523885233463,0.0,0.0,0.0,63.00275724918987,0.0,0.0,0.0,23.45111660715262,0.0,5.626186348673153,0.0
745.0,525.4530085300801,285.8350242934236,0.0,38.53567314789492,0.0,0.0,10.06052388505617,0.0,0.0,0.0,63.00278031582333,0.0,0.0,0.0,23.45139835640922,0.0,5.626186349219626,0.0
746.0,525.3844609804682,285.9362535523099,0.0,38.53545535222522,0.0,0.0,10.060523884877924,0.0,0.0,0.0,63.00280342507387,0.0,0.0,0.0,23.451678325466403,0.0,5.626186349764702,0.0
747.0,525.315973792771,286.0374113763542,0.0,38.53523721652985,0.0,0.0,10.060523884698716,0.0,0.0,0.0,63.002826572916646,0.0,0.0,0.0,23.451956533289497,0.0,5.626186350308449,0.0
748.0,525.2475469383754,286.1384976829839,0.0,38.53501869997903,0.0,0.0,10.060523884518538,0.0,0.0,0.0,63.002849763778876,0.0,0.0,0.0,23.45223299344322,0.0,5.626186350850809,0.0
749.0,525.1791803889715,286.23951234022894,0.0,38.534799869458794,0.0,0.0,10.060523884337393,0.0,0.0,0.0,63.00287299041007,0.0,0.0,0.0,23.452507726420386,0.0,5.626186351391902,0.0
750.0,525.1108741163796,286.34045531742964,0.0,38.534580579940524,0.0,0.0,10.060523884155275,0.0,0.0,0.0,63.002896268540155,0.0,0.0,0.0,23.45278073866539,0.0,5.626186351931498,0.0
751.0,525.0426280928932,286.4413264841154,0.0,38.53436090072583,0.0,0.0,10.060523883972168,0.0,0.0,0.0,63.00291959066039,0.0,0.0,0.0,23.453052050406672,0.0,5.626186352469711,0.0
752.0,524.9744422909283,286.54212570192163,0.0,38.53414091601018,0.0,0.0,10.06052388378809,0.0,0.0,0.0,63.00294294763928,0.0,0.0,0.0,23.453321682719732,0.0,5.626186353006701,0.0
753.0,524.9063166830055,286.6428529401923,0.0,38.533920490469974,0.0,0.0,10.060523883603016,0.0,0.0,0.0,63.002966354160215,0.0,0.0,0.0,23.453589642269858,0.0,5.626186353542244,0.0
754.0,524.8382512421017,286.7435080577092,0.0,38.533699718183485,0.0,0.0,10.06052388341696,0.0,0.0,0.0,63.002989800020934,0.0,0.0,0.0,23.45385595021336,0.0,5.626186354076504,0.0
755.0,524.7702459412809,286.8440910040131,0.0,38.53347850958393,0.0,0.0,10.060523883229898,0.0,0.0,0.0,63.0030132949424,0.0,0.0,0.0,23.454120616047604,0.0,5.626186354609337,0.0
756.0,524.702300753991,286.9446016239038,0.0,38.53325698837701,0.0,0.0,10.060523883041842,0.0,0.0,0.0,63.00303682550452,0.0,0.0,0.0,23.45438366220189,0.0,5.626186355140964,0.0
757.0,524.6344156537212,287.0450398913099,0.0,38.53303502131396,0.0,0.0,10.060523882852776,0.0,0.0,0.0,63.0030604061704,0.0,0.0,0.0,23.45464509531488,0.0,5.626186355671164,0.0
758.0,524.5665906144161,287.14540568289414,0.0,38.53281267155346,0.0,0.0,10.060523882662707,0.0,0.0,0.0,63.00308403009044,0.0,0.0,0.0,23.454904933710363,0.0,5.6261863562000505,0.0
759.0,524.4988256101556,287.24569888114434,0.0,38.532589990255346,0.0,0.0,10.060523882471625,0.0,0.0,0.0,63.003107691714185,0.0,0.0,0.0,23.45516319471033,0.0,5.626186356727721,0.0
760.0,524.431120615181,287.34591945730705,0.0,38.53236685787368,0.0,0.0,10.060523882279526,0.0,0.0,0.0,63.00313140402113,0.0,0.0,0.0,23.455419885590022,0.0,5.6261863572539745,0.0
761.0,524.3634756041661,287.4460672611494,0.0,38.53214339187694,0.0,0.0,10.060523882086404,0.0,0.0,0.0,63.00315515426405,0.0,0.0,0.0,23.455675027112893,0.0,5.626186357779024,0.0
762.0,524.2958905518364,287.54614226036335,0.0,38.531919483925954,0.0,0.0,10.060523881892255,0.0,0.0,0.0,63.00317895420613,0.0,0.0,0.0,23.455928627070627,0.0,5.62618635830269,0.0
763.0,524.2283654333331,287.64614434356406,0.0,38.531695179891926,0.0,0.0,10.06052388169708,0.0,0.0,0.0,63.00320279887259,0.0,0.0,0.0,23.45618070178863,0.0,5.626186358825058,0.0
764.0,524.1609002239649,287.7460733950412,0.0,38.53147053358993,0.0,0.0,10.06052388150087,0.0,0.0,0.0,63.0032266824238,0.0,0.0,0.0,23.45643126772385,0.0,5.626186359346226,0.0
765.0,524.0934948991971,287.8459293644659,0.0,38.53124547730455,0.0,0.0,10.060523881303624,0.0,0.0,0.0,63.00325061221522,0.0,0.0,0.0,23.456680334614198,0.0,5.626186359866089,0.0
766.0,524.0261494348443,287.94571217941007,0.0,38.531019986094904,0.0,0.0,10.060523881105324,0.0,0.0,0.0,63.00327459095756,0.0,0.0,0.0,23.456927914487963,0.0,5.626186360384609,0.0
767.0,523.9588638070024,288.0454217168708,0.0,38.53079413214853,0.0,0.0,10.060523880905986,0.0,0.0,0.0,63.003298610817275,0.0,0.0,0.0,23.45717402424812,0.0,5.626186360901918,0.0
768.0,523.8916379918969,288.1450579160384,0.0,38.53056787195109,0.0,0.0,10.060523880705597,0.0,0.0,0.0,63.00332267652255,0.0,0.0,0.0,23.45741867460966,0.0,5.626186361417948,0.0
769.0,523.8244719660644,288.24462070175645,0.0,38.53034119068483,0.0,0.0,10.060523880504146,0.0,0.0,0.0,63.00334678968638,0.0,0.0,0.0,23.457661877688075,0.0,5.626186361932682,0.0
770.0,523.7573657063042,288.3441099548357,0.0,38.530114155172384,0.0,0.0,10.060523880301636,0.0,0.0,0.0,63.00337094305628,0.0,0.0,0.0,23.45790364946473,0.0,5.626186362446237,0.0
771.0,523.6903191895548,288.44352563112284,0.0,38.529886696151884,0.0,0.0,10.060523880098062,0.0,0.0,0.0,63.00339514415586,0.0,0.0,0.0,23.458143999122548,0.0,5.626186362958511,0.0
772.0,523.6233323931069,288.54286764693035,0.0,38.529658818892955,0.0,0.0,10.060523879893417,0.0,0.0,0.0,63.00341939241867,0.0,0.0,0.0,23.458382939302066,0.0,5.626186363469509,0.0
773.0,523.5564052944836,288.6421359068675,0.0,38.52943054951496,0.0,0.0,10.060523879687697,0.0,0.0,0.0,63.003443685009735,0.0,0.0,0.0,23.458620483599052,0.0,5.626186363979293,0.0
774.0,523.4895378714117,288.74133033338484,0.0,38.52920188370019,0.0,0.0,10.060523879480895,0.0,0.0,0.0,63.003468022402835,0.0,0.0,0.0,23.458856643902347,0.0,5.626186364487854,0.0
775.0,523.4227301018672,288.84045087045627,0.0,38.52897278037109,0.0,0.0,10.060523879273008,0.0,0.0,0.0,63.00349240906299,0.0,0.0,0.0,23.45909143038445,0.0,5.626186364995137,0.0
776.0,523.3559819641322,288.93949739078005,0.0,38.528743325893046,0.0,0.0,10.06052387906404,0.0,0.0,0.0,63.00351683561493,0.0,0.0,0.0,23.459324858758333,0.0,5.626186365501284,0.0
777.0,523.2892934365965,289.03846987163166,0.0,38.528513421817365,0.0,0.0,10.060523878853976,0.0,0.0,0.0,63.003541312752766,0.0,0.0,0.0,23.459556936438947,0.0,5.626186366006149,0.0
778.0,523.2226644980477,289.1373682042982,0.0,38.52828312421934,0.0,0.0,10.060523878642817,0.0,0.0,0.0,63.0035658343924,0.0,0.0,0.0,23.45978767749489,0.0,5.626186366509824,0.0
779.0,523.1560951274267,289.236192332835,0.0,38.52805239556386,0.0,0.0,10.06052387843055,0.0,0.0,0.0,63.003590404612105,0.0,0.0,0.0,23.460017091846126,0.0,5.6261863670122585,0.0
780.0,523.0895853039775,289.3349421473721,0.0,38.527821295171464,0.0,0.0,10.060523878217179,0.0,0.0,0.0,63.00361501697445,0.0,0.0,0.0,23.460245193323036,0.0,5.62618636751355,0.0
781.0,523.0231350070932,289.43361761733144,0.0,38.5275897440579,0.0,0.0,10.060523878002696,0.0,0.0,0.0,63.00363968006062,0.0,0.0,0.0,23.460471989927452,0.0,5.626186368013586,0.0
782.0,522.9567442165334,289.53221864723486,0.0,38.52735777810725,0.0,0.0,10.060523877787094,0.0,0.0,0.0,63.00366438997814,0.0,0.0,0.0,23.460697494277756,0.0,5.626186368512428,0.0
783.0,522.8904129122438,289.6307451327197,0.0,38.527125448459394,0.0,0.0,10.060523877570379,0.0,0.0,0.0,63.00368914117581,0.0,0.0,0.0,23.460921719375463,0.0,5.6261863690101555,0.0
784.0,522.8241410743329,289.72919705326416,0.0,38.52689266304882,0.0,0.0,10.060523877352527,0.0,0.0,0.0,63.00371394365733,0.0,0.0,0.0,23.461144672492342,0.0,5.626186369506642,0.0
785.0,522.7579286832956,289.827574307578,0.0,38.52665946992436,0.0,0.0,10.060523877133551,0.0,0.0,0.0,63.0037387922082,0.0,0.0,0.0,23.461366366283197,0.0,5.626186370001962,0.0
786.0,522.6917757197934,289.9258768263647,0.0,38.526425862956074,0.0,0.0,10.060523876913438,0.0,0.0,0.0,63.003763687498555,0.0,0.0,0.0,23.461586811161734,0.0,5.626186370496114,0.0
787.0,522.6256821647396,290.02410455138266,0.0,38.52619181760687,0.0,0.0,10.060523876692182,0.0,0.0,0.0,63.003788632196645,0.0,0.0,0.0,23.46180601677705,0.0,5.62618637098907,0.0
788.0,522.5596479993281,290.12225740012207,0.0,38.52595735221177,0.0,0.0,10.060523876469778,0.0,0.0,0.0,63.00381362431562,0.0,0.0,0.0,23.462023994258193,0.0,5.6261863714808635,0.0
789.0,522.4936732049666,290.2203352795895,0.0,38.525722503414265,0.0,0.0,10.06052387624623,0.0,0.0,0.0,63.00383865987937,0.0,0.0,0.0,23.462240755195158,0.0,5.626186371971548,0.0
790.0,522.4277577632466,290.3183381629029,0.0,38.52548719659181,0.0,0.0,10.060523876021525,0.0,0.0,0.0,63.00386374699726,0.0,0.0,0.0,23.46245630716431,0.0,5.62618637246103,0.0
791.0,522.3619016561175,290.4162659375034,0.0,38.52525150293619,0.0,0.0,10.060523875795658,0.0,0.0,0.0,63.00388887794072,0.0,0.0,0.0,23.4626706627501,0.0,5.62618637294941,0.0
792.0,522.2961048656604,290.51411858665216,0.0,38.525015332414505,0.0,0.0,10.060523875568622,0.0,0.0,0.0,63.00391406249255,0.0,0.0,0.0,23.46288382888215,0.0,5.626186373436576,0.0
793.0,522.230367374337,290.61189597610195,0.0,38.524778794520564,0.0,0.0,10.060523875340424,0.0,0.0,0.0,63.00393928876469,0.0,0.0,0.0,23.4630958191291,0.0,5.6261863739226765,0.0
794.0,522.16468916468,290.7095980805102,0.0,38.5245418152171,0.0,0.0,10.060523875111048,0.0,0.0,0.0,63.003964564802466,0.0,0.0,0.0,23.463306640793192,0.0,5.626186374407621,0.0
795.0,522.0990702195782,290.80722483709206,0.0,38.52430438572953,0.0,0.0,10.060523874880486,0.0,0.0,0.0,63.00398989156448,0.0,0.0,0.0,23.46351630330251,0.0,5.626186374891405,0.0
796.0,522.0335105221745,290.9047761647707,0.0,38.52406652735927,0.0,0.0,10.06052387464874,0.0,0.0,0.0,63.00401526674076,0.0,0.0,0.0,23.463724816941415,0.0,5.626186375374061,0.0
797.0,521.9680100558198,291.0022519845709,0.0,38.52382825837414,0.0,0.0,10.060523874415809,0.0,0.0,0.0,63.00404068835016,0.0,0.0,0.0,23.463932191754676,0.0,5.626186375855622,0.0
798.0,521.902568804077,291.09965221897613,0.0,38.52358959656158,0.0,0.0,10.060523874181682,0.0,0.0,0.0,63.0040661544662,0.0,0.0,0.0,23.464138437630606,0.0,5.6261863763361095,0.0
799.0,521.8371867507202,291.1969768421992,0.0,38.52335047332088,0.0,0.0,10.060523873946352,0.0,0.0,0.0,63.004091672544796,0.0,0.0,0.0,23.464343561755644,0.0,5.626186376815447,0.0
800.0,521.7718638798715,291.29422580552,0.0,38.52311085832904,0.0,0.0,10.060523873709808,0.0,0.0,0.0,63.00411724588287,0.0,0.0,0.0,23.46454757248114,0.0,5.626186377293604,0.0
801.0,521.7066001759407,291.39139897525365,0.0,38.52287086474263,0.0,0.0,10.060523873472063,0.0,0.0,0.0,63.00414286219428,0.0,0.0,0.0,23.464750482238568,0.0,5.6261863777707255,0.0
802.0,521.6413956233987,291.48849631479914,0.0,38.52263044387876,0.0,0.0,10.060523873233102,0.0,0.0,0.0,63.00416852677097,0.0,0.0,0.0,23.464952298568058,0.0,5.6261863782467545,0.0
803.0,521.5762502070329,291.5855177634105,0.0,38.522389588183344,0.0,0.0,10.060523872992912,0.0,0.0,0.0,63.004194240438196,0.0,0.0,0.0,23.465153030154,0.0,5.626186378721691,0.0
804.0,521.5111639118805,291.68246326922804,0.0,38.5221482766092,0.0,0.0,10.060523872751501,0.0,0.0,0.0,63.004220005487554,0.0,0.0,0.0,23.465352685229316,0.0,5.626186379195511,0.0
805.0,521.4461367232512,291.77933272755246,0.0,38.52190657517481,0.0,0.0,10.060523872508858,0.0,0.0,0.0,63.004245814750995,0.0,0.0,0.0,23.46555127432883,0.0,5.626186379668304,0.0
806.0,521.381168626589,291.8761261264591,0.0,38.52166439689215,0.0,0.0,10.060523872264973,0.0,0.0,0.0,63.00427167768192,0.0,0.0,0.0,23.46574880370207,0.0,5.626186380139969,0.0
807.0,521.3162596077129,291.97284337944757,0.0,38.5214217803739,0.0,0.0,10.060523872019848,0.0,0.0,0.0,63.00429759009262,0.0,0.0,0.0,23.465945282956792,0.0,5.626186380610557,0.0
808.0,521.2514096526189,292.06948442551965,0.0,38.52117872020753,0.0,0.0,10.060523871773473,0.0,0.0,0.0,63.00432355257305,0.0,0.0,0.0,23.466140720405743,0.0,5.62618638108007,0.0
809.0,521.1866187475497,292.1660492046079,0.0,38.520935212330755,0.0,0.0,10.060523871525845,0.0,0.0,0.0,63.00434956557116,0.0,0.0,0.0,23.466335124320114,0.0,5.626186381548506,0.0
810.0,521.1218868789907,292.2625376155929,0.0,38.52069131929892,0.0,0.0,10.06052387127696,0.0,0.0,0.0,63.004375622294305,0.0,0.0,0.0,23.46652850454924,0.0,5.626186382015942,0.0
811.0,521.0572140335664,292.3589496634817,0.0,38.52044692963901,0.0,0.0,10.060523871026808,0.0,0.0,0.0,63.00440173485721,0.0,0.0,0.0,23.466720866486305,0.0,5.626186382482259,0.0
812.0,520.9926001983137,292.45528523891085,0.0,38.52020212164319,0.0,0.0,10.060523870775386,0.0,0.0,0.0,63.00442789476033,0.0,0.0,0.0,23.466912220199458,0.0,5.626186382947547,0.0
813.0,520.9280453603818,292.55154418249623,0.0,38.51995705575325,0.0,0.0,10.060523870522703,0.0,0.0,0.0,63.004454084576466,0.0,0.0,0.0,23.467102577494135,0.0,5.626186383411984,0.0
814.0,520.8635495069024,292.64772666700577,0.0,38.519711347196946,0.0,0.0,10.060523870268726,0.0,0.0,0.0,63.004480346113965,0.0,0.0,0.0,23.467291937143774,0.0,5.626186383875161,0.0
815.0,520.7991126258513,292.74383249652635,0.0,38.51946521192268,0.0,0.0,10.060523870013462,0.0,0.0,0.0,63.0045066559068,0.0,0.0,0.0,23.467480312166302,0.0,5.6261863843373225,0.0
816.0,520.7347347051005,292.8398616352686,0.0,38.51921861611638,0.0,0.0,10.060523869756908,0.0,0.0,0.0,63.0045330176479,0.0,0.0,0.0,23.467667709608833,0.0,5.6261863847984275,0.0
817.0,520.6704157328074,292.9358140194474,0.0,38.51897156398101,0.0,0.0,10.06052386949905,0.0,0.0,0.0,63.00455943088371,0.0,0.0,0.0,23.467854137281122,0.0,5.626186385258486,0.0
818.0,520.6061556973576,293.03168957389585,0.0,38.51872407454149,0.0,0.0,10.060523869239896,0.0,0.0,0.0,63.00458589354223,0.0,0.0,0.0,23.46803960321923,0.0,5.626186385717532,0.0
819.0,520.541954587343,293.12748824743664,0.0,38.518476135896385,0.0,0.0,10.06052386897943,0.0,0.0,0.0,63.00461240692657,0.0,0.0,0.0,23.468224114725686,0.0,5.626186386175553,0.0
820.0,520.4778123916074,293.2232099688289,0.0,38.51822776254318,0.0,0.0,10.060523868717647,0.0,0.0,0.0,63.004638969459,0.0,0.0,0.0,23.468407679556496,0.0,5.626186386632574,0.0
821.0,520.4137290992057,293.31885470414966,0.0,38.517978921077194,0.0,0.0,10.060523868454553,0.0,0.0,0.0,63.00466558478918,0.0,0.0,0.0,23.468590304473178,0.0,5.626186387088554,0.0
822.0,520.349704699478,293.4144223987403,0.0,38.51772960577851,0.0,0.0,10.060523868190119,0.0,0.0,0.0,63.00469225354743,0.0,0.0,0.0,23.468771996703076,0.0,5.626186387543489,0.0
823.0,520.2857391820063,293.5099129519935,0.0,38.51747986885672,0.0,0.0,10.060523867924362,0.0,0.0,0.0,63.00471897003731,0.0,0.0,0.0,23.46895276449857,0.0,5.626186387997463,0.0
824.0,520.2218325365242,293.60532647172545,0.0,38.5172294981015,0.0,0.0,10.060523867657253,0.0,0.0,0.0,63.004745757431756,0.0,0.0,0.0,23.469132611161314,0.0,5.626186388450183,0.0
825.0,520.157984753328,293.70066263397337,0.0,38.516978831988936,0.0,0.0,10.06052386738881,0.0,0.0,0.0,63.004772578784284,0.0,0.0,0.0,23.469311550015153,0.0,5.626186388902119,0.0
826.0,520.0941958224197,293.79592151260965,0.0,38.516727703629485,0.0,0.0,10.060523867119022,0.0,0.0,0.0,63.00479945232187,0.0,0.0,0.0,23.469489585023585,0.0,5.626186389353046,0.0
827.0,520.0304657342925,293.8911030252788,0.0,38.51647613562196,0.0,0.0,10.060523866847875,0.0,0.0,0.0,63.00482637556747,0.0,0.0,0.0,23.469666723556088,0.0,5.626186389803014,0.0
828.0,519.9667944796331,293.98620714309305,0.0,38.51622410000995,0.0,0.0,10.060523866575364,0.0,0.0,0.0,63.00485335159404,0.0,0.0,0.0,23.46984297202424,0.0,5.626186390251972,0.0
829.0,519.9031820494054,294.081233802114,0.0,38.515971602322175,0.0,0.0,10.06052386630149,0.0,0.0,0.0,63.004880379798664,0.0,0.0,0.0,23.470018337368188,0.0,5.626186390699937,0.0
830.0,519.8396284347937,294.1761829404987,0.0,38.515718646362785,0.0,0.0,10.060523866026246,0.0,0.0,0.0,63.00490745976779,0.0,0.0,0.0,23.470192826419634,0.0,5.626186391146921,0.0
831.0,519.7761336272068,294.27105450609986,0.0,38.5154652270841,0.0,0.0,10.060523865749616,0.0,0.0,0.0,63.004934592060124,0.0,0.0,0.0,23.470366445802274,0.0,5.62618639159292,0.0
832.0,519.7126976182911,294.36584842050627,0.0,38.5152113613758,0.0,0.0,10.06052386547161,0.0,0.0,0.0,63.00496177481979,0.0,0.0,0.0,23.470539202424778,0.0,5.626186392037981,0.0
833.0,519.6493203998933,294.4605646667605,0.0,38.514957017032856,0.0,0.0,10.060523865192204,0.0,0.0,0.0,63.00498901159794,0.0,0.0,0.0,23.47071110233212,0.0,5.626186392482031,0.0
834.0,519.5860019641432,294.5552031463094,0.0,38.51470222568903,0.0,0.0,10.060523864911412,0.0,0.0,0.0,63.005016298911464,0.0,0.0,0.0,23.470882152549706,0.0,5.626186392925154,0.0
835.0,519.5227423033452,294.64976384833335,0.0,38.51444695245588,0.0,0.0,10.060523864629207,0.0,0.0,0.0,63.00504364061133,0.0,0.0,0.0,23.471052358970084,0.0,5.626186393367269,0.0
836.0,519.4595414100912,294.7442466799614,0.0,38.51419122452616,0.0,0.0,10.060523864345596,0.0,0.0,0.0,63.005071033702826,0.0,0.0,0.0,23.471221728392834,0.0,5.6261863938084495,0.0
837.0,519.3963992771539,294.8386515981395,0.0,38.51393503130972,0.0,0.0,10.060523864060569,0.0,0.0,0.0,63.005098479357166,0.0,0.0,0.0,23.471390266975874,0.0,5.626186394248674,0.0
838.0,519.3333158975511,294.93297844714004,0.0,38.51367843692429,0.0,0.0,10.060523863774124,0.0,0.0,0.0,63.00512597048481,0.0,0.0,0.0,23.471557981937554,0.0,5.62618639468814,0.0
839.0,519.2702912644129,295.0272273749782,0.0,38.5134213061686,0.0,0.0,10.060523863486248,0.0,0.0,0.0,63.00515352203936,0.0,0.0,0.0,23.471724877451315,0.0,5.626186395126463,0.0
840.0,519.2073253713348,295.12139822470533,0.0,38.51316370689353,0.0,0.0,10.060523863196934,0.0,0.0,0.0,63.00518112652522,0.0,0.0,0.0,23.471890960674422,0.0,5.626186395563841,0.0
841.0,519.1444182120186,295.21549094044525,0.0,38.51290563846893,0.0,0.0,10.060523862906184,0.0,0.0,0.0,63.005208784015046,0.0,0.0,0.0,23.472056237682743,0.0,5.626186396000276,0.0
842.0,519.0815697803921,295.30950546784584,0.0,38.51264709992507,0.0,0.0,10.060523862613985,0.0,0.0,0.0,63.00523649462011,0.0,0.0,0.0,23.472220714480397,0.0,5.626186396435776,0.0
843.0,519.0187800706098,295.403441752612,0.0,38.51238809037667,0.0,0.0,10.060523862320336,0.0,0.0,0.0,63.005264258442274,0.0,0.0,0.0,23.472384397013816,0.0,5.62618639687034,0.0
844.0,518.9560490770517,295.4972997390242,0.0,38.51212860909738,0.0,0.0,10.06052386202522,0.0,0.0,0.0,63.00529207556455,0.0,0.0,0.0,23.47254729119229,0.0,5.626186397303976,0.0
845.0,518.8933767943241,295.5910793742837,0.0,38.511868655181225,0.0,0.0,10.060523861728647,0.0,0.0,0.0,63.00531994609232,0.0,0.0,0.0,23.472709402830468,0.0,5.6261863977366815,0.0
846.0,518.8307632172573,295.68478060406864,0.0,38.51160822773178,0.0,0.0,10.0605238614306,0.0,0.0,0.0,63.00534787012851,0.0,0.0,0.0,23.47287073771692,0.0,5.626186398168462,0.0
847.0,518.7682083409067,295.7784033725699,0.0,38.51134732598122,0.0,0.0,10.060523861131072,0.0,0.0,0.0,63.00537584776004,0.0,0.0,0.0,23.47303130159676,0.0,5.6261863985993275,0.0
848.0,518.7057121605513,295.8719477270889,0.0,38.51108591265396,0.0,0.0,10.06052386083006,0.0,0.0,0.0,63.00540388317957,0.0,0.0,0.0,23.473191099554285,0.0,5.626186399029085,0.0
849.0,518.6432746717716,295.9654134108098,0.0,38.51082406424312,0.0,0.0,10.060523860527553,0.0,0.0,0.0,63.005431967806246,0.0,0.0,0.0,23.473350138396018,0.0,5.626186399458124,0.0
850.0,518.5808958702094,296.0588004749828,0.0,38.51056173836254,0.0,0.0,10.060523860223547,0.0,0.0,0.0,63.005460106392746,0.0,0.0,0.0,23.473508423061496,0.0,5.626186399886248,0.0
851.0,518.5185757518148,296.1521088611564,0.0,38.51029893561335,0.0,0.0,10.060523859918046,0.0,0.0,0.0,63.005488298873026,0.0,0.0,0.0,23.47366595908331,0.0,5.626186400313472,0.0
852.0,518.456314312757,296.24533842157047,0.0,38.51003567202601,0.0,0.0,10.060523859611026,0.0,0.0,0.0,63.005516543386975,0.0,0.0,0.0,23.473822752436035,0.0,5.626186400739976,0.0
853.0,518.3941115493789,296.33848929361864,0.0,38.50977190466126,0.0,0.0,10.060523859302487,0.0,0.0,0.0,63.00554484486234,0.0,0.0,0.0,23.473978807565246,0.0,5.6261864011654055,0.0
854.0,518.3319674583532,296.4315613338817,0.0,38.50950765814406,0.0,0.0,10.060523858992422,0.0,0.0,0.0,63.00557320050232,0.0,0.0,0.0,23.47413413021071,0.0,5.626186401589929,0.0
855.0,518.2698820365148,296.5245544817858,0.0,38.509242928737926,0.0,0.0,10.060523858680828,0.0,0.0,0.0,63.005601610716376,0.0,0.0,0.0,23.47428872583034,0.0,5.626186402013571,0.0
856.0,518.2078552809207,296.61746870510694,0.0,38.508977725913454,0.0,0.0,10.060523858367697,0.0,0.0,0.0,63.00563007448335,0.0,0.0,0.0,23.474442599218015,0.0,5.626186402436279,0.0
857.0,518.1458871888392,296.7103039131096,0.0,38.50871203011497,0.0,0.0,10.06052385805302,0.0,0.0,0.0,63.005658593929766,0.0,0.0,0.0,23.474595756425852,0.0,5.626186402858151,0.0
858.0,518.0839777577736,296.8030600831969,0.0,38.508445856157394,0.0,0.0,10.060523857736792,0.0,0.0,0.0,63.00568716745327,0.0,0.0,0.0,23.47474820192092,0.0,5.626186403279116,0.0
859.0,518.0221269854334,296.8957371528319,0.0,38.5081791982357,0.0,0.0,10.060523857419005,0.0,0.0,0.0,63.00571579568962,0.0,0.0,0.0,23.474899941036504,0.0,5.6261864036992,0.0
860.0,517.9603348697505,296.98833506917197,0.0,38.50791205548269,0.0,0.0,10.060523857099653,0.0,0.0,0.0,63.0057444787388,0.0,0.0,0.0,23.475050978839793,0.0,5.626186404118409,0.0
861.0,517.8986014088747,297.08085377181635,0.0,38.5076444206184,0.0,0.0,10.060523856778726,0.0,0.0,0.0,63.00577321740591,0.0,0.0,0.0,23.47520132062528,0.0,5.626186404536765,0.0
862.0,517.8369266011799,297.1732932256509,0.0,38.50737630705156,0.0,0.0,10.06052385645622,0.0,0.0,0.0,63.005802010222595,0.0,0.0,0.0,23.47535097075819,0.0,5.626186404954224,0.0
863.0,517.7753104452435,297.2656534016536,0.0,38.50710773957023,0.0,0.0,10.060523856132143,0.0,0.0,0.0,63.00583085444173,0.0,0.0,0.0,23.47549993294451,0.0,5.626186405370721,0.0
864.0,517.7137529398332,297.35793413947084,0.0,38.506838609305355,0.0,0.0,10.06052385580645,0.0,0.0,0.0,63.005859762117986,0.0,0.0,0.0,23.47564821708378,0.0,5.62618640578657,0.0
865.0,517.6522540840404,297.45013550999755,0.0,38.50656903967734,0.0,0.0,10.06052385547916,0.0,0.0,0.0,63.00588871959173,0.0,0.0,0.0,23.475795822224107,0.0,5.626186406201417,0.0
866.0,517.590813877049,297.54225740356037,0.0,38.50629897099613,0.0,0.0,10.060523855150276,0.0,0.0,0.0,63.00591773347875,0.0,0.0,0.0,23.47594275591251,0.0,5.626186406615433,0.0
867.0,517.5294323183163,297.63429977684024,0.0,38.50602841189467,0.0,0.0,10.060523854819765,0.0,0.0,0.0,63.00594680282598,0.0,0.0,0.0,23.476089022449646,0.0,5.6261864070285945,0.0
868.0,517.4681094075049,297.7262625451655,0.0,38.50575733227039,0.0,0.0,10.06052385448763,0.0,0.0,0.0,63.00597593091404,0.0,0.0,0.0,23.47623462719415,0.0,5.626186407440981,0.0
869.0,517.4068451445221,297.8181457511535,0.0,38.50548581537384,0.0,0.0,10.06052385415388,0.0,0.0,0.0,63.00600510870559,0.0,0.0,0.0,23.47637957306176,0.0,5.626186407852375,0.0
870.0,517.3456395294014,297.909949251166,0.0,38.50521378052355,0.0,0.0,10.060523853818488,0.0,0.0,0.0,63.00603434495669,0.0,0.0,0.0,23.476523866181843,0.0,5.62618640826299,0.0
871.0,517.2844925624727,298.0016729741973,0.0,38.50494119238863,0.0,0.0,10.060523853481437,0.0,0.0,0.0,63.0060636436146,0.0,0.0,0.0,23.47666751269504,0.0,5.626186408672895,0.0
872.0,517.2234042443145,298.09331701000303,0.0,38.50466822398452,0.0,0.0,10.060523853142762,0.0,0.0,0.0,63.00609298563613,0.0,0.0,0.0,23.47681051154324,0.0,5.6261864090817095,0.0
873.0,517.1623745755353,298.1848811332954,0.0,38.50439465778333,0.0,0.0,10.060523852802408,0.0,0.0,0.0,63.00612239498015,0.0,0.0,0.0,23.47695287418409,0.0,5.6261864094899074,0.0
874.0,517.1014035571834,298.276365405345,0.0,38.50412063857026,0.0,0.0,10.060523852460395,0.0,0.0,0.0,63.00615185571603,0.0,0.0,0.0,23.477094600539633,0.0,5.626186409897183,0.0
875.0,517.040491190363,298.36776974797937,0.0,38.50384613411659,0.0,0.0,10.060523852116715,0.0,0.0,0.0,63.00618137136282,0.0,0.0,0.0,23.477235695665314,0.0,5.626186410303607,0.0
876.0,516.9796374764243,298.45909410221714,0.0,38.50357113320433,0.0,0.0,10.060523851771352,0.0,0.0,0.0,63.006210943178196,0.0,0.0,0.0,23.477376164443072,0.0,5.626186410709204,0.0
877.0,516.9188424169381,298.55033841766937,0.0,38.50329563700945,0.0,0.0,10.060523851424305,0.0,0.0,0.0,63.00624057102735,0.0,0.0,0.0,23.47751601102768,0.0,5.626186411113972,0.0
878.0,516.858106013683,298.6415026396842,0.0,38.503019640384686,0.0,0.0,10.060523851075562,0.0,0.0,0.0,63.006270255500894,0.0,0.0,0.0,23.47765524005558,0.0,5.6261864115179225,0.0
879.0,516.7974282686507,298.7325867182514,0.0,38.502743145010015,0.0,0.0,10.060523850725115,0.0,0.0,0.0,63.00629999640826,0.0,0.0,0.0,23.477793855584945,0.0,5.626186411921055,0.0
880.0,516.7368091840394,298.8235906013161,0.0,38.50246614972161,0.0,0.0,10.060523850372956,0.0,0.0,0.0,63.00632979388648,0.0,0.0,0.0,23.47793186189188,0.0,5.626186412323375,0.0
881.0,516.6762487622556,298.91451423193047,0.0,38.502188654389265,0.0,0.0,10.06052385001908,0.0,0.0,0.0,63.00635964804465,0.0,0.0,0.0,23.478069264236723,0.0,5.626186412724904,0.0
882.0,516.6157470059036,299.0053575699268,0.0,38.501910661352355,0.0,0.0,10.060523849663484,0.0,0.0,0.0,63.006389558451865,0.0,0.0,0.0,23.478206064507102,0.0,5.626186413125598,0.0
883.0,516.5553039178087,299.0961205575986,0.0,38.501632166591726,0.0,0.0,10.060523849306154,0.0,0.0,0.0,63.00641952564175,0.0,0.0,0.0,23.47834226793329,0.0,5.626186413525485,0.0
884.0,516.4949195009984,299.1868031433609,0.0,38.50135316934516,0.0,0.0,10.060523848947083,0.0,0.0,0.0,63.00644954970314,0.0,0.0,0.0,23.4784778785805,0.0,5.62618641392457,0.0
885.0,516.4345937587066,299.27740527687644,0.0,38.50107366526355,0.0,0.0,10.060523848586262,0.0,0.0,0.0,63.00647963109394,0.0,0.0,0.0,23.478612900230665,0.0,5.626186414322848,0.0
886.0,516.3743266943798,299.36792690334494,0.0,38.500793662849546,0.0,0.0,10.060523848223689,0.0,0.0,0.0,63.00650976895212,0.0,0.0,0.0,23.478747337535612,0.0,5.626186414720335,0.0
887.0,516.3141183116504,299.45836796740485,0.0,38.50051317870248,0.0,0.0,10.060523847859349,0.0,0.0,0.0,63.00653996151912,0.0,0.0,0.0,23.47888119492185,0.0,5.626186415117036,0.0
888.0,516.2539686143242,299.5487284292467,0.0,38.50023216820256,0.0,0.0,10.060523847493242,0.0,0.0,0.0,63.00657021348511,0.0,0.0,0.0,23.47901447435771,0.0,5.626186415512932,0.0
889.0,516.1938776064956,299.6390082312962,0.0,38.49995065149794,0.0,0.0,10.060523847125353,0.0,0.0,0.0,63.006600522756955,0.0,0.0,0.0,23.47914718079918,0.0,5.626186415908038,0.0
890.0,516.1338452924211,299.729207322041,0.0,38.4996686278088,0.0,0.0,10.060523846755672,0.0,0.0,0.0,63.006630889425594,0.0,0.0,0.0,23.479279318098968,0.0,5.626186416302355,0.0
891.0,516.0738716765604,299.8193256497698,0.0,38.49938609713983,0.0,0.0,10.060523846384203,0.0,0.0,0.0,63.006661313497965,0.0,0.0,0.0,23.47941089009191,0.0,5.626186416695889,0.0
892.0,516.0139567635745,299.90936314745596,0.0,38.499103116939104,0.0,0.0,10.060523846010929,0.0,0.0,0.0,63.00669178881896,0.0,0.0,0.0,23.479541901607426,0.0,5.626186417088655,0.0
893.0,515.9541005582239,299.9993197956248,0.0,38.49881956461308,0.0,0.0,10.060523845635842,0.0,0.0,0.0,63.00672232853309,0.0,0.0,0.0,23.479672354070075,0.0,5.626186417480625,0.0
894.0,515.8943030656859,300.0891955240319,0.0,38.49853551052721,0.0,0.0,10.060523845258937,0.0,0.0,0.0,63.00675292511226,0.0,0.0,0.0,23.47980225261158,0.0,5.6261864178718195,0.0
895.0,515.834564291213,300.17899028340173,0.0,38.49825094558683,0.0,0.0,10.060523844880203,0.0,0.0,0.0,63.00678357953954,0.0,0.0,0.0,23.47993160076931,0.0,5.6261864182622405,0.0
896.0,515.7748842402727,300.26870415260197,0.0,38.49796545298467,0.0,0.0,10.060523844499595,0.0,0.0,0.0,63.00681433684053,0.0,0.0,0.0,23.48006039790989,0.0,5.626186418651791,0.0
897.0,515.7152629192572,300.3583368334912,0.0,38.49767983478362,0.0,0.0,10.060523844117176,0.0,0.0,0.0,63.006845110453945,0.0,0.0,0.0,23.480188656532977,0.0,5.626186419040664,0.0
898.0,515.6557003333592,300.4478884528945,0.0,38.4973935240494,0.0,0.0,10.060523843732888,0.0,0.0,0.0,63.00687596160852,0.0,0.0,0.0,23.480316374263566,0.0,5.626186419428724,0.0
899.0,515.5961964889576,300.53735877470564,0.0,38.497107059652464,0.0,0.0,10.060523843346774,0.0,0.0,0.0,63.0069068319661,0.0,0.0,0.0,23.48044355883391,0.0,5.626186419816107,0.0
900.0,515.5367513916902,300.62674793248084,0.0,38.49681990062126,0.0,0.0,10.060523842958776,0.0,0.0,0.0,63.00693778010497,0.0,0.0,0.0,23.480570209589057,0.0,5.626186420202684,0.0
901.0,515.477365048334,300.71605581348757,0.0,38.49653222384383,0.0,0.0,10.060523842568898,0.0,0.0,0.0,63.00696878687872,0.0,0.0,0.0,23.48069633139063,0.0,5.6261864205885,0.0
902.0,515.4180374655535,300.80528236454796,0.0,38.49624403376713,0.0,0.0,10.060523842177137,0.0,0.0,0.0,63.006999851815195,0.0,0.0,0.0,23.480821927770716,0.0,5.626186420973559,0.0
903.0,515.3587686502018,300.8944275311516,0.0,38.49595533845373,0.0,0.0,10.060523841783478,0.0,0.0,0.0,63.007030974049854,0.0,0.0,0.0,23.480947002250183,0.0,5.626186421357864,0.0
904.0,515.2995586093117,300.983491268516,0.0,38.49566611533443,0.0,0.0,10.060523841387917,0.0,0.0,0.0,63.00706215602572,0.0,0.0,0.0,23.481071557998,0.0,5.626186421741415,0.0
905.0,515.2404073501514,301.07247364447653,0.0,38.49537610120149,0.0,0.0,10.060523840990415,0.0,0.0,0.0,63.007093426439816,0.0,0.0,0.0,23.481195598100122,0.0,5.62618642212413,0.0
906.0,515.1813148806478,301.1613742375896,0.0,38.49508611574613,0.0,0.0,10.060523840591062,0.0,0.0,0.0,63.00712469598421,0.0,0.0,0.0,23.48131912714983,0.0,5.626186422506268,0.0
907.0,515.1222812074728,301.25019336682993,0.0,38.49479533705159,0.0,0.0,10.060523840189747,0.0,0.0,0.0,63.007156054221035,0.0,0.0,0.0,23.481442147215148,0.0,5.626186422887575,0.0
908.0,515.0633063389441,301.3389308558545,0.0,38.494504040164294,0.0,0.0,10.060523839786491,0.0,0.0,0.0,63.00718747118878,0.0,0.0,0.0,23.481564662016975,0.0,5.626186423268139,0.0
909.0,515.0043902830859,301.4275867264627,0.0,38.494212031357414,0.0,0.0,10.060523839381268,0.0,0.0,0.0,63.007218967907676,0.0,0.0,0.0,23.48168667374135,0.0,5.626186423647912,0.0
910.0,514.9455330484582,301.5161606919683,0.0,38.493919922436696,0.0,0.0,10.060523838974138,0.0,0.0,0.0,63.00725047801619,0.0,0.0,0.0,23.481808188993526,0.0,5.6261864240270585,0.0
911.0,514.8867346427251,301.6046530568119,0.0,38.493626801956495,0.0,0.0,10.060523838564995,0.0,0.0,0.0,63.00728210043919,0.0,0.0,0.0,23.481929206390674,0.0,5.6261864244053355,0.0
912.0,514.8279950753638,301.6930634531579,0.0,38.49333352058464,0.0,0.0,10.060523838153912,0.0,0.0,0.0,63.00731374293451,0.0,0.0,0.0,23.48204973388387,0.0,5.626186424782959,0.0
913.0,514.7693143545313,301.7813918788137,0.0,38.493039759712545,0.0,0.0,10.060523837740867,0.0,0.0,0.0,63.00734543971473,0.0,0.0,0.0,23.48216977017321,0.0,5.626186425159907,0.0
914.0,514.7106924891254,301.8696385654691,0.0,38.49274504838109,0.0,0.0,10.060523837325771,0.0,0.0,0.0,63.007377242429506,0.0,0.0,0.0,23.48228932030679,0.0,5.626186425535974,0.0
915.0,514.6521294890953,301.9578031319433,0.0,38.49245008190993,0.0,0.0,10.060523836908715,0.0,0.0,0.0,63.00740907530091,0.0,0.0,0.0,23.482408388136,0.0,5.626186425911398,0.0
916.0,514.5936253633259,302.045885643464,0.0,38.49215459031996,0.0,0.0,10.060523836489644,0.0,0.0,0.0,63.00744096770864,0.0,0.0,0.0,23.482526976035825,0.0,5.626186426286095,0.0
917.0,514.5351801213751,302.13388600622926,0.0,38.491858658397426,0.0,0.0,10.060523836068574,0.0,0.0,0.0,63.00747291040874,0.0,0.0,0.0,23.4826450870525,0.0,5.626186426660101,0.0
918.0,514.476793772834,302.2218041512705,0.0,38.49156278066604,0.0,0.0,10.06052383564556,0.0,0.0,0.0,63.007504849697405,0.0,0.0,0.0,23.48276272412987,0.0,5.626186427033321,0.0
919.0,514.4184663267015,302.3096403291308,0.0,38.491264958099116,0.0,0.0,10.060523835220312,0.0,0.0,0.0,63.00753700294766,0.0,0.0,0.0,23.48287989050391,0.0,5.626186427405863,0.0
920.0,514.3601977954411,302.3973939064826,0.0,38.49096815471291,0.0,0.0,10.06052383479324,0.0,0.0,0.0,63.00756904757549,0.0,0.0,0.0,23.482996587305557,0.0,5.626186427777715,0.0
921.0,514.3019881867801,302.48506549329215,0.0,38.49066941157226,0.0,0.0,10.060523834363911,0.0,0.0,0.0,63.00760130606159,0.0,0.0,0.0,23.4831128226768,0.0,5.626186428148827,0.0
922.0,514.2438375135694,302.57265456825706,0.0,38.49037078332469,0.0,0.0,10.060523833932614,0.0,0.0,0.0,63.007633554279735,0.0,0.0,0.0,23.48322859398685,0.0,5.626186428519229,0.0
923.0,514.1857457854246,302.66016135583055,0.0,38.49007111023129,0.0,0.0,10.060523833499193,0.0,0.0,0.0,63.00766591816039,0.0,0.0,0.0,23.48334390150318,0.0,5.626186428888837,0.0
924.0,514.1277130141262,302.7475854189544,0.0,38.48977187054236,0.0,0.0,10.060523833063785,0.0,0.0,0.0,63.007698238250626,0.0,0.0,0.0,23.483458761858532,0.0,5.6261864292579,0.0
925.0,514.0697392090212,302.8349271497544,0.0,38.48947145337953,0.0,0.0,10.060523832626219,0.0,0.0,0.0,63.00773068851782,0.0,0.0,0.0,23.483573164561893,0.0,5.626186429626139,0.0
926.0,514.0118243824973,302.92218623602093,0.0,38.4891706760895,0.0,0.0,10.060523832186579,0.0,0.0,0.0,63.00776318039704,0.0,0.0,0.0,23.483687116538864,0.0,5.6261864299937105,0.0
927.0,513.9539685456734,303.00936269118205,0.0,38.48886936667514,0.0,0.0,10.06052383174483,0.0,0.0,0.0,63.00779573264608,0.0,0.0,0.0,23.483800620719972,0.0,5.626186430360582,0.0
928.0,513.8961717101569,303.0964564624463,0.0,38.48856752446421,0.0,0.0,10.06052383130096,0.0,0.0,0.0,63.007828345344194,0.0,0.0,0.0,23.483913679878917,0.0,5.626186430726754,0.0
929.0,513.8384338877382,303.18346746711273,0.0,38.48826514328759,0.0,0.0,10.060523830854969,0.0,0.0,0.0,63.00786101899841,0.0,0.0,0.0,23.484026295466503,0.0,5.626186431092254,0.0
930.0,513.7807550903908,303.27039574266064,0.0,38.48796223933537,0.0,0.0,10.060523830406824,0.0,0.0,0.0,63.00789375236807,0.0,0.0,0.0,23.484138474134866,0.0,5.626186431457013,0.0
931.0,513.723135330269,303.3572411458476,0.0,38.487658795148036,0.0,0.0,10.060523829956546,0.0,0.0,0.0,63.007926546844786,0.0,0.0,0.0,23.484250214667693,0.0,5.626186431821103,0.0
932.0,513.66557461971,303.4440036538549,0.0,38.487354815715356,0.0,0.0,10.060523829504106,0.0,0.0,0.0,63.00795940206373,0.0,0.0,0.0,23.484361521058084,0.0,5.626186432184501,0.0
933.0,513.6080729712315,303.5306832136862,0.0,38.48705030041672,0.0,0.0,10.060523829049503,0.0,0.0,0.0,63.007992318099056,0.0,0.0,0.0,23.48447239596913,0.0,5.626186432547211,0.0
934.0,513.550630397532,303.6172797719841,0.0,38.48674524816774,0.0,0.0,10.06052382859272,0.0,0.0,0.0,63.008025295074006,0.0,0.0,0.0,23.484582842033543,0.0,5.626186432909234,0.0
935.0,513.4932469114901,303.7037932762198,0.0,38.48643965923178,0.0,0.0,10.060523828133753,0.0,0.0,0.0,63.00805833296932,0.0,0.0,0.0,23.48469286188804,0.0,5.6261864332705755,0.0
936.0,513.4359225261632,303.790223674821,0.0,38.48613353641691,0.0,0.0,10.060523827672586,0.0,0.0,0.0,63.00809143149274,0.0,0.0,0.0,23.484802458163944,0.0,5.626186433631229,0.0
937.0,513.3786572547825,303.8765709105747,0.0,38.485826871638885,0.0,0.0,10.060523827209222,0.0,0.0,0.0,63.00812459151338,0.0,0.0,0.0,23.484911633342684,0.0,5.626186433991205,0.0
938.0,513.3214511107681,303.9628349323588,0.0,38.485519668300654,0.0,0.0,10.060523826743637,0.0,0.0,0.0,63.00815781267711,0.0,0.0,0.0,23.485020390033036,0.0,5.626186434350503,0.0
939.0,513.2643041077123,304.04901568678054,0.0,38.485211925951475,0.0,0.0,10.060523826275826,0.0,0.0,0.0,63.008191095039386,0.0,0.0,0.0,23.48512873076565,0.0,5.6261864347091235,0.0
940.0,513.2072162593845,304.1351131198072,0.0,38.48490364236142,0.0,0.0,10.060523825805781,0.0,0.0,0.0,63.00822443884784,0.0,0.0,0.0,23.48523665804993,0.0,5.62618643506707,0.0
941.0,513.1501875797335,304.2211272198575,0.0,38.484594940493544,0.0,0.0,10.060523825333512,0.0,0.0,0.0,63.0082578306322,0.0,0.0,0.0,23.485344172856255,0.0,5.626186435424267,0.0
942.0,513.0932180827268,304.3070578462212,0.0,38.484285571525525,0.0,0.0,10.060523824858963,0.0,0.0,0.0,63.00829129763321,0.0,0.0,0.0,23.485451280434646,0.0,5.626186435780872,0.0
943.0,513.0363077828238,304.3929049908423,0.0,38.4839756588156,0.0,0.0,10.060523824382154,0.0,0.0,0.0,63.00832482637358,0.0,0.0,0.0,23.48555798199014,0.0,5.626186436136809,0.0
944.0,512.9794566945017,304.4786686002461,0.0,38.48366520247496,0.0,0.0,10.060523823903063,0.0,0.0,0.0,63.00835841684681,0.0,0.0,0.0,23.48566427994203,0.0,5.626186436492078,0.0
945.0,512.9226648324114,304.5643486242455,0.0,38.483354215970856,0.0,0.0,10.06052382342169,0.0,0.0,0.0,63.00839206755853,0.0,0.0,0.0,23.485770176324838,0.0,5.626186436846672,0.0
946.0,512.8659322113609,304.64994500103376,0.0,38.48304266818711,0.0,0.0,10.060523822938016,0.0,0.0,0.0,63.008425781968064,0.0,0.0,0.0,23.48587567426147,0.0,5.626186437200613,0.0
947.0,512.8092588463692,304.73545768090685,0.0,38.48273057402656,0.0,0.0,10.06052382245203,0.0,0.0,0.0,63.008459558430104,0.0,0.0,0.0,23.485980775782426,0.0,5.626186437553892,0.0
948.0,512.7526447526096,304.82088660985914,0.0,38.48241793280744,0.0,0.0,10.06052382196373,0.0,0.0,0.0,63.00849339702557,0.0,0.0,0.0,23.486085483242487,0.0,5.62618643790651,0.0
949.0,512.6960899454281,304.90623173381005,0.0,38.48210474383519,0.0,0.0,10.060523821473105,0.0,0.0,0.0,63.00852729783683,0.0,0.0,0.0,23.486189798977623,0.0,5.626186438258471,0.0
950.0,512.6395944403425,304.9914929985412,0.0,38.48179100621376,0.0,0.0,10.060523820980132,0.0,0.0,0.0,63.00856126097048,0.0,0.0,0.0,23.48629372532473,0.0,5.626186438609776,0.0
951.0,512.5831582530427,305.07667040991777,0.0,38.48147687301963,0.0,0.0,10.060523820484974,0.0,0.0,0.0,63.00859526687231,0.0,0.0,0.0,23.486397240123715,0.0,5.626186438960124,0.0
952.0,512.5267813993864,305.1617637855646,0.0,38.48116195276601,0.0,0.0,10.060523819987287,0.0,0.0,0.0,63.008629363832725,0.0,0.0,0.0,23.48650039390032,0.0,5.626186439310137,0.0
953.0,512.4704638955408,305.24677307136795,0.0,38.48084643395383,0.0,0.0,10.060523819486953,0.0,0.0,0.0,63.00866353430922,0.0,0.0,0.0,23.486603210774796,0.0,5.626186439659994,0.0
954.0,512.4142057573504,305.3316984239079,0.0,38.48053044095154,0.0,0.0,10.060523818984784,0.0,0.0,0.0,63.00869774755264,0.0,0.0,0.0,23.486705556093046,0.0,5.626186440008206,0.0
955.0,512.3580070019351,305.4165395772197,0.0,38.48021384771205,0.0,0.0,10.060523818479947,0.0,0.0,0.0,63.00873203450938,0.0,0.0,0.0,23.4868075689843,0.0,5.626186440356265,0.0
956.0,512.3018676454785,305.5012965029064,0.0,38.479897193122426,0.0,0.0,10.060523817972587,0.0,0.0,0.0,63.00876633521428,0.0,0.0,0.0,23.486909240640205,0.0,5.626186440703948,0.0
957.0,512.2457877036014,305.5859692259949,0.0,38.479579638511176,0.0,0.0,10.060523817462945,0.0,0.0,0.0,63.008800732264746,0.0,0.0,0.0,23.487010504755446,0.0,5.626186441050707,0.0
958.0,512.1897671940295,305.6705576528056,0.0,38.47926153295594,0.0,0.0,10.060523816950885,0.0,0.0,0.0,63.00883519193923,0.0,0.0,0.0,23.487111397334317,0.0,5.626186441396823,0.0
959.0,512.1338061338008,305.7550617284769,0.0,38.478942875875425,0.0,0.0,10.060523816436385,0.0,0.0,0.0,63.00886971430714,0.0,0.0,0.0,23.48721192052623,0.0,5.626186441742298,0.0
960.0,512.077904540121,305.83948139784104,0.0,38.4786236666046,0.0,0.0,10.060523815919439,0.0,0.0,0.0,63.00890429944865,0.0,0.0,0.0,23.487312076477735,0.0,5.626186442087135,0.0
961.0,512.0220624303613,305.9238166058621,0.0,38.478303904576336,0.0,0.0,10.060523815400034,0.0,0.0,0.0,63.0089389474318,0.0,0.0,0.0,23.48741186730484,0.0,5.626186442431333,0.0
962.0,511.9662798220588,306.008067297338,0.0,38.47798358919774,0.0,0.0,10.060523814878161,0.0,0.0,0.0,63.008973658327946,0.0,0.0,0.0,23.487511295111915,0.0,5.626186442774897,0.0
963.0,511.9105567329156,306.09223341542634,0.0,38.47766305808663,0.0,0.0,10.060523814353845,0.0,0.0,0.0,63.00900839585457,0.0,0.0,0.0,23.48761036471302,0.0,5.626186443117802,0.0
964.0,511.85489318023895,306.1763149831913,0.0,38.477341187651206,0.0,0.0,10.06052381382699,0.0,0.0,0.0,63.00904327997259,0.0,0.0,0.0,23.48770906224961,0.0,5.626186443460009,0.0
965.0,511.7992891834689,306.2603117947736,0.0,38.47701917148251,0.0,0.0,10.060523813297637,0.0,0.0,0.0,63.00907818402595,0.0,0.0,0.0,23.487807413131247,0.0,5.626186443801677,0.0
966.0,511.7437447600135,306.3442238690317,0.0,38.476696596639414,0.0,0.0,10.06052381276577,0.0,0.0,0.0,63.00911315159945,0.0,0.0,0.0,23.487905409252004,0.0,5.626186444142713,0.0
967.0,511.68825992823525,306.4280511503831,0.0,38.47637346284434,0.0,0.0,10.060523812231375,0.0,0.0,0.0,63.00914818273005,0.0,0.0,0.0,23.48800305263246,0.0,5.626186444483122,0.0
968.0,511.6328347066592,306.51179350596135,0.0,38.4760498652966,0.0,0.0,10.060523811694349,0.0,0.0,0.0,63.009183269172574,0.0,0.0,0.0,23.4881003600047,0.0,5.626186444823098,0.0
969.0,511.57746911361875,306.59545111229886,0.0,38.475725513237634,0.0,0.0,10.060523811154964,0.0,0.0,0.0,63.009218436250784,0.0,0.0,0.0,23.488197289178807,0.0,5.6261864451620625,0.0
970.0,511.5221631686722,306.67902368075926,0.0,38.47540069626444,0.0,0.0,10.06052381061292,0.0,0.0,0.0,63.00925365878073,0.0,0.0,0.0,23.48829388630706,0.0,5.626186445500596,0.0
971.0,511.4669168904755,306.7625112330967,0.0,38.475075317265066,0.0,0.0,10.060523810068306,0.0,0.0,0.0,63.0092889452307,0.0,0.0,0.0,23.488390138633356,0.0,5.626186445838508,0.0
972.0,511.4117302981988,306.84591371348245,0.0,38.474749374514964,0.0,0.0,10.060523809521102,0.0,0.0,0.0,63.009324295793895,0.0,0.0,0.0,23.488486048093087,0.0,5.626186446175799,0.0
973.0,511.35660341117426,306.92923106555844,0.0,38.47442286883982,0.0,0.0,10.06052380897131,0.0,0.0,0.0,63.00935971038865,0.0,0.0,0.0,23.488581616622337,0.0,5.62618644651247,0.0
974.0,511.3015362488909,307.01246323324966,0.0,38.474095798740834,0.0,0.0,10.060523808418907,0.0,0.0,0.0,63.00939518918424,0.0,0.0,0.0,23.488676846131497,0.0,5.626186446848525,0.0
975.0,511.2465288309978,307.0956100846169,0.0,38.4737684583474,0.0,0.0,10.060523807863866,0.0,0.0,0.0,63.00943070141245,0.0,0.0,0.0,23.488771746097523,0.0,5.626186447184066,0.0
976.0,511.19158117669457,307.17867161426597,0.0,38.473440735626866,0.0,0.0,10.060523807306279,0.0,0.0,0.0,63.00946625715049,0.0,0.0,0.0,23.48886630649477,0.0,5.626186447518927,0.0
977.0,511.136693305701,307.26164787474477,0.0,38.473112048120704,0.0,0.0,10.060523806745987,0.0,0.0,0.0,63.00950192037767,0.0,0.0,0.0,23.488960530446455,0.0,5.6261864478531445,0.0
978.0,511.08186523885087,307.34453872362957,0.0,38.47278279732996,0.0,0.0,10.060523806183049,0.0,0.0,0.0,63.0095376477071,0.0,0.0,0.0,23.489054422864672,0.0,5.626186448186749,0.0
979.0,511.02709699641616,307.42734416742155,0.0,38.472452634073335,0.0,0.0,10.060523805617464,0.0,0.0,0.0,63.009573475503146,0.0,0.0,0.0,23.48914797419047,0.0,5.626186448519646,0.0
980.0,510.9723885995311,307.5100639934518,0.0,38.47212240107123,0.0,0.0,10.06052380504913,0.0,0.0,0.0,63.00960931665855,0.0,0.0,0.0,23.48924121697512,0.0,5.626186448852114,0.0
981.0,510.9177400677323,307.5926983508981,0.0,38.47179099022776,0.0,0.0,10.060523804478171,0.0,0.0,0.0,63.00964528559467,0.0,0.0,0.0,23.489334114132884,0.0,5.626186449183776,0.0
982.0,510.8631514230299,307.67524699829573,0.0,38.47145938920641,0.0,0.0,10.060523803904475,0.0,0.0,0.0,63.00968127990423,0.0,0.0,0.0,23.489426698446756,0.0,5.6261864495149485,0.0
983.0,510.8086226855459,307.7577099599154,0.0,38.47112717460363,0.0,0.0,10.060523803328064,0.0,0.0,0.0,63.00971734373512,0.0,0.0,0.0,23.489518959724112,0.0,5.626186449845509,0.0
984.0,510.75415387641635,307.8400868972789,0.0,38.47079573486068,0.0,0.0,10.060523802749001,0.0,0.0,0.0,63.00975332887891,0.0,0.0,0.0,23.489610917853575,0.0,5.626186450175671,0.0
985.0,510.69974501431886,307.92237810279704,0.0,38.470463573797645,0.0,0.0,10.060523802167301,0.0,0.0,0.0,63.009789392973886,0.0,0.0,0.0,23.489702540577685,0.0,5.626186450505045,0.0
986.0,510.64539612107006,308.0045837705812,0.0,38.47012876220812,0.0,0.0,10.060523801582521,0.0,0.0,0.0,63.009825747768616,0.0,0.0,0.0,23.489793844709656,0.0,5.6261864508338055,0.0
987.0,510.59110722177064,308.08670334744573,0.0,38.46979441554534,0.0,0.0,10.060523800995137,0.0,0.0,0.0,63.00986205512132,0.0,0.0,0.0,23.489884833994573,0.0,5.626186451161975,0.0
988.0,510.53687833629283,308.1687365842959,0.0,38.469461573326925,0.0,0.0,10.060523800405457,0.0,0.0,0.0,63.009898199188605,0.0,0.0,0.0,23.489975489088952,0.0,5.626186451489406,0.0
989.0,510.4827094830247,308.2506841032282,0.0,38.469125820312755,0.0,0.0,10.060523799812218,0.0,0.0,0.0,63.009934669657646,0.0,0.0,0.0,23.49006588136245,0.0,5.626186451816718,0.0
990.0,510.42860068745597,308.3325459453459,0.0,38.468788008327195,0.0,0.0,10.06052379921627,0.0,0.0,0.0,63.009971360958,0.0,0.0,0.0,23.49015592671552,0.0,5.626186452142911,0.0
991.0,510.37455197480534,308.41432125240857,0.0,38.46845133524067,0.0,0.0,10.06052379861769,0.0,0.0,0.0,63.01000793294678,0.0,0.0,0.0,23.490245670769774,0.0,5.626186452468695,0.0
992.0,510.32056336419544,308.49601006699453,0.0,38.468115730508494,0.0,0.0,10.060523798016531,0.0,0.0,0.0,63.01004439233312,0.0,0.0,0.0,23.490335110632447,0.0,5.626186452793931,0.0
993.0,510.2666348751593,308.5776128441286,0.0,38.46777805261641,0.0,0.0,10.060523797412301,0.0,0.0,0.0,63.010081079555306,0.0,0.0,0.0,23.49042424274199,0.0,5.626186453118556,0.0
994.0,510.2127665328632,308.6591295416489,0.0,38.467438252984984,0.0,0.0,10.060523796804976,0.0,0.0,0.0,63.01011800002031,0.0,0.0,0.0,23.490513070113206,0.0,5.626186453442569,0.0
995.0,510.15895836271005,308.74055961777066,0.0,38.46709943980012,0.0,0.0,10.060523796195023,0.0,0.0,0.0,63.010154816595126,0.0,0.0,0.0,23.49060159565989,0.0,5.626186453765994,0.0
996.0,510.1052103848536,308.82190326600505,0.0,38.466759873253395,0.0,0.0,10.060523795582155,0.0,0.0,0.0,63.01019171819726,0.0,0.0,0.0,23.490689822770054,0.0,5.626186454088848,0.0
997.0,510.05152262258775,308.903160221145,0.0,38.466420393853035,0.0,0.0,10.060523794966496,0.0,0.0,0.0,63.01022861344215,0.0,0.0,0.0,23.490777751111953,0.0,5.6261864544111955,0.0
998.0,509.9978950978305,308.98433061583245,0.0,38.46608095500615,0.0,0.0,10.060523794347977,0.0,0.0,0.0,63.010265508423686,0.0,0.0,0.0,23.49086538869594,0.0,5.626186454732932,0.0
999.0,509.94432783283145,309.0654147265983,0.0,38.465738688448155,0.0,0.0,10.0605237937263,0.0,0.0,0.0,63.01030271106804,0.0,0.0,0.0,23.490952713997775,0.0,5.626186455053955,0.0
1000.0,509.8908208550644,309.1464119665742,0.0,38.465396893099694,0.0,0.0,10.060523793101787,0.0,0.0,0.0,63.010339867018175,0.0,0.0,0.0,23.49103975513707,0.0,5.626186455374493,0.0
1001.0,509.83683971950154,309.22813160568717,0.0,38.465051142662595,0.0,0.0,10.060523792468047,0.0,0.0,0.0,63.01037745589199,0.0,0.0,0.0,23.491127368992444,0.0,5.62618645569763,0.0
1002.01,509.78238093374716,309.3105790434928,0.0,38.46470136647051,0.0,0.0,10.06052379182492,0.0,0.0,0.0,63.01041548533278,0.0,0.0,0.0,23.491215556089344,0.0,5.6261864560233725,0.0
1003.0301,509.72744099653875,309.3937593703081,0.0,38.464349081401245,0.0,0.0,10.060523791172397,0.0,0.0,0.0,63.01045379238796,0.0,0.0,0.0,23.49130432912083,0.0,5.6261864563519035,0.0
1004.060401,509.67201639515866,309.47767872545717,0.0,38.46399043040698,0.0,0.0,10.060523790509839,0.0,0.0,0.0,63.01049279335005,0.0,0.0,0.0,23.491393673181808,0.0,5.626186456682987,0.0
1005.10100501,509.61610361606574,309.5623419998615,0.0,38.46362896885998,0.0,0.0,10.060523789837838,0.0,0.0,0.0,63.010532098921246,0.0,0.0,0.0,23.49148356508884,0.0,5.62618645701647,0.0
1006.1520150600999,509.5596991319737,309.6477548551327,0.0,38.463262405699524,0.0,0.0,10.060523789155331,0.0,0.0,0.0,63.01057196707067,0.0,0.0,0.0,23.491574067825514,0.0,5.626186457352955,0.0
1007.2135352107009,509.5027994120046,309.7339227321628,0.0,38.462891394290004,0.0,0.0,10.060523788462396,0.0,0.0,0.0,63.0106123243279,0.0,0.0,0.0,23.491665162475698,0.0,5.626186457692262,0.0
1008.2856705628079,509.4454009178498,309.8208510950136,0.0,38.46251620166342,0.0,0.0,10.060523787759248,0.0,0.0,0.0,63.01065313595334,0.0,0.0,0.0,23.491756817373982,0.0,5.626186458034058,0.0
1009.368527268436,509.3875001051934,309.90854543556503,0.0,38.46213694552145,0.0,0.0,10.060523787045065,0.0,0.0,0.0,63.01069440060697,0.0,0.0,0.0,23.491849100804036,0.0,5.626186458378955,0.0
1010.4622125411204,509.3290934233671,309.9970112931348,0.0,38.461752884867934,0.0,0.0,10.060523786320289,0.0,0.0,0.0,63.010736185696665,0.0,0.0,0.0,23.49194193239502,0.0,5.626186458726316,0.0
1011.5668346665315,509.27017731916874,310.08625423854824,0.0,38.46136343359427,0.0,0.0,10.060523785584168,0.0,0.0,0.0,63.010778562766525,0.0,0.0,0.0,23.49203536208584,0.0,5.6261864590765835,0.0
1012.6825030131969,509.21074823584013,310.1762796176233,0.0,38.46097017801494,0.0,0.0,10.060523784836956,0.0,0.0,0.0,63.01082135700585,0.0,0.0,0.0,23.492129373196178,0.0,5.626186459429572,0.0
1013.8093280433288,509.1508026102882,310.2670930164804,0.0,38.46057267288983,0.0,0.0,10.060523784078423,0.0,0.0,0.0,63.01086461574873,0.0,0.0,0.0,23.49222395803943,0.0,5.626186459785236,0.0
1014.9474213237621,509.09033687746864,310.35870005228895,0.0,38.46016990325667,0.0,0.0,10.060523783307993,0.0,0.0,0.0,63.01090845288316,0.0,0.0,0.0,23.492319143396013,0.0,5.626186460143835,0.0
1016.0968955369998,509.0293474718583,310.4511062187472,0.0,38.459762331019945,0.0,0.0,10.060523782525614,0.0,0.0,0.0,63.01095281686559,0.0,0.0,0.0,23.49241491868455,0.0,5.62618646050527,0.0
1017.2578644923697,508.96783082568163,310.5443169251642,0.0,38.45935059293122,0.0,0.0,10.060523781731062,0.0,0.0,0.0,63.010997640777056,0.0,0.0,0.0,23.492511298232888,0.0,5.6261864608696905,0.0
1018.4304431372934,508.90578336891014,310.63833798106714,0.0,38.45893330543315,0.0,0.0,10.060523780924122,0.0,0.0,0.0,63.011043070866165,0.0,0.0,0.0,23.492608255583406,0.0,5.626186461236842,0.0
1019.6147475686663,508.8432015347045,310.7331748229256,0.0,38.458510967210664,0.0,0.0,10.06052378010454,0.0,0.0,0.0,63.01108905502106,0.0,0.0,0.0,23.49270580385853,0.0,5.626186461606862,0.0
1020.810895044353,508.7800817558159,310.82883297567,0.0,38.45808369725748,0.0,0.0,10.060523779272094,0.0,0.0,0.0,63.01113558081926,0.0,0.0,0.0,23.49280394583359,0.0,5.6261864619797795,0.0
1022.0190039947964,508.71642046628983,310.9253180064011,0.0,38.45765118593462,0.0,0.0,10.060523778426498,0.0,0.0,0.0,63.01118268174967,0.0,0.0,0.0,23.492902680391683,0.0,5.626186462355608,0.0
1023.2391940347444,508.6522141032123,311.02263544749974,0.0,38.45721353740283,0.0,0.0,10.060523777567528,0.0,0.0,0.0,63.011230346679646,0.0,0.0,0.0,23.493002008282563,0.0,5.626186462734356,0.0
1024.4715859750918,508.58745910670643,311.12079088431904,0.0,38.45677046467797,0.0,0.0,10.060523776694874,0.0,0.0,0.0,63.01127860723495,0.0,0.0,0.0,23.49310193106618,0.0,5.626186463116049,0.0
1025.7163018348429,508.5221519216209,311.2197898193439,0.0,38.456322110868975,0.0,0.0,10.060523775808317,0.0,0.0,0.0,63.01132744776202,0.0,0.0,0.0,23.49320244810928,0.0,5.626186463500691,0.0
1026.9734648531912,508.456288997546,311.3196377899235,0.0,38.45586835293771,0.0,0.0,10.060523774907518,0.0,0.0,0.0,63.011376882869584,0.0,0.0,0.0,23.49330356643481,0.0,5.62618646388835,0.0
1028.2431995017232,508.38986679021633,311.4203402696344,0.0,38.45540952695421,0.0,0.0,10.060523773992395,0.0,0.0,0.0,63.01142687396529,0.0,0.0,0.0,23.493405271303786,0.0,5.62618646427893,0.0
1029.5256314967403,508.3228817617214,311.5219031210302,0.0,38.45494343022444,0.0,0.0,10.06052377306223,0.0,0.0,0.0,63.01147766162496,0.0,0.0,0.0,23.49350757236278,0.0,5.62618646467248,0.0
1030.8208878117077,508.25533038700434,311.62433140185254,0.0,38.4544728947147,0.0,0.0,10.060523772117186,0.0,0.0,0.0,63.01152893919166,0.0,0.0,0.0,23.493610471687944,0.0,5.626186465069059,0.0
1032.1290966898248,508.18720914349984,311.7276305461396,0.0,38.45399788529454,0.0,0.0,10.060523771156955,0.0,0.0,0.0,63.01158071101527,0.0,0.0,0.0,23.493713971792086,0.0,5.62618646546874,0.0
1033.4503876567233,508.118514518546,311.8318064614723,0.0,38.45351620893139,0.0,0.0,10.06052377018099,0.0,0.0,0.0,63.011633213194926,0.0,0.0,0.0,23.49381806015839,0.0,5.626186465871361,0.0
1034.7848915332904,508.04924301596924,311.93686448263685,0.0,38.45302835300596,0.0,0.0,10.060523769188974,0.0,0.0,0.0,63.011686394838534,0.0,0.0,0.0,23.49392274765951,0.0,5.626186466277054,0.0
1036.1327404486233,507.979391150523,312.0428100857102,0.0,38.452534227142905,0.0,0.0,10.06052376818056,0.0,0.0,0.0,63.01174026604528,0.0,0.0,0.0,23.494028034594987,0.0,5.6261864666858195,0.0
1037.4940678531095,507.90895545061994,312.14964847946914,0.0,38.45203467383431,0.0,0.0,10.06052376715566,0.0,0.0,0.0,63.01179473445805,0.0,0.0,0.0,23.494133914195626,0.0,5.626186467097688,0.0
1038.8690085316407,507.8379324572113,312.25738535566506,0.0,38.451528699349616,0.0,0.0,10.060523766113727,0.0,0.0,0.0,63.011849908849285,0.0,0.0,0.0,23.49424039011804,0.0,5.626186467512601,0.0
1040.257698616957,507.76631872961224,312.3660260045561,0.0,38.451016501976675,0.0,0.0,10.060523765054478,0.0,0.0,0.0,63.0119057678453,0.0,0.0,0.0,23.494347461825278,0.0,5.62618646793061,0.0
1041.6602756031266,507.6941108436862,312.47557579648065,0.0,38.450498003425764,0.0,0.0,10.060523763977546,0.0,0.0,0.0,63.01196232019297,0.0,0.0,0.0,23.494455129104608,0.0,5.626186468351732,0.0
1043.076878359158,507.62130539390273,312.5860400350532,0.0,38.44997338774938,0.0,0.0,10.060523762882662,0.0,0.0,0.0,63.01201954562686,0.0,0.0,0.0,23.49456338845985,0.0,5.626186468775956,0.0
1044.5076471427494,507.5478989940731,312.69742416406365,0.0,38.449441812931724,0.0,0.0,10.060523761769241,0.0,0.0,0.0,63.012077536630194,0.0,0.0,0.0,23.494672244431175,0.0,5.626186469203319,0.0
1045.9527236141769,507.47388828122945,312.8097332785298,0.0,38.44890411114349,0.0,0.0,10.060523760637086,0.0,0.0,0.0,63.0121362029931,0.0,0.0,0.0,23.49478169607142,0.0,5.626186469633872,0.0
1047.4122508503187,507.399269912812,312.9229726687336,0.0,38.448360168062976,0.0,0.0,10.06052375948575,0.0,0.0,0.0,63.01219555807959,0.0,0.0,0.0,23.494891745998743,0.0,5.626186470067625,0.0
1048.8863733588219,507.3240405705621,313.03714775371947,0.0,38.44780887319395,0.0,0.0,10.060523758314734,0.0,0.0,0.0,63.01225572143291,0.0,0.0,0.0,23.495002387187018,0.0,5.62618647050451,0.0
1050.37523709241,507.24819696486645,313.15226370523266,0.0,38.447250220217256,0.0,0.0,10.06052375712372,0.0,0.0,0.0,63.01231669288462,0.0,0.0,0.0,23.495113612380845,0.0,5.62618647094449,0.0
1051.8789894633342,507.1717358334158,313.2683253272925,0.0,38.44668578795601,0.0,0.0,10.060523755912333,0.0,0.0,0.0,63.01237830486789,0.0,0.0,0.0,23.495225440129527,0.0,5.6261864713877845,0.0
1053.3977793579675,507.0946539379983,313.3853382945291,0.0,38.44611258847633,0.0,0.0,10.060523754679823,0.0,0.0,0.0,63.0124408791851,0.0,0.0,0.0,23.49533785506609,0.0,5.626186471834192,0.0
1054.9317571515473,507.01694807927817,313.50330691050806,0.0,38.4455344416695,0.0,0.0,10.060523753426338,0.0,0.0,0.0,63.01250400292196,0.0,0.0,0.0,23.495450862635337,0.0,5.6261864722839015,0.0
1056.4810747230629,506.9386150793213,313.62223685593034,0.0,38.44494787357455,0.0,0.0,10.060523752150928,0.0,0.0,0.0,63.01256805196729,0.0,0.0,0.0,23.495564454730438,0.0,5.62618647273675,0.0
1058.0458854702936,506.8596518038755,313.74213277979277,0.0,38.44435425851294,0.0,0.0,10.060523750853267,0.0,0.0,0.0,63.01263287905702,0.0,0.0,0.0,23.495678639011995,0.0,5.626186473192878,0.0
1059.6263443249964,506.78005515032567,313.86299975851506,0.0,38.443752794267,0.0,0.0,10.060523749532827,0.0,0.0,0.0,63.012698570570194,0.0,0.0,0.0,23.495793408634487,0.0,5.626186473652213,0.0
1061.2226077682465,506.6998220560193,313.98484262035583,0.0,38.44314327202818,0.0,0.0,10.060523748189105,0.0,0.0,0.0,63.01276514917357,0.0,0.0,0.0,23.495908761319015,0.0,5.626186474114785,0.0
1062.8348338459289,506.6189494983336,314.1076658185467,0.0,38.44252770226137,0.0,0.0,10.06052374682183,0.0,0.0,0.0,63.01283239923941,0.0,0.0,0.0,23.49602470652015,0.0,5.626186474580707,0.0
1064.4631821843882,506.53743449006464,314.23147460815517,0.0,38.441903248437974,0.0,0.0,10.060523745430144,0.0,0.0,0.0,63.01290062658636,0.0,0.0,0.0,23.496141231376765,0.0,5.626186475049823,0.0
1066.107814006232,506.45527409596616,314.35627320958423,0.0,38.441271977813955,0.0,0.0,10.060523744013812,0.0,0.0,0.0,63.0129696087335,0.0,0.0,0.0,23.49625834202945,0.0,5.6261864755222915,0.0
1067.7688921462943,506.3724654199716,314.48206662398746,0.0,38.44063192967198,0.0,0.0,10.060523742572023,0.0,0.0,0.0,63.013039557540104,0.0,0.0,0.0,23.49637603047406,0.0,5.626186475997992,0.0
1069.4465810677573,506.2890056197379,314.60885938879545,0.0,38.43998290636541,0.0,0.0,10.060523741104216,0.0,0.0,0.0,63.013110494740545,0.0,0.0,0.0,23.49649429487768,0.0,5.626186476476938,0.0
1071.141046878435,506.2048919034493,314.7366556422668,0.0,38.43932660748074,0.0,0.0,10.060523739610026,0.0,0.0,0.0,63.013182237871874,0.0,0.0,0.0,23.49661314140508,0.0,5.626186476959226,0.0
1072.8524573472193,506.1201215261279,314.86545998229815,0.0,38.43866175633614,0.0,0.0,10.060523738088722,0.0,0.0,0.0,63.013254924834825,0.0,0.0,0.0,23.496732563324233,0.0,5.626186477444808,0.0
1074.5809819206916,506.034691801255,314.9952764497238,0.0,38.43798950988924,0.0,0.0,10.060523736539867,0.0,0.0,0.0,63.0133284311602,0.0,0.0,0.0,23.49685256209796,0.0,5.626186477933766,0.0
1076.3267917398985,505.9486000954308,315.12610971079465,0.0,38.437307649989485,0.0,0.0,10.060523734962542,0.0,0.0,0.0,63.0134029968587,0.0,0.0,0.0,23.496973130518075,0.0,5.626186478425978,0.0
1078.0900596572974,505.8618438417775,315.25796362572254,0.0,38.43661726035535,0.0,0.0,10.060523733356273,0.0,0.0,0.0,63.013478505267514,0.0,0.0,0.0,23.497094269168418,0.0,5.626186478921532,0.0
1079.8709602538704,505.7744205317554,315.39084233518145,0.0,38.43591794587767,0.0,0.0,10.060523731720352,0.0,0.0,0.0,63.013554999852666,0.0,0.0,0.0,23.497215976718415,0.0,5.626186479420399,0.0
1081.6696698564092,505.68632772266733,315.52474976315403,0.0,38.435209524604495,0.0,0.0,10.060523730054088,0.0,0.0,0.0,63.013632500527144,0.0,0.0,0.0,23.497338249834943,0.0,5.626186479922596,0.0
1083.4863665549733,505.5975630395507,315.65968974168015,0.0,38.43449208547484,0.0,0.0,10.060523728356813,0.0,0.0,0.0,63.01371099842104,0.0,0.0,0.0,23.497461087759774,0.0,5.626186480428124,0.0
1085.3212302205231,505.5081241771191,315.79566602737333,0.0,38.43376536349779,0.0,0.0,10.060523726627794,0.0,0.0,0.0,63.01379052258529,0.0,0.0,0.0,23.497584487455217,0.0,5.626186480936987,0.0
1087.1744425227282,505.4180089037265,315.9326821843226,0.0,38.43302946225131,0.0,0.0,10.060523724866327,0.0,0.0,0.0,63.013871062213745,0.0,0.0,0.0,23.497708446334048,0.0,5.626186481449209,0.0
1089.0461869479557,505.3272150630101,316.07074164071344,0.0,38.43228486693863,0.0,0.0,10.060523723071743,0.0,0.0,0.0,63.01395256557321,0.0,0.0,0.0,23.49783296378236,0.0,5.6261864819648055,0.0
1090.936648817435,505.2357405756243,316.2098482715652,0.0,38.43152899978931,0.0,0.0,10.06052372124289,0.0,0.0,0.0,63.0140353117798,0.0,0.0,0.0,23.497958032489425,0.0,5.626186482483679,0.0
1092.8460153056096,505.14358345292703,316.35000480532085,0.0,38.43076462172431,0.0,0.0,10.060523719379413,0.0,0.0,0.0,63.01411900302365,0.0,0.0,0.0,23.49808365517275,0.0,5.626186483005942,0.0
1094.7744754586658,505.050741781621,316.4912146816626,0.0,38.42999004597578,0.0,0.0,10.060523717480235,0.0,0.0,0.0,63.01420382229821,0.0,0.0,0.0,23.498209826860794,0.0,5.626186483531546,0.0
1096.7222202132523,504.9572137424299,316.6334810970052,0.0,38.42920414883043,0.0,0.0,10.060523715544358,0.0,0.0,0.0,63.0142898915071,0.0,0.0,0.0,23.49833654225368,0.0,5.626186484060457,0.0
1098.689442415385,504.86299761165054,316.7768064159013,0.0,38.42840966055796,0.0,0.0,10.060523713571374,0.0,0.0,0.0,63.01437691619312,0.0,0.0,0.0,23.498463803329507,0.0,5.626186484592758,0.0
1100.6763368395386,504.76809175081826,316.92119361491467,0.0,38.42760506230525,0.0,0.0,10.060523711560164,0.0,0.0,0.0,63.01446506102104,0.0,0.0,0.0,23.498591604445895,0.0,5.626186485128421,0.0
1102.683100207934,504.67249462529736,317.066645669588,0.0,38.426788248830796,0.0,0.0,10.060523709509473,0.0,0.0,0.0,63.014554554478146,0.0,0.0,0.0,23.498719940275365,0.0,5.626186485667373,0.0
1104.7099312100136,504.57620481031256,317.21316457547056,0.0,38.42596151406794,0.0,0.0,10.060523707418756,0.0,0.0,0.0,63.014645149158156,0.0,0.0,0.0,23.4988488112088,0.0,5.626186486209677,0.0
1106.7570305221136,504.4792209786177,317.36075262784294,0.0,38.425124464195285,0.0,0.0,10.060523705286997,0.0,0.0,0.0,63.014736888167526,0.0,0.0,0.0,23.498978212967984,0.0,5.6261864867553415,0.0
1108.824600827335,504.38154191396836,317.5094119327573,0.0,38.42427696003394,0.0,0.0,10.060523703113217,0.0,0.0,0.0,63.014829786975966,0.0,0.0,0.0,23.49910814091246,0.0,5.626186487304359,0.0
1110.9128468356082,504.2831665142032,317.6591448122617,0.0,38.423417100194044,0.0,0.0,10.060523700896052,0.0,0.0,0.0,63.01492405246172,0.0,0.0,0.0,23.499238591454258,0.0,5.626186487856654,0.0
1113.0219753039644,504.18409380209573,317.80995275851166,0.0,38.422545737045176,0.0,0.0,10.060523698634604,0.0,0.0,0.0,63.015019592969395,0.0,0.0,0.0,23.499369561796378,0.0,5.626186488412298,0.0
1115.152195057004,504.08432291883946,317.96183735714925,0.0,38.42166320500881,0.0,0.0,10.060523696327904,0.0,0.0,0.0,63.01511637274781,0.0,0.0,0.0,23.49950104713121,0.0,5.626186488971232,0.0
1117.303717007574,503.98385313071043,318.1147998567353,0.0,38.4207697315684,0.0,0.0,10.060523693974854,0.0,0.0,0.0,63.01521436812922,0.0,0.0,0.0,23.49963304515905,0.0,5.626186489533508,0.0
1119.4767541776498,503.88268383326135,318.2688417474487,0.0,38.41986376167937,0.0,0.0,10.060523691574062,0.0,0.0,0.0,63.01531374813847,0.0,0.0,0.0,23.499765550379156,0.0,5.626186490099059,0.0
1121.6715217194264,503.7808145631539,318.42396372311634,0.0,38.41894648352403,0.0,0.0,10.060523689124583,0.0,0.0,0.0,63.01541438458764,0.0,0.0,0.0,23.499898558603363,0.0,5.626186490667932,0.0
1123.8882369366208,503.6782449918365,318.58016687888437,0.0,38.41801630486282,0.0,0.0,10.060523686624906,0.0,0.0,0.0,63.0155164511252,0.0,0.0,0.0,23.500032066349256,0.0,5.626186491240058,0.0
1126.127119305987,503.5749749414598,318.73745170912025,0.0,38.417073167821314,0.0,0.0,10.060523684073784,0.0,0.0,0.0,63.01561995464435,0.0,0.0,0.0,23.500166068747987,0.0,5.626186491815453,0.0
1128.388390499047,503.4710043835206,318.89581833907124,0.0,38.41611818093681,0.0,0.0,10.060523681470158,0.0,0.0,0.0,63.01572477578155,0.0,0.0,0.0,23.500300561780207,0.0,5.6261864923941145,0.0
1130.6722744040374,503.36633343930265,319.0552669073868,0.0,38.41515081237547,0.0,0.0,10.060523678812634,0.0,0.0,0.0,63.01583097268689,0.0,0.0,0.0,23.500435539450205,0.0,5.626186492976034,0.0
1132.9789971480777,503.26096239141447,319.21579746622166,0.0,38.41416998437966,0.0,0.0,10.060523676099626,0.0,0.0,0.0,63.0159386634268,0.0,0.0,0.0,23.5005709985419,0.0,5.626186493561171,0.0
1135.3087871195582,503.15489169146474,319.3774095163488,0.0,38.413176004935124,0.0,0.0,10.060523673329802,0.0,0.0,0.0,63.01604781524629,0.0,0.0,0.0,23.50070693349177,0.0,5.626186494149526,0.0
1137.6618749907539,503.04812195973795,319.54010224959427,0.0,38.412169346317015,0.0,0.0,10.060523670501842,0.0,0.0,0.0,63.01615837755167,0.0,0.0,0.0,23.500843338555416,0.0,5.6261864947411135,0.0
1140.0384937406614,502.9406539899143,319.70387505464345,0.0,38.4111485339639,0.0,0.0,10.060523667613946,0.0,0.0,0.0,63.016270511490966,0.0,0.0,0.0,23.5009802098504,0.0,5.626186495335863,0.0
1142.4388786780682,502.83248876320704,319.86872659731836,0.0,38.41011395900348,0.0,0.0,10.060523664664688,0.0,0.0,0.0,63.016384175297524,0.0,0.0,0.0,23.501117541308627,0.0,5.626186495933778,0.0
1144.8632674648488,502.7236274461387,320.0346554004668,0.0,38.40906542270479,0.0,0.0,10.060523661652448,0.0,0.0,0.0,63.01649939143106,0.0,0.0,0.0,23.501255327548364,0.0,5.626186496534844,0.0
1147.3119001394973,502.6140713990752,320.20165962422755,0.0,38.40800298552819,0.0,0.0,10.06052365857563,0.0,0.0,0.0,63.01661615410229,0.0,0.0,0.0,23.50139356249991,0.0,5.626186497139052,0.0
1149.7850191408925,502.5038221811872,320.3697374097058,0.0,38.406925618507,0.0,0.0,10.060523655432327,0.0,0.0,0.0,63.01673457622062,0.0,0.0,0.0,23.50153224173672,0.0,5.626186497746342,0.0
1152.2828693323015,502.3928815617368,320.53888611114627,0.0,38.40583408642167,0.0,0.0,10.060523652220999,0.0,0.0,0.0,63.016854575304826,0.0,0.0,0.0,23.50167135772395,0.0,5.626186498356739,0.0
1154.8056980256245,502.28125151831847,320.7091031806581,0.0,38.40472756583343,0.0,0.0,10.060523648939688,0.0,0.0,0.0,63.01697624190198,0.0,0.0,0.0,23.5018109053477,0.0,5.626186498970189,0.0
1157.3537550058807,502.1689342508039,320.8803854245743,0.0,38.4036063940884,0.0,0.0,10.060523645586644,0.0,0.0,0.0,63.017099540125514,0.0,0.0,0.0,23.501950877479153,0.0,5.626186499586696,0.0
1159.9272925559394,502.0559321827152,321.05272966944113,0.0,38.402469564121176,0.0,0.0,10.060523642159751,0.0,0.0,0.0,63.017224580579715,0.0,0.0,0.0,23.502091268964335,0.0,5.626186500206195,0.0
1162.526565481499,501.9422479745655,321.22613207118246,0.0,38.40131722234793,0.0,0.0,10.060523638657099,0.0,0.0,0.0,63.017351348219975,0.0,0.0,0.0,23.502232072660487,0.0,5.626186500828675,0.0
1165.151831136314,501.82788452553154,321.4005885240345,0.0,38.40014913274562,0.0,0.0,10.060523635076626,0.0,0.0,0.0,63.017479869682234,0.0,0.0,0.0,23.50237328184427,0.0,5.626186501454109,0.0
1167.803349447677,501.7128449825814,321.57609454477694,0.0,38.39896505734397,0.0,0.0,10.060523631416206,0.0,0.0,0.0,63.01761017183352,0.0,0.0,0.0,23.50251488961886,0.0,5.626186502082465,0.0
1170.4813829421537,501.59713274798634,321.7526452627428,0.0,38.397764750404036,0.0,0.0,10.060523627673648,0.0,0.0,0.0,63.01774228240665,0.0,0.0,0.0,23.50265688891938,0.0,5.62618650271371,0.0
1173.1861967715752,501.4807514870433,321.93023535788836,0.0,38.39654814950881,0.0,0.0,10.060523623846738,0.0,0.0,0.0,63.01787620917952,0.0,0.0,0.0,23.502799272223534,0.0,5.626186503347822,0.0
1175.918058739291,501.3637051350313,322.10885923740636,0.0,38.39531465485405,0.0,0.0,10.060523619933052,0.0,0.0,0.0,63.01801201849553,0.0,0.0,0.0,23.502942032603297,0.0,5.626186503984747,0.0
1178.6772393266838,501.2459979079391,322.28851074642125,0.0,38.39406418253712,0.0,0.0,10.060523615930235,0.0,0.0,0.0,63.018149720518004,0.0,0.0,0.0,23.503085162201145,0.0,5.626186504624457,0.0
1181.4640117199508,501.12763430816295,322.4691833373784,0.0,38.39279647387012,0.0,0.0,10.060523611835796,0.0,0.0,0.0,63.018289344469174,0.0,0.0,0.0,23.503228653208993,0.0,5.626186505266912,0.0
1184.2786518371502,501.00861913381925,322.65087001283746,0.0,38.39151126236125,0.0,0.0,10.060523607647184,0.0,0.0,0.0,63.01843092044261,0.0,0.0,0.0,23.503372497630842,0.0,5.626186505912072,0.0
1187.1214383555216,500.88895748742743,322.83356324935136,0.0,38.390208496396426,0.0,0.0,10.060523603361796,0.0,0.0,0.0,63.01857445510846,0.0,0.0,0.0,23.50351668687009,0.0,5.626186506559908,0.0
1189.9926527390767,500.7686547836346,323.0172552160279,0.0,38.388887514600576,0.0,0.0,10.060523598976815,0.0,0.0,0.0,63.01872002167257,0.0,0.0,0.0,23.5036612132116,0.0,5.626186507210355,0.0
1192.8925792664675,500.6477167614477,323.20193739357154,0.0,38.38754834063598,0.0,0.0,10.060523594489501,0.0,0.0,0.0,63.0188676186327,0.0,0.0,0.0,23.50380606749696,0.0,5.626186507863384,0.0
1195.8215050591323,500.5261494898958,323.3876009596538,0.0,38.38619031333234,0.0,0.0,10.060523589896853,0.0,0.0,0.0,63.01901731926478,0.0,0.0,0.0,23.50395124170725,0.0,5.626186508518923,0.0
1198.7797201097235,500.40395938116626,323.574236308216,0.0,38.38481360217152,0.0,0.0,10.06052358519599,0.0,0.0,0.0,63.01916910612148,0.0,0.0,0.0,23.504096725745697,0.0,5.626186509176953,0.0
1201.7675173108207,500.2811531957304,323.76183348578735,0.0,38.38341777600292,0.0,0.0,10.060523580383782,0.0,0.0,0.0,63.019323027388204,0.0,0.0,0.0,23.504242510619704,0.0,5.626186509837413,0.0
1204.7851924839288,500.15773805550526,323.9503819381458,0.0,38.38200260284326,0.0,0.0,10.060523575457049,0.0,0.0,0.0,63.01947910958793,0.0,0.0,0.0,23.504388586901754,0.0,5.626186510500249,0.0
1207.833044408768,500.03372145290524,324.13987061897893,0.0,38.38056751310502,0.0,0.0,10.060523570412435,0.0,0.0,0.0,63.01963741601488,0.0,0.0,0.0,23.504534945206927,0.0,5.626186511165396,0.0
1210.9113748528557,499.9091112629292,324.33028773576365,0.0,38.37911252367482,0.0,0.0,10.060523565246621,0.0,0.0,0.0,63.01979794600097,0.0,0.0,0.0,23.504681574946147,0.0,5.626186511832812,0.0
1214.0204886013842,499.78391575045816,324.5216209617578,0.0,38.377637429215795,0.0,0.0,10.060523559956124,0.0,0.0,0.0,63.019960723151236,0.0,0.0,0.0,23.50482846568854,0.0,5.62618651250244,0.0
1217.160693487398,499.658143582198,324.71385750520574,0.0,38.37614150327888,0.0,0.0,10.060523554537216,0.0,0.0,0.0,63.02012582801805,0.0,0.0,0.0,23.504975607777844,0.0,5.626186513174201,0.0
1220.332300422272,499.5318038405645,324.90698373107705,0.0,38.37462471390046,0.0,0.0,10.06052354898624,0.0,0.0,0.0,63.020293265298214,0.0,0.0,0.0,23.50512298986184,0.0,5.62618651384804,0.0
1223.5356234264946,499.4049060308898,325.10098549335805,0.0,38.37308658236829,0.0,0.0,10.06052354329929,0.0,0.0,0.0,63.020463088558145,0.0,0.0,0.0,23.50527060134549,0.0,5.6261865145238845,0.0
1226.7709796607596,499.27746009535787,325.2958477759884,0.0,38.37152722655674,0.0,0.0,10.06052353747252,0.0,0.0,0.0,63.020635286053775,0.0,0.0,0.0,23.505418429725093,0.0,5.626186515201693,0.0
1230.0386894573671,499.1494764210058,325.49155522390066,0.0,38.369945725823094,0.0,0.0,10.060523531501651,0.0,0.0,0.0,63.02080995978177,0.0,0.0,0.0,23.505566465013086,0.0,5.626186515881358,0.0
1233.3390763519408,499.0209658576927,325.6880914381219,0.0,38.368342170983944,0.0,0.0,10.060523525382584,0.0,0.0,0.0,63.02098710101169,0.0,0.0,0.0,23.50571469424322,0.0,5.626186516562829,0.0
1236.67246711546,498.89193972401023,325.88543939978484,0.0,38.36671633505271,0.0,0.0,10.060523519110964,0.0,0.0,0.0,63.021166735798715,0.0,0.0,0.0,23.505863104923424,0.0,5.626186517246037,0.0
1240.0391917866148,498.76240982130474,326.0835815078015,0.0,38.3650675008968,0.0,0.0,10.060523512682192,0.0,0.0,0.0,63.021348943903945,0.0,0.0,0.0,23.50601168553804,0.0,5.626186517930881,0.0
1243.4395837044808,498.6323884490085,326.28249917458,0.0,38.36339563454184,0.0,0.0,10.060523506091707,0.0,0.0,0.0,63.02153373029964,0.0,0.0,0.0,23.50616042251208,0.0,5.626186518617297,0.0
1246.8739795415256,498.50188841301355,326.48217314562663,0.0,38.36170035458365,0.0,0.0,10.060523499334709,0.0,0.0,0.0,63.02172113802211,0.0,0.0,0.0,23.506309302837067,0.0,5.6261865193052,0.0
1250.342719336941,498.37092304048315,326.6825834199489,0.0,38.35998108536608,0.0,0.0,10.060523492406187,0.0,0.0,0.0,63.02191123137049,0.0,0.0,0.0,23.506458313549338,0.0,5.626186519994491,0.0
1253.8461465303103,498.23950619388285,326.8837089838484,0.0,38.358237863406856,0.0,0.0,10.060523485301168,0.0,0.0,0.0,63.02210400764393,0.0,0.0,0.0,23.506607439927503,0.0,5.626186520685099,0.0
1257.3846079956136,498.1076522802411,327.0855280806874,0.0,38.35647041323475,0.0,0.0,10.060523478014428,0.0,0.0,0.0,63.022299498298075,0.0,0.0,0.0,23.506756667612937,0.0,5.626186521376938,0.0
1260.9584540755698,497.97537626619624,327.28801822241826,0.0,38.35467804094874,0.0,0.0,10.060523470540453,0.0,0.0,0.0,63.02249778064268,0.0,0.0,0.0,23.506905982891368,0.0,5.6261865220698954,0.0
1264.5680386163256,497.84269369388835,327.4911558349185,0.0,38.35286068804703,0.0,0.0,10.060523462873759,0.0,0.0,0.0,63.022698862395,0.0,0.0,0.0,23.50705537013762,0.0,5.626186522763885,0.0
1268.2137190024887,497.70962069037546,327.6949166441442,0.0,38.351017642352815,0.0,0.0,10.060523455008498,0.0,0.0,0.0,63.02290282289097,0.0,0.0,0.0,23.50720481488087,0.0,5.626186523458794,0.0
1271.8958561925135,497.57617398521546,327.8992751608445,0.0,38.34914912483448,0.0,0.0,10.06052344693894,0.0,0.0,0.0,63.0231096392506,0.0,0.0,0.0,23.50735430009678,0.0,5.626186524154544,0.0
1275.6148147544386,497.4423709181377,328.1042052437332,0.0,38.34725440763713,0.0,0.0,10.060523438658885,0.0,0.0,0.0,63.02331939254186,0.0,0.0,0.0,23.50750381053414,0.0,5.62618652485101,0.0
1279.370962901983,497.3082294586308,328.3096795621425,0.0,38.345333473740276,0.0,0.0,10.060523430162174,0.0,0.0,0.0,63.02353208595125,0.0,0.0,0.0,23.507653328880053,0.0,5.6261865255481,0.0
1283.1646725310027,497.1737682150626,328.51566998506587,0.0,38.34338569837722,0.0,0.0,10.060523421442285,0.0,0.0,0.0,63.02374778927642,0.0,0.0,0.0,23.507802838803766,0.0,5.626186526245687,0.0
1286.996319256313,497.039006452181,328.7221472918437,0.0,38.34141069298476,0.0,0.0,10.060523412492573,0.0,0.0,0.0,63.02396654641465,0.0,0.0,0.0,23.507952322930098,0.0,5.626186526943656,0.0
1290.866282448876,496.9039641031871,328.92908114160144,0.0,38.339408380245196,0.0,0.0,10.060523403306322,0.0,0.0,0.0,63.024188367187854,0.0,0.0,0.0,23.508101762845758,0.0,5.626186527641901,0.0
1294.774945273365,496.7686617813022,329.1364401547727,0.0,38.337378642772855,0.0,0.0,10.060523393876602,0.0,0.0,0.0,63.02441326578481,0.0,0.0,0.0,23.50825113975144,0.0,5.626186528340305,0.0
1298.7226947260986,496.6331207934431,329.34419208421616,0.0,38.335320648766526,0.0,0.0,10.060523384196074,0.0,0.0,0.0,63.02464133467295,0.0,0.0,0.0,23.508400435829227,0.0,5.626186529038729,0.0
1302.7099216733595,496.49736315807843,329.5523033572911,0.0,38.3332343490696,0.0,0.0,10.060523374257444,0.0,0.0,0.0,63.024872580565514,0.0,0.0,0.0,23.508549631192743,0.0,5.626186529737053,0.0
1306.737020890093,496.3614116133224,329.7607393144017,0.0,38.33111961053048,0.0,0.0,10.060523364053216,0.0,0.0,0.0,63.02510701936677,0.0,0.0,0.0,23.508698705657473,0.0,5.62618653043515,0.0
1310.8043910989938,496.2252896303497,329.96946435685214,0.0,38.32897559820963,0.0,0.0,10.060523353575453,0.0,0.0,0.0,63.02534474386478,0.0,0.0,0.0,23.508847639845435,0.0,5.626186531132874,0.0
1314.912435009984,496.08902143047743,330.17844138217225,0.0,38.3268026999319,0.0,0.0,10.06052334281644,0.0,0.0,0.0,63.02558571283636,0.0,0.0,0.0,23.508996411534028,0.0,5.626186531830107,0.0
1319.0615593600837,495.95263198954393,330.3876324389665,0.0,38.32460016391541,0.0,0.0,10.06052333176789,0.0,0.0,0.0,63.02583000993172,0.0,0.0,0.0,23.509145000138794,0.0,5.626186532526694,0.0
1323.2521749536845,495.81614705709575,330.59699820600935,0.0,38.32236784478461,0.0,0.0,10.06052332042151,0.0,0.0,0.0,63.02607765231106,0.0,0.0,0.0,23.50929338335386,0.0,5.626186533222499,0.0
1327.4846967032213,495.67959316382695,330.8064981236187,0.0,38.32010572635386,0.0,0.0,10.060523308768891,0.0,0.0,0.0,63.02632864299697,0.0,0.0,0.0,23.50944153823454,0.0,5.6261865339173776,0.0
1331.7595436702536,495.5429976316178,331.01609058695266,0.0,38.31781310261054,0.0,0.0,10.060523296801167,0.0,0.0,0.0,63.02658306053622,0.0,0.0,0.0,23.50958944233415,0.0,5.62618653461117,0.0
1336.0771391069559,495.4063885881301,331.22573249536146,0.0,38.31549017747198,0.0,0.0,10.060523284509634,0.0,0.0,0.0,63.026840883722535,0.0,0.0,0.0,23.509737071096414,0.0,5.6261865353037335,0.0
1340.4379104980255,495.2697949704407,331.4353796606855,0.0,38.31313654971941,0.0,0.0,10.060523271885177,0.0,0.0,0.0,63.027102157665674,0.0,0.0,0.0,23.509884400462784,0.0,5.626186535994908,0.0
1344.8422896030058,495.13324653765665,331.64498661073594,0.0,38.31075184652048,0.0,0.0,10.060523258918533,0.0,0.0,0.0,63.02736692432989,0.0,0.0,0.0,23.510031405717438,0.0,5.626186536684527,0.0
1349.2907124990359,494.99677387852284,331.8545065279745,0.0,38.308335898080195,0.0,0.0,10.060523245600347,0.0,0.0,0.0,63.02763520335573,0.0,0.0,0.0,23.510178061144025,0.0,5.62618653737243,0.0
1353.7836196240262,494.8604084168663,332.0638911635856,0.0,38.305889026634226,0.0,0.0,10.060523231921296,0.0,0.0,0.0,63.02790696035413,0.0,0.0,0.0,23.51032433958329,0.0,5.6261865380584615,0.0
1358.3214558202665,494.72418241407524,332.27309123164315,0.0,38.3034106055672,0.0,0.0,10.060523217871548,0.0,0.0,0.0,63.028182265002634,0.0,0.0,0.0,23.510470214931377,0.0,5.626186538742441,0.0
1362.904670378469,494.588128979739,332.48205595092116,0.0,38.30090064315951,0.0,0.0,10.060523203441402,0.0,0.0,0.0,63.02846111724586,0.0,0.0,0.0,23.510615659312336,0.0,5.6261865394241966,0.0
1367.5337170822538,494.4522820705397,332.69073324540756,0.0,38.2983590699309,0.0,0.0,10.06052318862099,0.0,0.0,0.0,63.02874352549938,0.0,0.0,0.0,23.51076064435407,0.0,5.6261865401035545,0.0
1372.2090542530764,494.31667649231775,332.89906970012504,0.0,38.29578588959041,0.0,0.0,10.060523173400401,0.0,0.0,0.0,63.02902949008619,0.0,0.0,0.0,23.510905140944423,0.0,5.6261865407803375,0.0
1376.931144795607,494.18134789953393,333.10701052211806,0.0,38.29318131117538,0.0,0.0,10.060523157769715,0.0,0.0,0.0,63.029318988695124,0.0,0.0,0.0,23.511049118971712,0.0,5.62618654145437,0.0
1381.7004562435632,494.0463327920329,333.31449982455445,0.0,38.29054473734567,0.0,0.0,10.060523141718631,0.0,0.0,0.0,63.02961208748426,0.0,0.0,0.0,23.51119254897796,0.0,5.62618654212545,0.0
1386.5174608059988,493.9116685164192,333.5214801320958,0.0,38.28787655635799,0.0,0.0,10.060523125237221,0.0,0.0,0.0,63.0299087443122,0.0,0.0,0.0,23.51133539925225,0.0,5.626186542793401,0.0
1391.3826354140585,493.7773932536455,333.7278927716145,0.0,38.28517678413463,0.0,0.0,10.060523108315403,0.0,0.0,0.0,63.03020895782571,0.0,0.0,0.0,23.511477638020857,0.0,5.6261865434580285,0.0
1396.2964617681994,493.6435460131277,333.93367775937367,0.0,38.282445516379184,0.0,0.0,10.060523090943272,0.0,0.0,0.0,63.030512717761965,0.0,0.0,0.0,23.51161923235171,0.0,5.626186544119132,0.0
1401.2594263858814,493.5101666214349,334.13877381654595,0.0,38.27968290153322,0.0,0.0,10.060523073110668,0.0,0.0,0.0,63.030820008119214,0.0,0.0,0.0,23.511760149653867,0.0,5.626186544776532,0.0
1406.2720206497402,493.3772957083669,334.3431183404194,0.0,38.27688936202607,0.0,0.0,10.06052305480793,0.0,0.0,0.0,63.03113078254166,0.0,0.0,0.0,23.5119003553539,0.0,5.626186545430032,0.0
1411.3347408562374,493.2449746888307,334.5466475096581,0.0,38.274065297681055,0.0,0.0,10.060523036025433,0.0,0.0,0.0,63.031444997085444,0.0,0.0,0.0,23.512039814587435,0.0,5.626186546079433,0.0
1416.4480882648,493.11324574351863,334.7492964945248,0.0,38.27121041496556,0.0,0.0,10.0605230167536,0.0,0.0,0.0,63.03176268381179,0.0,0.0,0.0,23.512178492403834,0.0,5.6261865467245125,0.0
1421.6125691474479,492.9821518004622,334.950999023146,0.0,38.26832542190743,0.0,0.0,10.060522996983313,0.0,0.0,0.0,63.032083764677786,0.0,0.0,0.0,23.51231635232263,0.0,5.626186547365079,0.0
1426.8286948389225,492.85173650221924,335.15168777227126,0.0,38.26541077817228,0.0,0.0,10.060522976705697,0.0,0.0,0.0,63.032408188759405,0.0,0.0,0.0,23.51245335744496,0.0,5.626186548000926,0.0
1432.0969817873117,492.72204417734997,335.35129435215543,0.0,38.26246691482329,0.0,0.0,10.060522955912244,0.0,0.0,0.0,63.03273590812776,0.0,0.0,0.0,23.512589470257307,0.0,5.626186548631848,0.0
1437.417951605185,492.59311980647306,335.5497492987292,0.0,38.25949445016381,0.0,0.0,10.060522934594886,0.0,0.0,0.0,63.03306685412773,0.0,0.0,0.0,23.51272465248282,0.0,5.6261865492576355,0.0
1442.7921311212367,492.4650089827476,335.7469821904398,0.0,38.25649397373825,0.0,0.0,10.060522910282717,0.0,0.0,0.0,63.033400961100455,2.77395761474201e-09,0.0,0.0,23.512858866982985,0.0,5.626186549878078,0.0
1448.2200524324492,492.3377578692952,335.9429216712292,0.0,38.25346623757339,0.0,0.0,10.060522886160799,0.0,0.0,0.0,63.0337381453611,4.728943175210448e-09,0.0,0.0,23.51299207200559,0.0,5.6261865504929665,0.0
1453.7022529567737,492.2114131507908,336.13749546344775,0.0,38.25041232832129,0.0,0.0,10.06052286002469,0.0,0.0,0.0,63.03407828625951,8.341118141448584e-09,0.0,0.0,23.513124228778498,0.0,5.626186551102102,0.0
1459.2392754863415,492.0860219791445,336.3306308058275,0.0,38.24733241344489,0.0,0.0,10.06052283145387,0.0,0.0,0.0,63.03442136401457,1.4079681629589705e-08,0.0,0.0,23.513255297413032,0.0,5.626186551705252,0.0
1464.8316682412049,491.96163192186845,336.5222539350236,0.0,38.244227899577666,0.0,0.0,10.060522798820951,0.0,0.0,0.0,63.03476722243179,2.3776453350824436e-08,0.0,0.0,23.513385237533143,0.0,5.626186552302219,0.0
1470.479984923617,491.83829089184735,336.71229065273013,0.0,38.241099764441195,0.0,0.0,10.060522759878419,0.0,0.0,0.0,63.03511575226742,3.996597670261889e-08,0.0,0.0,23.513514009085476,0.0,5.626186552892791,0.0
1476.184784772853,491.7160470820762,336.90066626187064,0.0,38.23794915279289,0.0,0.0,10.060522710675725,0.0,0.0,0.0,63.035466825710905,6.710865833491108e-08,0.0,0.0,23.51364157271389,0.0,5.626186553476761,0.0
1481.9466326205816,491.59494889114995,337.08730572691826,0.0,38.23477721602698,0.0,0.0,10.060522645969623,0.0,0.0,0.0,63.03582031402242,1.1113062297366818e-07,0.0,0.0,23.513767889628493,0.0,5.626186554053919,0.0
1487.7660989467875,491.47504484406187,337.2721336511907,0.0,38.231585567613294,0.0,0.0,10.06052254603985,0.0,0.0,0.0,63.03617603741163,1.9431161614673862e-07,0.0,0.0,23.513892930562754,0.0,5.626186554624065,0.0
1493.6437599362553,491.35638350441235,337.45507469516207,0.0,38.22837530903163,0.0,0.0,10.06052238615645,0.0,0.0,0.0,63.036533872208196,3.4461715709718447e-07,0.0,0.0,23.514016669839926,0.0,5.626186555186989,0.0
1499.5801975356178,491.23901338671965,337.6360535621587,0.0,38.225147755847146,0.0,0.0,10.060522178983174,0.0,0.0,0.0,63.03689367097535,5.478014779813503e-07,0.0,0.0,23.514139055580827,0.0,5.626186555742482,0.0
1505.5759995109743,491.1229828589873,337.81499461104784,0.0,38.221905250912855,0.0,0.0,10.060521723217557,0.0,0.0,0.0,63.03725517300718,1.0313964383219021e-06,0.0,0.0,23.51426018377047,0.0,5.626186556290366,0.0
1511.6317595060839,491.00834003204756,337.99182330407666,0.0,38.21864880853605,0.0,0.0,10.060521103457589,0.0,0.0,0.0,63.037618263587255,1.7000170882439205e-06,0.0,0.0,23.514379952803957,0.0,5.626186556830428,0.0
1517.7480771011449,490.8951326626712,338.1664643635893,0.0,38.21538076337004,0.0,0.0,10.060519690082288,0.0,0.0,0.0,63.037982682456594,3.2657318893777744e-06,0.0,0.0,23.514498756037298,0.0,5.6261865573624865,0.0
1523.925557872156,490.78340802383127,334.66154013804913,0.0,38.25485021071853,0.0,0.0,7.145615745119278,0.0,0.0,0.0,63.033578052807464,3.2821664625612783,0.0,0.0,25.5362132364373,0.0,5.626186549528017,0.0
1530.1648134508778,490.63688302641566,334.5735271328528,0.0,38.25463718669029,0.0,0.0,6.896836296378513,0.0,0.0,0.0,63.03360125889065,3.5622906878689773,0.0,0.0,25.708904218667286,0.0,5.626186549512506,0.0
1536.4664615853865,490.4889295787014,334.4846571131557,0.0,38.254423175262275,0.0,0.0,6.645631700354262,0.0,0.0,0.0,63.03362459638491,3.845145016926026,0.0,0.0,25.88327863601458,0.0,5.6261865494978425,0.0
1542.8311262012403,490.3395341292183,334.3949195374345,0.0,38.25420642193968,0.0,0.0,6.391978822748035,0.0,0.0,0.0,63.033648202692426,4.130756968977127,0.0,0.0,26.059352497735855,0.0,5.626186549481551,0.0
1549.2594374632529,490.1886830054687,334.3043084570745,0.0,38.25398844767614,0.0,0.0,6.135854658391453,0.0,0.0,0.0,63.0336719434941,4.419151089708384,0.0,0.0,26.237141804825978,0.0,5.626186549465491,0.0
1555.7520318378852,490.0363624102626,334.212814181839,0.0,38.253765866136,0.0,0.0,5.877234754140339,0.0,0.0,0.0,63.03369621102222,4.710355651079889,0.0,0.0,26.416663584132962,0.0,5.626186549449766,0.0
1562.309552156264,489.88255843420194,334.1204290312746,0.0,38.25354278910378,0.0,0.0,5.6160971318253345,0.0,0.0,0.0,63.03372051472372,5.004395321892239,0.0,0.0,26.597933013836247,0.0,5.62618654943358,0.0
1568.9326476778265,489.7272570328641,334.02714618167755,0.0,38.253317184386724,0.0,0.0,5.352416874263023,0.0,0.0,0.0,63.03374509106463,5.301296903210668,0.0,0.0,26.7809674280119,0.0,5.626186549417292,0.0
1575.621974154605,489.5704440410982,333.9329526022216,0.0,38.25308877111943,0.0,0.0,5.086169950141586,0.0,0.0,0.0,63.03376998095987,5.601090075354047,0.0,0.0,26.965783495882185,0.0,5.626186549400815,0.0
1582.378193896151,489.4121051660285,333.8378449805999,0.0,38.2528582563149,0.0,0.0,4.817332838250394,0.0,0.0,0.0,63.03379509586521,5.903798690836313,0.0,0.0,27.152397552767116,0.0,5.626186549384154,0.0
1589.2019758351123,489.25222599411006,333.7418108474181,0.0,38.25262513851823,0.0,0.0,4.545880402014631,0.0,0.0,0.0,63.033820496957546,6.209452878546896,0.0,0.0,27.34082704268364,0.0,5.6261865493673335,0.0
1596.0939955934637,489.09079197923757,333.64484421764075,0.0,38.252389840400376,0.0,0.0,4.271788061182696,0.0,0.0,0.0,63.033846135121145,6.518078660257412,0.0,0.0,27.53108903040404,0.0,5.626186549350265,0.0
1603.0549355493981,488.92778844726377,333.54693243356894,0.0,38.25215218749442,0.0,0.0,3.9950306963206987,0.0,0.0,0.0,63.03387202899337,6.829706644030023,0.0,0.0,27.723200944080265,0.0,5.62618654933321,0.0
1610.0854849048922,488.7632005950627,333.4480711660555,0.0,38.25191136254744,0.0,0.0,3.7155836634829145,0.0,0.0,0.0,63.03389826518603,7.144362164601749,0.0,0.0,27.917179910149095,0.0,5.626186549315838,0.0
1617.186339753941,488.5970134902111,333.34824915792086,0.0,38.25166829902971,0.0,0.0,3.433421242611421,0.0,0.0,0.0,63.03392474985837,7.4620751905287035,0.0,0.0,28.11304377191479,0.0,5.626186549298349,0.0
1624.3582031514802,488.4292120676549,333.2475276955324,0.0,38.251119686342186,0.0,0.0,3.1485195358449523,0.0,0.0,0.0,63.03398408187074,7.7828732086513,0.0,0.0,28.310809117808265,0.0,5.626186549280677,0.0
1631.6017851829952,488.25978113240916,333.1456857555827,0.0,38.25117451857054,0.0,0.0,2.8608483033197905,0.0,0.0,0.0,63.03397855262769,8.106789644495725,0.0,0.0,28.510496921549233,0.0,5.626186549262808,0.0
1638.917803034825,488.0887053528291,333.04292694018505,0.0,38.25092375919904,0.0,0.0,2.570385845649827,0.0,0.0,0.0,63.03400587509809,8.433848909760332,0.0,0.0,28.712122273193245,0.0,5.626186549244765,0.0
1646.3069810651734,487.9159692657558,332.93917157910386,0.0,38.25067027648073,0.0,0.0,2.277104353359929,0.0,0.0,0.0,63.03403348633502,8.764081934722132,0.0,0.0,28.91570445826034,0.0,5.6261865492264524,0.0
1653.770050875825,487.7415572646908,332.8344097490547,0.0,38.25041449230043,0.0,0.0,1.980977606994141,0.0,0.0,0.0,63.03406136076475,9.09751880110469,0.0,0.0,29.121261687395847,0.0,5.626186549208103,0.0
1661.3077513845833,487.5654536284362,332.7286339483029,0.0,38.25015556929082,0.0,0.0,1.6819811944057883,0.0,0.0,0.0,63.03408957361157,9.434187517281549,0.0,0.0,29.328810913070335,0.0,5.626186549189526,0.0
1668.9208288984291,487.3876424990629,332.6218267633266,0.0,38.24989403566572,0.0,0.0,1.380080832279315,0.0,0.0,0.0,63.03411807077606,9.77412584867812,0.0,0.0,29.53837591270911,0.0,5.626186549170741,0.0
1676.6100371874134,487.20810782321735,332.5139927257904,0.0,38.249629730968174,0.0,0.0,1.075260617292277,0.0,0.0,0.0,63.03414686862972,10.11735181040907,0.0,0.0,29.74996774082356,0.0,5.626186549151771,0.0
1684.3761375592876,487.02683351178155,332.40511038634924,0.0,38.24936264087418,0.0,0.0,0.7674841873741622,0.0,0.0,0.0,63.03417597049822,10.463906567717581,0.0,0.0,29.96361163228268,0.0,5.6261865491326075,0.0
1692.2198989348806,486.843803253621,332.29516452304284,0.0,38.249092714705974,0.0,0.0,0.45671964182111047,0.0,0.0,0.0,63.03420538318013,10.813826115994146,0.0,0.0,30.17932972776433,0.0,5.626186549113227,0.0
1700.1420979242293,486.65900054388686,332.18416130736887,0.0,38.24882005662269,0.0,0.0,0.14295139721668876,0.0,0.0,0.0,63.034235097197914,11.167127749326065,0.0,0.0,30.397132858105696,0.0,5.626186549093748,0.0
1708.1435189034714,486.47240886674166,332.28602606837563,0.0,38.24627847487342,0.0,0.0,0.0,0.0,0.0,0.0,63.03451784207023,11.331173679585794,0.0,0.0,30.496467433528863,0.0,5.626186549575289,0.0
1716.2249540925063,486.2864672528191,332.5629570402611,0.0,38.241810138970955,0.0,0.0,0.0,0.0,0.0,0.0,63.03501554089364,11.336730154740085,0.0,0.0,30.496656988166027,0.0,5.6261865504640065,0.0
1724.3872036334312,486.1033058708616,332.835901719028,0.0,38.237305669985254,0.0,0.0,0.0,0.0,0.0,0.0,63.035517347992986,11.34214868257181,0.0,0.0,30.496843569571347,0.0,5.626186551336866,0.0
1732.6310756697656,485.9230279179761,333.104697566576,0.0,38.232768595491656,0.0,0.0,0.0,0.0,0.0,0.0,63.03602287339238,11.347430242271097,0.0,0.0,30.49702708652067,0.0,5.626186552193448,0.0
1740.9573864264632,485.7457355697975,333.36918737739865,0.0,38.22820097625895,0.0,0.0,0.0,0.0,0.0,0.0,63.03653188060725,11.35257373415676,0.0,0.0,30.497207463114247,0.0,5.626186553033355,0.0
1749.3669602907278,485.5715296197749,333.62921758154516,0.0,38.2236081358653,0.0,0.0,0.0,0.0,0.0,0.0,63.03704377879636,11.357576848767348,0.0,0.0,30.49738461875025,0.0,5.626186553856179,0.0
1757.8606298936352,485.40050906237815,333.8846294421962,0.0,38.21899589814143,0.0,0.0,0.0,0.0,0.0,0.0,63.03755791880286,11.362441631957308,0.0,0.0,30.497558472549358,0.0,5.626186554661561,0.0
1766.4392361925716,485.2327706659292,334.1352759354658,0.0,38.214363074066476,0.0,0.0,0.0,0.0,0.0,0.0,63.038074420913134,11.3671662938859,0.0,0.0,30.49772894743674,0.0,5.6261865554491335,0.0
1775.1036285544974,485.0684085867571,334.3810083050369,0.0,38.20971861278761,0.0,0.0,0.0,0.0,0.0,0.0,63.03859229319566,11.371751002761803,0.0,0.0,30.497895965444965,0.0,5.626186556218562,0.0
1783.8546648400422,484.90751383154605,334.6216837010843,0.0,38.205066782156536,0.0,0.0,0.0,0.0,0.0,0.0,63.03911105569985,11.376195901089117,0.0,0.0,30.49805945038981,0.0,5.626186556969522,0.0
1792.6932114884428,484.7501738181926,334.85716442612664,0.0,38.20041269207347,0.0,0.0,0.0,0.0,0.0,0.0,63.03963013550228,11.380501208847349,0.0,0.0,30.49821932839103,0.0,5.626186557701718,0.0
1801.6201436033273,484.59647188011206,335.08731872383663,0.0,38.19576214909264,0.0,0.0,0.0,0.0,0.0,0.0,63.040148882565354,11.384667239375165,0.0,0.0,30.49837552796467,0.0,5.626186558414878,0.0
1810.6363450393605,484.4464867633346,335.3120226148854,0.0,38.19111968623204,0.0,0.0,0.0,0.0,0.0,0.0,63.0406667868666,11.38869404937445,0.0,0.0,30.498527981320183,0.0,5.62618655910875,0.0
1819.7427084897542,484.30029213233655,335.5311554627451,0.0,38.18649412077045,0.0,0.0,0.0,0.0,0.0,0.0,63.041182863884956,11.392583658670404,0.0,0.0,30.498676622320495,0.0,5.6261865597831235,0.0
1828.940135574652,484.15795603945924,335.7446111933669,0.0,38.181889469808475,0.0,0.0,0.0,0.0,0.0,0.0,63.04169666204151,11.39633538428021,0.0,0.0,30.498821391060254,0.0,5.626186560437794,0.0
1838.2295369303986,484.01954046292565,335.9522864890843,0.0,38.17731362416753,0.0,0.0,0.0,0.0,0.0,0.0,63.04220729582212,11.399951714037245,0.0,0.0,30.49896223167233,0.0,5.626186561072623,0.0
1847.6118322997024,483.8851007974915,336.1540941319989,0.0,38.17277227447611,0.0,0.0,0.0,0.0,0.0,0.0,63.04271413059373,11.403432127138773,0.0,0.0,30.49909909168877,0.0,5.626186561687455,0.0
1857.0879506226995,483.75468540822703,336.34995109759205,0.0,38.168272751039716,0.0,0.0,0.0,0.0,0.0,0.0,63.04321634117796,11.406779558593628,0.0,0.0,30.499231927385406,0.0,5.626186562282227,0.0
1866.6588301289266,483.6283351817987,336.5397895617222,0.0,38.16382165764752,0.0,0.0,0.0,0.0,0.0,0.0,63.043713188776,11.409995022024212,0.0,0.0,30.499360698959528,0.0,5.626186562856873,0.0
1876.325418430216,483.50608313089515,336.7235529895372,0.0,38.15942589515716,0.0,0.0,0.0,0.0,0.0,0.0,63.0442039005267,11.413079967682625,0.0,0.0,30.49948537329646,0.0,5.626186563411368,0.0
1886.0886726145181,483.3879540316569,336.9011962970302,0.0,38.15509228085208,0.0,0.0,0.0,0.0,0.0,0.0,63.044687711440396,11.416036556575472,0.0,0.0,30.499605925612244,0.0,5.626186563945736,0.0
1895.9495593406632,483.27396411136044,337.07268807396315,0.0,38.15082756210999,0.0,0.0,0.0,0.0,0.0,0.0,63.045163865364316,11.418866702345259,0.0,0.0,30.499722337660188,0.0,5.626186564460031,0.0
1905.90905493407,483.16412079233413,337.2380093581433,0.0,38.14663831375007,0.0,0.0,0.0,0.0,0.0,0.0,63.045631624304335,11.421572981410208,0.0,0.0,30.499834600121247,0.0,5.626186564954355,0.0
1915.9681454834106,483.0584224966599,337.39715764555,0.0,38.1425309437811,0.0,0.0,0.0,0.0,0.0,0.0,63.046090272596814,11.424156590349455,0.0,0.0,30.499942708796382,0.0,5.62618656542882,0.0
1926.1278269382447,482.9568585201518,337.5501393921487,0.0,38.138511770593915,0.0,0.0,0.0,0.0,0.0,0.0,63.04653909731439,11.426621569577879,0.0,0.0,30.50004667344086,0.0,5.626186565883626,0.0
1936.3891052076272,482.8594089722997,337.69698033149115,0.0,38.13458631817045,0.0,0.0,0.0,0.0,0.0,0.0,63.046977482763765,11.428969285273025,0.0,0.0,30.500146506946333,0.0,5.6261865663189585,0.0
1946.7529962597032,482.7660448010682,337.8377168720717,0.0,38.13076022876172,0.0,0.0,0.0,0.0,0.0,0.0,63.047404794398325,11.431203004452598,0.0,0.0,30.500242234360698,0.0,5.6261865667350754,0.0
1957.2205262223004,482.67672788455917,337.9724011084623,0.0,38.12703826388176,0.0,0.0,0.0,0.0,0.0,0.0,63.047820499382,11.433325209624078,0.0,0.0,30.500333887707356,0.0,5.626186567132258,0.0
1967.7927314845233,482.59141120828974,338.1010965742865,0.0,38.12342563180489,0.0,0.0,0.0,0.0,0.0,0.0,63.04822401067157,11.435339591834786,0.0,0.0,30.500421510180367,0.0,5.62618656751083,0.0
1978.4706587993685,482.51003911108967,338.2238824934697,0.0,38.11992606833514,0.0,0.0,0.0,0.0,0.0,0.0,63.0486149103872,11.43724878200257,0.0,0.0,30.500505151077363,0.0,5.626186567871139,0.0
1989.2553653873622,482.4325476168903,338.3408498765391,0.0,38.11654322364141,0.0,0.0,0.0,0.0,0.0,0.0,63.048992788259284,11.439056016467394,0.0,0.0,30.500584869235645,0.0,5.626186568213568,0.0
2000.147919041236,482.358864829249,338.45210221833247,0.0,38.11328009352791,0.0,0.0,0.0,0.0,0.0,0.0,63.04935730776322,11.44076450194779,0.0,0.0,30.50066073125574,0.0,5.6261865685385315,0.0
2011.1493982316483,482.2889113951155,338.55775449355,0.0,38.11013915090907,0.0,0.0,0.0,0.0,0.0,0.0,63.04970819057251,11.442377552913403,0.0,0.0,30.500732811738516,0.0,5.626186568846469,0.0
2022.2608922139648,482.2226010272797,338.65793248568895,0.0,38.10712227393104,0.0,0.0,0.0,0.0,0.0,0.0,63.050045225037124,11.443898530132435,0.0,0.0,30.50080119242359,0.0,5.626186569137844,0.0
2033.4835011361045,482.1598410794243,338.75277121714504,0.0,38.10423138261338,0.0,0.0,0.0,0.0,0.0,0.0,63.05036819335665,11.445331126364662,0.0,0.0,30.500865962576565,0.0,5.62618656941314,0.0
2044.8183361474655,482.10053316235883,338.8424175639886,0.0,38.10146525759626,0.0,0.0,0.0,0.0,0.0,0.0,63.05067723495397,11.446677845861666,0.0,0.0,30.50092721477303,0.0,5.6261865696728695,0.0
2056.2665195089403,482.0445738070642,338.9270216597686,0.0,38.09882641251857,0.0,0.0,0.0,0.0,0.0,0.0,63.05097206166632,11.4479432179698,0.0,0.0,30.500985051947193,0.0,5.6261865699175475,0.0
2067.8291847040296,481.9918551266744,339.0067456529471,0.0,38.096312173717266,0.0,0.0,0.0,0.0,0.0,0.0,63.051252976701356,11.449129651141709,0.0,0.0,30.501039576892527,0.0,5.626186570147716,0.0
2079.50747655107,481.94226552777315,339.08175342981593,0.0,38.09392271195248,0.0,0.0,0.0,0.0,0.0,0.0,63.05151995447538,11.450241364521071,0.0,0.0,30.50109090121736,0.0,5.626186570363918,0.0
2091.302551316581,481.89569039682146,339.1522159261105,0.0,38.09165716889522,0.0,0.0,0.0,0.0,0.0,0.0,63.05177309268709,11.451281446798138,0.0,0.0,30.501139136880557,0.0,5.626186570566701,0.0
2103.215576829746,481.85201280153336,339.2183076267048,0.0,38.08951291432121,0.0,0.0,0.0,0.0,0.0,0.0,63.05201268368645,11.452253244312285,0.0,0.0,30.50118439992248,0.0,5.626186570756628,0.0
2115.247732598044,481.8111141772641,339.28020567023395,0.0,38.08748743263003,0.0,0.0,0.0,0.0,0.0,0.0,63.052239007815785,11.453160038053076,0.0,0.0,30.501226808325782,0.0,5.62618657093426,0.0
2127.4002099240247,481.7728749900204,339.3380885104181,0.0,38.08557855442425,0.0,0.0,0.0,0.0,0.0,0.0,63.05245230625558,11.45400518374071,0.0,0.0,30.50126648165843,0.0,5.626186571100152,0.0
2139.6742120232648,481.7371753719067,339.39213607086094,0.0,38.0837824505136,0.0,0.0,0.0,0.0,0.0,0.0,63.0526530066459,11.45479174740175,0.0,0.0,30.501303540073405,0.0,5.626186571254863,0.0
2152.0709541434976,481.70389572780823,339.44252747737517,0.0,38.082096116287765,0.0,0.0,0.0,0.0,0.0,0.0,63.05284144393564,11.455522912593207,0.0,0.0,30.5013381039744,0.0,5.626186571398943,0.0
2164.5916636849324,481.67291729785273,339.48944109388344,0.0,38.080515757357944,0.0,0.0,0.0,0.0,0.0,0.0,63.05301804153432,11.456201692550458,0.0,0.0,30.501370293362303,0.0,5.626186571532936,0.0
2177.237580321782,481.644122680897,339.53305274627024,0.0,38.07903911740679,0.0,0.0,0.0,0.0,0.0,0.0,63.0531830508563,11.45683116191264,0.0,0.0,30.501400227254162,0.0,5.626186571657365,0.0
2190.009956125,481.6173963084384,339.573537418869,0.0,38.07765901403343,0.0,0.0,0.0,0.0,0.0,0.0,63.0533372745325,11.457413948688243,0.0,0.0,30.501428022778104,0.0,5.626186571772769,0.0
2202.91005568625,481.5926248809377,339.6110650801564,0.0,38.07637285819785,0.0,0.0,0.0,0.0,0.0,0.0,63.05348100122441,11.457952938553307,0.0,0.0,30.501453795464794,0.0,5.6261865718796535,0.0
2215.9391562431124,481.56969774002494,339.6458023604575,0.0,38.075176610881016,0.0,0.0,0.0,0.0,0.0,0.0,63.053614681986524,11.458450809518235,0.0,0.0,30.501477658238574,0.0,5.626186571978507,0.0
2229.0985478055436,481.54850720195753,339.6779117746428,0.0,38.07406545486394,0.0,0.0,0.0,0.0,0.0,0.0,63.053738855017365,11.458910089368992,0.0,0.0,30.501499721197835,0.0,5.626186572069817,0.0
2242.389533283599,481.5289488413125,339.7075506749618,0.0,38.07303551153241,0.0,0.0,0.0,0.0,0.0,0.0,63.0538539532989,11.459333270088115,0.0,0.0,30.50152009141684,0.0,5.626186572154044,0.0
2255.813428616435,481.51092172518565,339.73487142081194,0.0,38.072082409682935,0.0,0.0,0.0,0.0,0.0,0.0,63.05396046520185,11.459722697692408,0.0,0.0,30.501538872494336,0.0,5.62618657223163,0.0
2269.371562902599,481.4943286043868,339.7600207872323,0.0,38.07120208011438,0.0,0.0,0.0,0.0,0.0,0.0,63.05405884513147,11.460080632807514,0.0,0.0,30.50155616447636,0.0,5.626186572303006,0.0
2283.065278531625,481.47907606065064,339.7831400486046,0.0,38.07038988712245,0.0,0.0,0.0,0.0,0.0,0.0,63.054149611250374,11.460409189579638,0.0,0.0,30.501572063509187,0.0,5.626186572368585,0.0
2296.895931316941,481.46507461484316,339.8043643901315,0.0,38.0696418376488,0.0,0.0,0.0,0.0,0.0,0.0,63.05423320960245,11.460710412715432,0.0,0.0,30.501586661895942,0.0,5.62618657242876,0.0
2310.864890630111,481.452238796509,339.823822945462,0.0,38.06895418618254,0.0,0.0,0.0,0.0,0.0,0.0,63.05431005851213,11.460986247601435,0.0,0.0,30.5016000479315,0.0,5.6261865724839035,0.0
2324.973539536412,481.440487180048,339.8416388574694,0.0,38.06832305880141,0.0,0.0,0.0,0.0,0.0,0.0,63.05438059078794,11.461238523168072,0.0,0.0,30.50161230580322,0.0,5.626186572534367,0.0
2339.223274931776,481.4297423904688,339.8579292530453,0.0,38.06774448524639,0.0,0.0,0.0,0.0,0.0,0.0,63.054445250219906,11.461468956110743,0.0,0.0,30.50162351555264,0.0,5.626186572580494,0.0
2353.6155076810937,481.41993108147693,339.8728050789888,0.0,38.06721499648602,0.0,0.0,0.0,0.0,0.0,0.0,63.05450442433639,11.461679183503628,0.0,0.0,30.501633753183427,0.0,5.626186572622601,0.0
2368.1516627579044,481.4109838887074,339.8863713219212,0.0,38.06673115602323,0.0,0.0,0.0,0.0,0.0,0.0,63.054558497128546,11.461870740498417,0.0,0.0,30.501643090617858,0.0,5.626186572660987,0.0
2382.8331793854836,481.4028353621564,339.8987270913317,0.0,38.06628958246208,0.0,0.0,0.0,0.0,0.0,0.0,63.05460784665307,11.46204506885229,0.0,0.0,30.501651595701134,0.0,5.62618657269594,0.0
2397.661511179339,481.3954238804421,339.909965643797,0.0,38.0658873607876,0.0,0.0,0.0,0.0,0.0,0.0,63.05465279821748,11.462203523269558,0.0,0.0,30.5016593325716,0.0,5.626186572727722,0.0
2412.638126291132,481.38869154910213,339.9201746592393,0.0,38.06552158939865,0.0,0.0,0.0,0.0,0.0,0.0,63.054693675612036,11.462347364203788,0.0,0.0,30.501666361554264,0.0,5.626186572756579,0.0
2427.7645075540436,481.3825840866614,339.9294364108633,0.0,38.06518915858468,0.0,0.0,0.0,0.0,0.0,0.0,63.05473082766711,11.462477786623284,0.0,0.0,30.501672738609454,0.0,5.626186572782759,0.0
2443.0421526295836,481.37705070086537,339.93782782045537,0.0,38.06488759151343,0.0,0.0,0.0,0.0,0.0,0.0,63.05476453050349,11.462595890313214,0.0,0.0,30.501678516819187,0.0,5.626186572806473,0.0
2458.4725741558796,481.37204395541863,339.945420759896,0.0,38.06461441736495,0.0,0.0,0.0,0.0,0.0,0.0,63.05479506022787,11.462702704847919,0.0,0.0,30.501683745558957,0.0,5.626186572827927,0.0
2474.057299897438,481.3675196317398,339.95228223888233,0.0,38.06436730163104,0.0,0.0,0.0,0.0,0.0,0.0,63.054822677742344,11.462799187290091,0.0,0.0,30.501688470869443,0.0,5.6261865728473115,0.0
2489.797872896412,481.3634365863345,339.9584746090337,0.0,38.06414407792109,0.0,0.0,0.0,0.0,0.0,0.0,63.05484762513848,11.462886226837728,0.0,0.0,30.501692735612217,0.0,5.6261865728648015,0.0
2505.6958516253762,481.3597566054649,339.9640557892608,0.0,38.06394271888662,0.0,0.0,0.0,0.0,0.0,0.0,63.05487012898,11.462964647701114,0.0,0.0,30.50169657960946,0.0,5.626186572880564,0.0
2521.75281014163,481.35644425883606,339.9690794521655,0.0,38.06376145480965,0.0,0.0,0.0,0.0,0.0,0.0,63.054890386857544,11.463035215830846,0.0,0.0,30.50170003983742,0.0,5.626186572894746,0.0
2537.9703382430466,481.35346675328793,339.97359537414525,0.0,38.06359829535877,0.0,0.0,0.0,0.0,0.0,0.0,63.05490862156719,11.46309863015447,0.0,0.0,30.50170315040448,0.0,5.626186572907499,0.0
2554.3500416254774,481.3507937880812,339.977649458987,0.0,38.06345173307264,0.0,0.0,0.0,0.0,0.0,0.0,63.05492500139423,11.46315554445587,0.0,0.0,30.50170594295716,0.0,5.626186572918945,0.0
2570.893542041732,481.34839741178985,339.9812840842069,0.0,38.06332026338211,0.0,0.0,0.0,0.0,0.0,0.0,63.054939694484226,11.46320655822409,0.0,0.0,30.501708446655734,0.0,5.626186572929205,0.0
2587.602477462149,481.3462518825895,339.9845382795369,0.0,38.06320249691359,0.0,0.0,0.0,0.0,0.0,0.0,63.05495285610944,11.46325222296672,0.0,0.0,30.501710688360596,0.0,5.626186572938391,0.0
2604.478502236771,481.3443335319965,339.9874479329129,0.0,38.063097153087234,0.0,0.0,0.0,0.0,0.0,0.0,63.05496462938451,11.463293045297052,0.0,0.0,30.501712692773605,0.0,5.626186572946603,0.0
2621.5232872591387,481.3426206328353,339.99004599020697,0.0,38.06300305383335,0.0,0.0,0.0,0.0,0.0,0.0,63.05497514596812,11.463329489878731,0.0,0.0,30.501714482574094,0.0,5.6261865729539355,0.0
2638.7385201317297,481.34109327168636,339.9923626482132,0.0,38.062919117343824,0.0,0.0,0.0,0.0,0.0,0.0,63.054984526761366,11.463361982270783,0.0,0.0,30.5017160785515,0.0,5.626186572960474,0.0
2656.1259053330473,481.33973322631954,339.994425540202,0.0,38.0628443520089,0.0,0.0,0.0,0.0,0.0,0.0,63.05499288258534,11.463390911623422,0.0,0.0,30.501717499731853,0.0,5.626186572966295,0.0
2673.687164386378,481.3385238482112,339.99625991376485,0.0,38.06277785046858,0.0,0.0,0.0,0.0,0.0,0.0,63.05500031484569,11.46341663327538,0.0,0.0,30.501718763500474,0.0,5.626186572971473,0.0
2691.4240360302415,481.3374499504288,339.99788880064045,0.0,38.062718783921234,0.0,0.0,0.0,0.0,0.0,0.0,63.05500691616867,11.463439471193597,0.0,0.0,30.50171988571783,0.0,5.62618657297607,0.0
2709.338276390544,481.33649770088647,339.99933317839657,0.0,38.06266639660144,0.0,0.0,0.0,0.0,0.0,0.0,63.055012771018234,11.463459720306698,0.0,0.0,30.501720880830838,0.0,5.626186572980146,0.0
2727.4316591544493,481.3356545210342,340.0006121239233,0.0,38.06262000050688,0.0,0.0,0.0,0.0,0.0,0.0,63.05501795628534,11.463477648705542,0.0,0.0,30.501721761978356,0.0,5.6261865729837535,0.0
2745.705975745994,481.3349089900779,340.00174295857715,0.0,38.06257897038766,0.0,0.0,0.0,0.0,0.0,0.0,63.05502254184782,11.463493499713753,0.0,0.0,30.501722541090615,0.0,5.626186572986945,0.0
2764.1630355034536,481.3342507544811,340.002741385326,0.0,38.062542738956104,0.0,0.0,0.0,0.0,0.0,0.0,63.05502659110581,11.463507493845794,0.0,0.0,30.501723228983728,0.0,5.626186572989761,0.0
2782.804665858488,481.33367044284887,340.0036216177525,0.0,38.06251079235091,0.0,0.0,0.0,0.0,0.0,0.0,63.05503016148849,11.463519830646348,0.0,0.0,30.501723835448562,0.0,5.626186572992245,0.0
2801.632712517073,481.3331595860305,340.0043965012007,0.0,38.062482665920015,0.0,0.0,0.0,0.0,0.0,0.0,63.05503330492554,11.463530690393391,0.0,0.0,30.501724369333356,0.0,5.626186572994431,0.0
2820.6490396422437,481.3327105421755,340.00507762634226,0.0,38.062457940126464,0.0,0.0,0.0,0.0,0.0,0.0,63.05503606830457,11.463540235729505,0.0,0.0,30.501724838622877,0.0,5.626186572996352,0.0
2839.8555300386656,481.33231642679755,340.0056754352603,0.0,38.06243623686675,0.0,0.0,0.0,0.0,0.0,0.0,63.05503849388261,11.463548613138475,0.0,0.0,30.501725250510223,0.0,5.626186572998039,0.0
2859.2540853390524,481.3319710474443,340.00619932045043,0.0,38.0624172158628,0.0,0.0,0.0,0.0,0.0,0.0,63.0550406196894,11.463555954368552,0.0,0.0,30.501725611466306,0.0,5.626186572999517,0.0
2878.8466261924427,481.33166884306104,340.0066577168137,0.0,38.06240057143993,0.0,0.0,0.0,0.0,0.0,0.0,63.05504247988727,11.463562377708527,0.0,0.0,30.50172592730196,0.0,5.626186573000811,0.0
2898.635092454367,481.3314048275157,340.00705818725856,0.0,38.06238602942217,0.0,0.0,0.0,0.0,0.0,0.0,63.055044105118334,11.463567989209517,0.0,0.0,30.501726203227634,0.0,5.626186573001941,0.0
2918.621443378911,481.33117453737356,340.0074075019276,0.0,38.062373344323355,0.0,0.0,0.0,0.0,0.0,0.0,63.055045522818325,11.463572883788345,0.0,0.0,30.50172644390742,0.0,5.626186573002927,0.0
2938.8076578127,481.33097398355414,340.00771171147244,0.0,38.06236229665711,0.0,0.0,0.0,0.0,0.0,0.0,63.055046757517275,11.463577146275936,0.0,0.0,30.501726653510296,0.0,5.626186573003784,0.0
2959.195734390827,481.33079960677367,340.00797621467655,0.0,38.062352690583545,0.0,0.0,0.0,0.0,0.0,0.0,63.05504783110233,11.46358085234554,0.0,0.0,30.50172683575551,0.0,5.62618657300453,0.0
2979.7876917347357,481.3306482364018,340.0082058208167,0.0,38.06234435159445,0.0,0.0,0.0,0.0,0.0,0.0,63.05504876307675,11.463584069406545,0.0,0.0,30.501726993956527,0.0,5.626186573005178,0.0
3000.585568652083,481.33051705273704,340.0084048068769,0.0,38.062337124459255,0.0,0.0,0.0,0.0,0.0,0.0,63.055049570789215,11.463586857409423,0.0,0.0,30.501727131060363,0.0,5.626186573005739,0.0
3021.591424338604,481.3304035523844,340.00857697009087,0.0,38.0623308713627,0.0,0.0,0.0,0.0,0.0,0.0,63.0550502696421,11.463589269567299,0.0,0.0,30.501727249683036,0.0,5.626186573006224,0.0
3042.8073385819903,481.330305516458,340.0087256761317,0.0,38.06232547012496,0.0,0.0,0.0,0.0,0.0,0.0,63.05505087329032,11.463591353050548,0.0,0.0,30.501727352143604,0.0,5.6261865730066445,0.0
3064.2354119678103,481.3302209816704,340.0088539029872,0.0,38.06232081262406,0.0,0.0,0.0,0.0,0.0,0.0,63.055051393817706,11.463593149591937,0.0,0.0,30.50172744049392,0.0,5.626186573007006,0.0
3085.8777660874885,481.33014821384444,340.0089642811363,0.0,38.062316803371196,0.0,0.0,0.0,0.0,0.0,0.0,63.055051841896216,11.463594696047334,0.0,0.0,30.501727516546136,0.0,5.626186573007318,0.0
3107.736543748363,481.330085683809,340.00905913008125,0.0,38.062313358129984,0.0,0.0,0.0,0.0,0.0,0.0,63.05505222694022,11.463596024923545,0.0,0.0,30.501727581898614,0.0,5.626186573007585,0.0
3129.813909185847,481.3300320455895,340.00914049146434,0.0,38.06231040277059,0.0,0.0,0.0,0.0,0.0,0.0,63.055052557234426,11.463597164825243,0.0,0.0,30.501727637957895,0.0,5.626186573007815,0.0
3152.1120482777055,481.32998611647196,340.0092101592731,0.0,38.06230787213575,0.0,0.0,0.0,0.0,0.0,0.0,63.05505284006098,11.463598140892811,0.0,0.0,30.501727685960226,0.0,5.626186573008011,0.0
3174.6331687604825,481.32994685919397,340.00926970688016,0.0,38.06230570908996,0.0,0.0,0.0,0.0,0.0,0.0,63.05505308180539,11.463598975170106,0.0,0.0,30.501727726989607,0.0,5.626186573008179,0.0
3197.379500448087,481.3299133655779,340.00932051185646,0.0,38.062303863605045,0.0,0.0,0.0,0.0,0.0,0.0,63.05505328805883,11.46359968695796,0.0,0.0,30.501727761995117,0.0,5.626186573008323,0.0
3220.3532954525685,481.32988484198927,340.00936377802583,0.0,38.06230229195492,0.0,0.0,0.0,0.0,0.0,0.0,63.055053463708205,11.463600293123662,0.0,0.0,30.501727791806275,0.0,5.626186573008445,0.0
3243.556828407094,481.3298605961404,340.00940055548296,0.0,38.06230095599813,0.0,0.0,0.0,0.0,0.0,0.0,63.05505361301622,11.463600808381553,0.0,0.0,30.50172781714667,0.0,5.626186573008548,0.0
3266.992396691165,481.32984002531765,340.0094317584614,0.0,38.062299822533824,0.0,0.0,0.0,0.0,0.0,0.0,63.055053739693456,11.4636012455381,0.0,0.0,30.50172783864608,0.0,5.626186573008637,0.0
3290.6623206580766,481.3298226057278,340.00945818147767,0.0,38.062298862703834,0.0,0.0,0.0,0.0,0.0,0.0,63.05505384696511,11.463601615724901,0.0,0.0,30.501727856851957,0.0,5.62618657300871,0.0
3314.5689438646577,481.3298078830537,340.0094805136584,0.0,38.06229805146916,0.0,0.0,0.0,0.0,0.0,0.0,63.05505393762959,11.463601928600191,0.0,0.0,30.501727872239243,0.0,5.626186573008774,0.0
3338.7146333033043,481.3297954640575,340.00949935149185,0.0,38.06229736716677,0.0,0.0,0.0,0.0,0.0,0.0,63.05505401410799,11.463602192519245,0.0,0.0,30.501727885218887,0.0,5.626186573008828,0.0
3363.1017796363376,481.3297850089539,340.00951521038303,0.0,38.06229679107625,0.0,0.0,0.0,0.0,0.0,0.0,63.055054078492525,11.463602414702857,0.0,0.0,30.50172789614598,0.0,5.626186573008873,0.0
3387.7327974327004,481.3297762247777,340.00952853472177,0.0,38.062296307060016,0.0,0.0,0.0,0.0,0.0,0.0,63.05505413258673,11.463602601375454,0.0,0.0,30.501727905326618,0.0,5.62618657300891,0.0
3412.6101254070277,481.32976885937154,340.0095397069857,0.0,38.062295901214014,0.0,0.0,0.0,0.0,0.0,0.0,63.055054177944534,11.463602757899421,0.0,0.0,30.501727913024553,0.0,5.626186573008941,0.0
3437.736226661098,481.3297626962429,340.00954905556415,0.0,38.06229556160903,0.0,0.0,0.0,0.0,0.0,0.0,63.055054215899155,11.463602888874844,0.0,0.0,30.501727919466003,0.0,5.626186573008968,0.0
3463.113588927709,481.3297575498241,340.0095568619419,0.0,38.062295278030426,0.0,0.0,0.0,0.0,0.0,0.0,63.0550542475922,11.463602998243172,0.0,0.0,30.5017279248448,0.0,5.626186573008989,0.0
3488.744724816986,481.3297532613872,340.00956336689154,0.0,38.06229504173506,0.0,0.0,0.0,0.0,0.0,0.0,63.055054274000845,11.463603089375036,0.0,0.0,30.501727929326716,0.0,5.626186573009008,0.0
3514.632172065156,481.32974969546274,340.00956877588845,0.0,38.06229484524771,0.0,0.0,0.0,0.0,0.0,0.0,63.055054295960495,11.463603165154568,0.0,0.0,30.5017279330536,0.0,5.626186573009023,0.0
3540.7784937858073,481.32974673667934,340.0095732639353,0.0,38.0622946822097,0.0,0.0,0.0,0.0,0.0,0.0,63.0550543141818,11.463603228033728,0.0,0.0,30.501727936146043,0.0,5.626186573009036,0.0
3567.1862787236655,481.32974428704017,340.0095769796911,0.0,38.0622945472338,0.0,0.0,0.0,0.0,0.0,0.0,63.05505432926687,11.463603280089654,0.0,0.0,30.501727938706185,0.0,5.626186573009046,0.0
3593.8581415109024,481.32974226335784,340.00958004932306,0.0,38.06229443572076,0.0,0.0,0.0,0.0,0.0,0.0,63.05505434172968,11.463603323096955,0.0,0.0,30.501727940821315,0.0,5.626186573009055,0.0
3620.796722926011,481.32974059530926,340.00958257951663,0.0,38.06229434381056,0.0,0.0,0.0,0.0,0.0,0.0,63.05505435200167,11.463603358543732,0.0,0.0,30.50172794256461,0.0,5.626186573009062,0.0
3648.0046901552714,481.329739223473,340.0095846603975,0.0,38.06229426822173,0.0,0.0,0.0,0.0,0.0,0.0,63.05505436044958,11.46360338769599,0.0,0.0,30.50172794399834,0.0,5.626186573009068,0.0
3675.4847370568236,481.3297380978309,340.00958636783605,0.0,38.0622942061992,0.0,0.0,0.0,0.0,0.0,0.0,63.055054367381295,11.463603411616582,0.0,0.0,30.501727945174768,0.0,5.626186573009074,0.0
3703.239584427392,481.3297371763282,340.00958776561936,0.0,38.062294155416566,0.0,0.0,0.0,0.0,0.0,0.0,63.0550543730568,11.463603431201715,0.0,0.0,30.50172794613798,0.0,5.626186573009076,0.0
3731.271980271666,481.3297364237217,340.0095889072192,0.0,38.06229411394991,0.0,0.0,0.0,0.0,0.0,0.0,63.05505437769118,11.463603447193986,0.0,0.0,30.501727946924493,0.0,5.626186573009081,0.0
3759.5847000743825,481.3297358104831,340.00958986982283,0.0,38.06229395468091,0.0,0.0,0.0,0.0,0.0,0.0,63.05505439568206,11.463603458001689,0.0,0.0,30.501727947524635,0.0,5.626186573009085,0.0
3788.1805470751265,481.3297353121784,340.0095905932726,0.0,38.062294052704395,0.0,0.0,0.0,0.0,0.0,0.0,63.05505438453603,11.46360347081473,0.0,0.0,30.501727948086177,0.0,5.626186573009084,0.0
3817.0623525458773,481.3297349079542,340.00959120642216,0.0,38.0622940304291,0.0,0.0,0.0,0.0,0.0,0.0,63.05505438702555,11.463603479405231,0.0,0.0,30.501727948508666,0.0,5.626186573009086,0.0
3846.2329760713365,481.3297345809865,340.009591702382,0.0,38.06229401240876,0.0,0.0,0.0,0.0,0.0,0.0,63.055054389039505,11.463603486355273,0.0,0.0,30.501727948850473,0.0,5.626186573009089,0.0
3875.69530583205,481.3297343171771,340.00959210254643,0.0,38.062293997875415,0.0,0.0,0.0,0.0,0.0,0.0,63.05505439066378,11.463603491959894,0.0,0.0,30.501727949126117,0.0,5.62618657300909,0.0
3905.4522588903706,481.3297341048525,340.00959242461073,0.0,38.06229398617404,0.0,0.0,0.0,0.0,0.0,0.0,63.055054391971545,11.463603496473011,0.0,0.0,30.50172794934807,0.0,5.6261865730090905,0.0
3935.506781479274,481.32973393440767,340.0095926831508,0.0,38.06229397678148,0.0,0.0,0.0,0.0,0.0,0.0,63.05505439302125,11.463603500095276,0.0,0.0,30.501727949526217,0.0,5.626186573009091,0.0
3965.861849294067,481.3297337979194,340.00959289018743,0.0,38.062293969265895,0.0,0.0,0.0,0.0,0.0,0.0,63.05505439386123,11.463603502994172,0.0,0.0,30.50172794966877,0.0,5.626186573009091,0.0
3996.5204677870074,481.3297336889114,340.0095930555351,0.0,38.06229396325464,0.0,0.0,0.0,0.0,0.0,0.0,63.05505439453304,11.463603505311683,0.0,0.0,30.50172794978276,0.0,5.626186573009092,0.0
4027.485672464877,481.3297336020793,340.0095931872422,0.0,38.06229395846543,0.0,0.0,0.0,0.0,0.0,0.0,63.05505439506828,11.463603507159034,0.0,0.0,30.501727949873622,0.0,5.626186573009092,0.0
4058.760529189526,481.3297335331307,340.0095932918294,0.0,38.06229395467014,0.0,0.0,0.0,0.0,0.0,0.0,63.055054395492434,11.463603508623219,0.0,0.0,30.50172794994563,0.0,5.626186573009092,0.0
4090.3481344814213,481.3297334785055,340.009593374688,0.0,38.062293951659335,0.0,0.0,0.0,0.0,0.0,0.0,63.05505439582896,11.463603509784063,0.0,0.0,30.501727950002717,0.0,5.626186573009093,0.0
4122.251615826236,481.329733435337,340.00959344017133,0.0,38.06229394928474,0.0,0.0,0.0,0.0,0.0,0.0,63.05505439609433,11.46360351070013,0.0,0.0,30.50172795004776,0.0,5.626186573009093,0.0
4154.474131984499,481.3297334013198,340.00959349176895,0.0,38.06229394740833,0.0,0.0,0.0,0.0,0.0,0.0,63.05505439630406,11.463603511423717,0.0,0.0,30.50172795008335,0.0,5.626186573009093,0.0
4187.018873304343,481.32973337459646,340.00959353230166,0.0,38.06229394593206,0.0,0.0,0.0,0.0,0.0,0.0,63.05505439646903,11.463603511992941,0.0,0.0,30.501727950111356,0.0,5.626186573009093,0.0
4219.889062037387,481.32973335367825,340.00959356403456,0.0,38.062293944781,0.0,0.0,0.0,0.0,0.0,0.0,63.05505439659767,11.463603512436539,0.0,0.0,30.501727950133173,0.0,5.626186573009093,0.0
4253.087952657761,481.32973333734077,340.0095935888175,0.0,38.06229394388369,0.0,0.0,0.0,0.0,0.0,0.0,63.05505439669795,11.463603512782798,0.0,0.0,30.501727950150197,0.0,5.626186573009094,0.0
4286.618832184338,481.32973332459846,340.0095936081441,0.0,38.062293943180364,0.0,0.0,0.0,0.0,0.0,0.0,63.05505439677655,11.463603513054236,0.0,0.0,30.501727950163552,0.0,5.626186573009094,0.0
4320.485020506182,481.32973331470436,340.00959362315433,0.0,38.06229394263675,0.0,0.0,0.0,0.0,0.0,0.0,63.05505439683732,11.463603513263534,0.0,0.0,30.50172795017384,0.0,5.626186573009094,0.0
4354.689870711243,481.3297333070359,340.00959363478415,0.0,38.062293942212335,0.0,0.0,0.0,0.0,0.0,0.0,63.055054396884756,11.463603513427561,0.0,0.0,30.501727950181902,0.0,5.626186573009094,0.0
4389.236769418356,481.32973330114527,340.0095936437191,0.0,38.06229394188817,0.0,0.0,0.0,0.0,0.0,0.0,63.055054396920966,11.463603513552634,0.0,0.0,30.501727950188062,0.0,5.626186573009094,0.0
4424.12913711254,481.32973329661394,340.00959365059106,0.0,38.062293941635794,0.0,0.0,0.0,0.0,0.0,0.0,63.05505439694917,11.463603513649756,0.0,0.0,30.501727950192837,0.0,5.626186573009094,0.0
4459.370428483665,481.3297332931352,340.00959365586596,0.0,38.06229394144287,0.0,0.0,0.0,0.0,0.0,0.0,63.055054396970746,11.463603513724518,0.0,0.0,30.501727950196507,0.0,5.626186573009094,0.0
4494.964132768502,481.32973329049867,340.00959365986824,0.0,38.06229394129953,0.0,0.0,0.0,0.0,0.0,0.0,63.05505439698676,11.46360351377932,0.0,0.0,30.501727950199204,0.0,5.626186573009094,0.0
4530.913774096188,481.32973328846714,340.00959366294836,0.0,38.06229394118755,0.0,0.0,0.0,0.0,0.0,0.0,63.055054396999275,11.46360351382284,0.0,0.0,30.50172795020135,0.0,5.626186573009094,0.0
4567.222911837149,481.3297332869313,340.0095936652769,0.0,38.062293941101835,0.0,0.0,0.0,0.0,0.0,0.0,63.05505439700887,11.463603513856045,0.0,0.0,30.501727950202984,0.0,5.626186573009094,0.0
4603.89514095552,481.32973328576566,340.0095936670474,0.0,38.06229394103931,0.0,0.0,0.0,0.0,0.0,0.0,63.05505439701585,11.463603513879804,0.0,0.0,30.50172795020415,0.0,5.626186573009094,0.0
4640.934092365075,481.3297332848761,340.00959366840414,0.0,38.062293940999986,0.0,0.0,0.0,0.0,0.0,0.0,63.05505439702025,11.463603513895263,0.0,0.0,30.50172795020491,0.0,5.626186573009094,0.0
4678.3434332887255,481.3297332841497,340.0095936695029,0.0,38.06229394095687,0.0,0.0,0.0,0.0,0.0,0.0,63.05505439702507,11.463603513912014,0.0,0.0,30.501727950205733,0.0,5.626186573009094,0.0
4716.126867621613,481.32973328363056,340.0095936702879,0.0,38.06229394092504,0.0,0.0,0.0,0.0,0.0,0.0,63.05505439702861,11.463603513924246,0.0,0.0,30.50172795020633,0.0,5.626186573009094,0.0
4754.28813629783,481.32973328325704,340.0095936708563,0.0,38.06229394090651,0.0,0.0,0.0,0.0,0.0,0.0,63.05505439703069,11.463603513931357,0.0,0.0,30.50172795020669,0.0,5.626186573009094,0.0
4792.831017660807,481.329733282973,340.0095936712859,0.0,38.062293940888,0.0,0.0,0.0,0.0,0.0,0.0,63.05505439703276,11.463603513938207,0.0,0.0,30.501727950207016,0.0,5.626186573009094,0.0
4831.759327837416,481.32973328275614,340.0095936716124,0.0,38.062293940874504,0.0,0.0,0.0,0.0,0.0,0.0,63.05505439703427,11.463603513943688,0.0,0.0,30.501727950207297,0.0,5.626186573009094,0.0
4871.076921115791,481.32973328262085,340.00959367182224,0.0,38.0622939408712,0.0,0.0,0.0,0.0,0.0,0.0,63.05505439703463,11.463603513944705,0.0,0.0,30.50172795020734,0.0,5.626186573009094,0.0
4910.787690326949,481.3297332825215,340.0095936719686,0.0,38.062293940861274,0.0,0.0,0.0,0.0,0.0,0.0,63.055054397035754,11.463603513948545,0.0,0.0,30.501727950207528,0.0,5.626186573009094,0.0
4950.895567230219,481.3297332824558,340.00959367207395,0.0,38.06229394086537,0.0,0.0,0.0,0.0,0.0,0.0,63.0550543970353,11.463603513947485,0.0,0.0,30.501727950207474,0.0,5.626186573009094,0.0
4991.4045229025205,481.3297332823704,340.0095936722018,0.0,38.062293940858005,0.0,0.0,0.0,0.0,0.0,0.0,63.05505439703611,11.463603513950044,0.0,0.0,30.50172795020759,0.0,5.626186573009094,0.0
